BOOK_CODE,TITLE,TITLE_RECOVERY_STATUS,PUBLISHING_DATE,ISBN,CALL_NUM,BOOK_TYPE,LANG_CODE,EDITION_STATEMENT,EXTENT,DIMENSION,GENERAL_NOTE,AUTHORS_EDITORS,EDITOR_CODES,UNRESOLVED_EDITOR_CODES,PUBLISHERS,PUBLISHER_CODES,UNRESOLVED_PUBLISHER_CODES,SUBJECTS,SUBJECT_CODES,UNRESOLVED_SUBJECT_CODES,RECOVERED_COPY_COUNT,COPY_GENERAL_CODES,COPY_STATUSES,COPY_CLASSIFICATION_OTHER_NUMBER,COPY_GENERAL_NUMBERS,DELETED_COPY_COUNT,ALTERNATE_TITLES,SERIAL_NUMBERS,MASTER_SOURCE_DB,SOURCE_EVIDENCE,RECOVERY_STATUS
1,تانا,Recovered from BOOK table,,,2425,B,1,,,,,,,,,,,,,,1,1/1/1,A,,,0,,,digi1.DB,digi1.DB:BOOK | digi1.DB:BOOK_OTHER_TITLES | digi1.DB:COPIES_VOLUMES,MASTER_RECORD_RECOVERED
2,التمويل المعاصر = contemporary finance,Recovered from BOOK table,2009,,336.014 / ف.ت,B,1,1,559 ص,24*17 سم,,فريد النجار,1,,الدار الجامعية,1,,التمويل | التمويل الدولى | القوائم المالية | الشركات المساهمة | التحليل المالى | العقارات - تمويل | دراسة الجدوى,1 | 2 | 3 | 4 | 5 | 6 | 7,,3,2/2/1 | 2/1/1 | 2/3/1,A,336.014,17598 | 18012,1,,,digi1.DB,digi1.DB:BOOK | digi1.DB:BOOK_OTHER_TITLES | digi1.DB:BOOK_SUBJECT | digi1.DB:COPIES_VOLUMES | digi1.DB:COPIES_VOLUMES_DELETED | digi1.DB:EDITOR_BOOK | digi1.DB:PUBL_BOOK | sss.DB:COPIES_VOLUMES_DELETED,MASTER_RECORD_RECOVERED
3,,Missing from available BOOK master records,,,,,,,,,,,,,,,,,,,0,,,,,1,,,,digi1.DB:COPIES_VOLUMES_DELETED | sss.DB:COPIES_VOLUMES_DELETED,MASTER_TITLE_MISSING_RELATIONS_RECOVERED
4,الشطح الابداعى ضرورة حياتية,Recovered from BOOK table,2009,977-281-385-8,153.35,B,1,1,256 ص,24*17 سم,,انكة ماير - جراسهورن | طارق عبد البارى | مصطفى ماهر,2 | 4 | 3,,المكتبة الاكاديمية,2,,الابداع | العبقرية,8 | 9,,1,4/1/1,A,153.35,92671,0,,,digi1.DB,digi1.DB:BOOK | digi1.DB:BOOK_OTHER_TITLES | digi1.DB:BOOK_SUBJECT | digi1.DB:COPIES_VOLUMES | digi1.DB:EDITOR_BOOK | digi1.DB:PUBL_BOOK,MASTER_RECORD_RECOVERED
5,تبيسط اجراءات العمل : الاساليب والاليات,Recovered from BOOK table,2008,,342.006,B,1,2,103 ص,24*17 سم,,اسامة جرادات,5,,المنظمة العربية للتنمية الادارية,3,,الاجراءات الادارية,10,,2,5/1/1 | 5/2/1,A,342.006,17698,0,,,digi1.DB,digi1.DB:BOOK | digi1.DB:BOOK_OTHER_TITLES | digi1.DB:BOOK_SUBJECT | digi1.DB:COPIES_VOLUMES | digi1.DB:EDITOR_BOOK | digi1.DB:PUBL_BOOK,MASTER_RECORD_RECOVERED
6,الحكم المحلى فى الوطن العربى واتجاهات التطوير,Recovered from BOOK table,2005,977-5673-43-7,352.14 / م.ج,B,1,1,428 ص,23*16 سم,,محمد محمود الطعامنة | سمير محمد عبد الوهاب,6 | 7,,المنظمة العربية للتنمية الادارية,3,,الادارة المحلية - الوطن العربى | تقييم الاداء,11 | 12,,2,6/1/1 | 6/2/1,A,352.14,17700,0,,401,digi1.DB,digi1.DB:BOOK | digi1.DB:BOOK_OTHER_TITLES | digi1.DB:BOOK_SUBJECT | digi1.DB:COPIES_VOLUMES | digi1.DB:EDITOR_BOOK | digi1.DB:PUBL_BOOK | digi1.DB:SERIAL_BOOK,MASTER_RECORD_RECOVERED
7,"فلسفة الوظيفة العامة والموظف العام : بحوث واوراق عمل "" ندوة التشريعات الحاكمة للخدمة المدنية فى الوطن العربى""",Recovered from BOOK table,2007,,352.63 / م.ف,B,1,1,203,30*20,,مجموعة خبراء,8,,المنظمة العربية للتنمية الادارية,3,,الادارة العامة | الخدمة المدنية | القانون الادارى | تقييم الوظائف,13 | 14 | 15 | 17,,1,7/1/1,A,,,0,,,digi1.DB,digi1.DB:BOOK | digi1.DB:BOOK_OTHER_TITLES | digi1.DB:BOOK_SUBJECT | digi1.DB:COPIES_VOLUMES | digi1.DB:EDITOR_BOOK | digi1.DB:PUBL_BOOK,MASTER_RECORD_RECOVERED
8,مهارات ادارة الاجتماعات,Recovered from BOOK table,2005,977-5433-54-1,658.3 / ا.م,B,1,1,123 ص,23×17 سم,,أحمد ماهر,918,,الدار الجامعية,1,,ادارة الافراد | ادارة الاجتماعات,18 | 19,,2,8/1/1 | 8/2/1,A,658.4,17610 | 14503,0,,1,digi1.DB,digi1.DB:BOOK | digi1.DB:BOOK_OTHER_TITLES | digi1.DB:BOOK_SUBJECT | digi1.DB:COPIES_VOLUMES | digi1.DB:EDITOR_BOOK | digi1.DB:PUBL_BOOK | digi1.DB:SERIAL_BOOK,MASTER_RECORD_RECOVERED
9,6 سيجما ومصفوفة الاداء المتوازن لمن ينشد الاداء الامثل,Recovered from BOOK table,2008,977-337-210-3,658.5 / م ع,B,1,1,333 ص,23*17 سم,,عبد الرحمن توفيق,10,,مركز الخبرات المهنية للادارة (بميك),6,,ستة سيجما | قياس الاداء,20 | 21,,1,9/1/1,A,658.5,17613,0,,,digi1.DB,digi1.DB:BOOK | digi1.DB:BOOK_OTHER_TITLES | digi1.DB:BOOK_SUBJECT | digi1.DB:COPIES_VOLUMES | digi1.DB:EDITOR_BOOK | digi1.DB:PUBL_BOOK,MASTER_RECORD_RECOVERED
10,اقتصاديات الموارد والبيئة,Recovered from BOOK table,2007,,333.7 /أ.أ,B,1,1,319ص,20× 25 سم,,السيدة إبراهيم مصطفى | أحمد رمضان نعمة الله | محمد عزت محمد إبراهيم غزلان | أسامة أحمد محمد الفيل,11 | 12 | 13 | 14,,الدار الجامعية,1,,الموارد الاقتصادية | الموارد الطبيعية | تلوث البيئة | القوى البشرية | الثروة المائية,22 | 23 | 24 | 25 | 26,,1,10/1/1,A,333.7,17599,0,,,digi1.DB,digi1.DB:BOOK | digi1.DB:BOOK_OTHER_TITLES | digi1.DB:BOOK_SUBJECT | digi1.DB:COPIES_VOLUMES | digi1.DB:EDITOR_BOOK | digi1.DB:PUBL_BOOK,MASTER_RECORD_RECOVERED
11,التنمية فى مصر,Recovered from BOOK table,2009,,338.9 / أ.ت,B,1,1,167ص,20 × 25 سم,,إبراهيم العيسوى,15,,المكتبة الاكاديمية,2,,التنمية الاقتصادية,27,,1,11/1/1,A,338.9,17624,0,,,digi1.DB,digi1.DB:BOOK | digi1.DB:BOOK_OTHER_TITLES | digi1.DB:BOOK_SUBJECT | digi1.DB:COPIES_VOLUMES | digi1.DB:EDITOR_BOOK | digi1.DB:PUBL_BOOK,MASTER_RECORD_RECOVERED
12,الإدارة الإلكترونية,Recovered from BOOK table,2007,,658.4/ط.أ,B,1,1,269ص,20 × 25 سم,,طارق عبد الرؤوف عامر,16,,السحاب للنشر والتوزيع,7,,إدارة الأعمال | الإدارة الإلكترونية | الحكومة الإلكترونية | إدارة المعرفة,28 | 29 | 30 | 31,,1,12/1/1,A,658.4,17635,0,,,digi1.DB,digi1.DB:BOOK | digi1.DB:BOOK_OTHER_TITLES | digi1.DB:BOOK_SUBJECT | digi1.DB:COPIES_VOLUMES | digi1.DB:EDITOR_BOOK | digi1.DB:PUBL_BOOK,MASTER_RECORD_RECOVERED
13,كل شئ عن صيانة الكمبيوتر وتجميعه,Recovered from BOOK table,2006,977-17-2768-0,620.004/أ.ص,B,1,1,383ص,20 × 25 سم,,أحمد خميس,17,,المؤلف,8,,الصيانة | الحاسبات الإلكترونية - صيانة,32 | 33,,1,13/1/1,A,620.004,17704,0,,,digi1.DB,digi1.DB:BOOK | digi1.DB:BOOK_OTHER_TITLES | digi1.DB:BOOK_SUBJECT | digi1.DB:COPIES_VOLUMES | digi1.DB:EDITOR_BOOK | digi1.DB:PUBL_BOOK,MASTER_RECORD_RECOVERED
14,مبادئ علم الاقتصاد,Recovered from BOOK table,2007,977-368-129-7,330/ط.م,B,1,1,271 ص,20×25سم,,طارق عبد الفتاح الشريعى,18,,مؤسسة حورس الدولية,9,,الاقتصاد | الدخل القومى | نظرية الطلب | الاستثمار | الادخار,34 | 35 | 36 | 37 | 38,,3,14/1/1 | 14/2/1 | 14/3/1,A,330,17623 | 17548,0,,,digi1.DB,digi1.DB:BOOK | digi1.DB:BOOK_OTHER_TITLES | digi1.DB:BOOK_SUBJECT | digi1.DB:COPIES_VOLUMES | digi1.DB:EDITOR_BOOK | digi1.DB:PUBL_BOOK,MASTER_RECORD_RECOVERED
15,التسويق المتقدم,Recovered from BOOK table,2008,977-422-091-9,658.8/م.ت,B,1,1,438ص,220×25سم,,محمد عبد العظيم,19,,الدار الجامعية,1,,التسويق | التسويق الداخلى | التسويق الدولى,39 | 40 | 41,,1,15/1/1,A,658.8,17573,0,,,digi1.DB,digi1.DB:BOOK | digi1.DB:BOOK_OTHER_TITLES | digi1.DB:BOOK_SUBJECT | digi1.DB:COPIES_VOLUMES | digi1.DB:EDITOR_BOOK | digi1.DB:PUBL_BOOK,MASTER_RECORD_RECOVERED
16,أمن الاستثمار,Recovered from BOOK table,2009,977-383-152-3,368.853/م.أ,B,1,1,246 ص,20×25سم,,محسن أحمد الخضيرى,20,,إيتراك للطباعة والنشر والتوزيع,10,,الاستثمار - تأمين | أمن الاستثمار,42 | 43,,3,16/2/1 | 16/1/1 | 16/3/1,A,368.853,17538 | 17661,0,,,digi1.DB,digi1.DB:BOOK | digi1.DB:BOOK_OTHER_TITLES | digi1.DB:BOOK_SUBJECT | digi1.DB:COPIES_VOLUMES | digi1.DB:EDITOR_BOOK | digi1.DB:PUBL_BOOK,MASTER_RECORD_RECOVERED
17,تنمية المهارات الإدارية السلوكية للعاملين الجدد,Recovered from BOOK table,2009,977-368-252-8,331/م.ت,B,1,1,422ص,20×25سم,,محمد الصيرفى,21,,مؤسسة حورس الدولية,9,,العمل والعمال | الأجور | التدريب المهنى | الموظفون - تدريب | الموظفون - التأهيل المهنى,44 | 45 | 46 | 47 | 48,,2,17/1/1 | 17/2/1,A,331,17716,0,,,digi1.DB,digi1.DB:BOOK | digi1.DB:BOOK_OTHER_TITLES | digi1.DB:BOOK_SUBJECT | digi1.DB:COPIES_VOLUMES | digi1.DB:EDITOR_BOOK | digi1.DB:PUBL_BOOK,MASTER_RECORD_RECOVERED
18,الاقتصاد عارياً,Recovered from BOOK table,2008,977-6263-062,330/ت.أ,B,1,1,311ص,15×20سم,,تشارلز ويلان,22,,كلمات عربية للترجمة والنشر,11,,الاقتصاد | اقتصاديات المعلومات | اقتصاديات التنمية,34 | 49 | 50,,1,18/1/1,A,330,17622,0,,,digi1.DB,digi1.DB:BOOK | digi1.DB:BOOK_OTHER_TITLES | digi1.DB:BOOK_SUBJECT | digi1.DB:COPIES_VOLUMES | digi1.DB:EDITOR_BOOK | digi1.DB:PUBL_BOOK,MASTER_RECORD_RECOVERED
19,الإدارة الإلكترونية,Recovered from BOOK table,2007,,658.4/أ.أ,B,1,1,245ص,20×25سم,,أحمد على صالح | بيداء ستار البياتى,23 | 24,,المنظمة العربية للتنمية الادارية,3,,إدارة الأعمال | الإدارة الإلكترونية,28 | 29,,2,19/1/1 | 19/2/1,A,658.4,17684,0,,,digi1.DB,digi1.DB:BOOK | digi1.DB:BOOK_OTHER_TITLES | digi1.DB:BOOK_SUBJECT | digi1.DB:COPIES_VOLUMES | digi1.DB:EDITOR_BOOK | digi1.DB:PUBL_BOOK,MASTER_RECORD_RECOVERED
20,الاقتصاد الجزئى,Recovered from BOOK table,2009,,338.5/م.أ,B,1,1,469ص,15×20سم,,محمد صفوت قابل,25,,المؤلف,8,,الاقتصاد الجزئى | الاحتكار | المنافسة | سلوك المستهلك,51 | 52 | 53 | 54,,2,20/1/1 | 20/2/1,A,338.5,17625,0,,,digi1.DB,digi1.DB:BOOK | digi1.DB:BOOK_OTHER_TITLES | digi1.DB:BOOK_SUBJECT | digi1.DB:COPIES_VOLUMES | digi1.DB:EDITOR_BOOK | digi1.DB:PUBL_BOOK,MASTER_RECORD_RECOVERED
21,المشتقات والهندسة المالية,Recovered from BOOK table,2008,977-422-105-2,332.645/ف.م,B,1,1,441ص,20×25سم,,فريد النجار,1,,الدار الجامعية,1,,المشتقات المالية | الهندسة المالية,55 | 56,,1,21/1/1,A,332.645,17591,0,,,digi1.DB,digi1.DB:BOOK | digi1.DB:BOOK_OTHER_TITLES | digi1.DB:BOOK_SUBJECT | digi1.DB:COPIES_VOLUMES | digi1.DB:EDITOR_BOOK | digi1.DB:PUBL_BOOK,MASTER_RECORD_RECOVERED
22,,Missing from available BOOK master records,,,,,,,,,,عبد الرحمن يسرى أحمد | السيد محمد أحمد السريتى,26 | 27,,الدار الجامعية,1,,الاقتصاد الدولى | ميزان المدفوعات | التجارة الخارجية | التبادل التجارى | السياسة التجارية,57 | 58 | 59 | 60 | 61,,2,22/1/1 | 22/2/1,A,337,17664,0,,,,digi1.DB:BOOK_OTHER_TITLES | digi1.DB:BOOK_SUBJECT | digi1.DB:COPIES_VOLUMES | digi1.DB:EDITOR_BOOK | digi1.DB:PUBL_BOOK,MASTER_TITLE_MISSING_RELATIONS_RECOVERED
23,,Missing from available BOOK master records,,,,,,,,,,رجب عبد الحميد,28,,المؤلف,8,,الادارة العامة | الإدارة المحلية - مصر,13 | 62,,2,23/1/1 | 23/2/1,A,351,17632,0,,,,digi1.DB:BOOK_OTHER_TITLES | digi1.DB:BOOK_SUBJECT | digi1.DB:COPIES_VOLUMES | digi1.DB:EDITOR_BOOK | digi1.DB:PUBL_BOOK,MASTER_TITLE_MISSING_RELATIONS_RECOVERED
24,,Missing from available BOOK master records,,,,,,,,,,اليمين فالتة,29,,إيتراك للطباعة والنشر والتوزيع,10,,إدارة المخازن | المخزون | التخزين,63 | 64 | 65,,2,24/1/1 | 24/2/1,A,658.785,17496,0,,,,digi1.DB:BOOK_OTHER_TITLES | digi1.DB:BOOK_SUBJECT | digi1.DB:COPIES_VOLUMES | digi1.DB:EDITOR_BOOK | digi1.DB:PUBL_BOOK,MASTER_TITLE_MISSING_RELATIONS_RECOVERED
25,,Missing from available BOOK master records,,,,,,,,,,نجم عبود نجم,30,,المنظمة العربية للتنمية الادارية,3,,إدارة الأعمال - أخلاقيات | الإدارة العامة - أخلاقيات | التسويق - أخلاقيات,66 | 67 | 68,,2,25/1/1 | 25/2/1,A,174.4,17699,0,,,,digi1.DB:BOOK_OTHER_TITLES | digi1.DB:BOOK_SUBJECT | digi1.DB:COPIES_VOLUMES | digi1.DB:EDITOR_BOOK | digi1.DB:PUBL_BOOK,MASTER_TITLE_MISSING_RELATIONS_RECOVERED
26,,Missing from available BOOK master records,,,,,,,,,,Roger Hussey | Audra Ong,31 | 32,,"John Wiley&Sons, Inc",12,,,,,1,26/1/1,A,657.48,17823,0,,,,digi1.DB:BOOK_OTHER_TITLES | digi1.DB:COPIES_VOLUMES | digi1.DB:EDITOR_BOOK | digi1.DB:PUBL_BOOK,MASTER_TITLE_MISSING_RELATIONS_RECOVERED
27,,Missing from available BOOK master records,,,,,,,,,,Ron Basu | J.Nevan Wright,33 | 34,,Elsevier,13,,Supply management | Supply chain management,71 | 72,,1,27/1/1,A,658.7,17790,0,,,,digi1.DB:BOOK_OTHER_TITLES | digi1.DB:BOOK_SUBJECT | digi1.DB:COPIES_VOLUMES | digi1.DB:EDITOR_BOOK | digi1.DB:PUBL_BOOK,MASTER_TITLE_MISSING_RELATIONS_RECOVERED
28,,Missing from available BOOK master records,,,,,,,,,,Joel D.Wisner | Keah-Choon Tan | G.Keong Leong,35 | 36 | 37,,South-western,14,,Supply management | Supply chain management | Supply chain management-case studies,71 | 72 | 73,,2,28/1/1 | 28/2/1,A,,17788 | 17779,0,,,,digi1.DB:BOOK_OTHER_TITLES | digi1.DB:BOOK_SUBJECT | digi1.DB:COPIES_VOLUMES | digi1.DB:EDITOR_BOOK | digi1.DB:PUBL_BOOK,MASTER_TITLE_MISSING_RELATIONS_RECOVERED
29,,Missing from available BOOK master records,,,,,,,,,,Charles W.L.Hill | Gareth R. Jones,38 | 39,,Houghton Mifflin company,15,,Strategic planning | Strategic planning-case studies,74 | 75,,1,29/1/1,A,658.401,17768,0,,,,digi1.DB:BOOK_OTHER_TITLES | digi1.DB:BOOK_SUBJECT | digi1.DB:COPIES_VOLUMES | digi1.DB:EDITOR_BOOK | digi1.DB:PUBL_BOOK,MASTER_TITLE_MISSING_RELATIONS_RECOVERED
30,,Missing from available BOOK master records,,,,,,,,,,Luvai F.Motiwalla | Jeff Thompson,40 | 41,,Pearson prentice Hall,16,,Management infiormation systems | Systems integration | Security management | Supply chain management | project management,76 | 77 | 80 | 72 | 79,,1,30/1/1,A,658.403,17752,0,,,,digi1.DB:BOOK_OTHER_TITLES | digi1.DB:BOOK_SUBJECT | digi1.DB:COPIES_VOLUMES | digi1.DB:EDITOR_BOOK | digi1.DB:PUBL_BOOK,MASTER_TITLE_MISSING_RELATIONS_RECOVERED
31,,Missing from available BOOK master records,,,,,,,,,,Glen M. Broom,42,,Pearson prentice Hall,16,,Public ralations,81,,1,31/1/1,A,659.2,17803,0,,,,digi1.DB:BOOK_OTHER_TITLES | digi1.DB:BOOK_SUBJECT | digi1.DB:COPIES_VOLUMES | digi1.DB:EDITOR_BOOK | digi1.DB:PUBL_BOOK,MASTER_TITLE_MISSING_RELATIONS_RECOVERED
32,,Missing from available BOOK master records,,,,,,,,,,William M.Pride | Robert J.Hughes | Jack R. Kapoor,43 | 44 | 1330,,Houghton Mifflin company,15,,,,,1,32/1/1,A,650,17778,0,,,,digi1.DB:BOOK_OTHER_TITLES | digi1.DB:COPIES_VOLUMES | digi1.DB:EDITOR_BOOK | digi1.DB:PUBL_BOOK,MASTER_TITLE_MISSING_RELATIONS_RECOVERED
33,,Missing from available BOOK master records,,,,,,,,,,Alice Oshima | Ann Hogue,46 | 47,,Pearson longman,17,,,,,1,33/1/1,A,808.042,17827,0,,,,digi1.DB:BOOK_OTHER_TITLES | digi1.DB:COPIES_VOLUMES | digi1.DB:EDITOR_BOOK | digi1.DB:PUBL_BOOK,MASTER_TITLE_MISSING_RELATIONS_RECOVERED
34,,Missing from available BOOK master records,,,,,,,,,,Richard Blundel | Kate Ippolito,48 | 49,,Pearson prentice Hall,16,,Busincess communication | Effective organizational communication,92 | 93,,1,34/1/1,A,658.45,17806,0,,,,digi1.DB:BOOK_OTHER_TITLES | digi1.DB:BOOK_SUBJECT | digi1.DB:COPIES_VOLUMES | digi1.DB:EDITOR_BOOK | digi1.DB:PUBL_BOOK,MASTER_TITLE_MISSING_RELATIONS_RECOVERED
35,,Missing from available BOOK master records,,,,,,,,,,Andrew Kinder | Rick Hughes,50 | 51,,"John Wiley&Sons, Inc",12,,Employee assistance programs | Job stress | Employee-mental health | Industrial hygiene,94 | 95 | 96 | 97,,1,35/1/1,A,658.38,17798,0,,,,digi1.DB:BOOK_OTHER_TITLES | digi1.DB:BOOK_SUBJECT | digi1.DB:COPIES_VOLUMES | digi1.DB:EDITOR_BOOK | digi1.DB:PUBL_BOOK,MASTER_TITLE_MISSING_RELATIONS_RECOVERED
36,,Missing from available BOOK master records,,,,,,,,,,Ricky W. Griffin,52,,Houghton Mifflin company,15,,Management | Decision making,98 | 99,,1,36/1/1,A,658,17755,0,,,,digi1.DB:BOOK_OTHER_TITLES | digi1.DB:BOOK_SUBJECT | digi1.DB:COPIES_VOLUMES | digi1.DB:EDITOR_BOOK | digi1.DB:PUBL_BOOK,MASTER_TITLE_MISSING_RELATIONS_RECOVERED
37,,Missing from available BOOK master records,,,,,,,,,,Greg Harvey,53,,"Wiley publishing,inc",18,,Computer science | Computer programming | Excel 2007,100 | 101 | 102,,1,37/1/1,A,005.2,17819,0,,,,digi1.DB:BOOK_OTHER_TITLES | digi1.DB:BOOK_SUBJECT | digi1.DB:COPIES_VOLUMES | digi1.DB:EDITOR_BOOK | digi1.DB:PUBL_BOOK,MASTER_TITLE_MISSING_RELATIONS_RECOVERED
38,,Missing from available BOOK master records,,,,,,,,,,Steven Cohen | William Eimicke | Tanya Heikkila,54 | 55 | 56,,Jossey-Bass,19,,Administration of local government,103,,1,38/1/1,A,352,17812,0,,,,digi1.DB:BOOK_OTHER_TITLES | digi1.DB:BOOK_SUBJECT | digi1.DB:COPIES_VOLUMES | digi1.DB:EDITOR_BOOK | digi1.DB:PUBL_BOOK,MASTER_TITLE_MISSING_RELATIONS_RECOVERED
39,,Missing from available BOOK master records,,,,,,,,,,Gary Koop,57,,"John Wiley&Sons, Inc",12,,Econometrics,104,,1,39/1/1,A,330.015,17774,0,,,,digi1.DB:BOOK_OTHER_TITLES | digi1.DB:BOOK_SUBJECT | digi1.DB:COPIES_VOLUMES | digi1.DB:EDITOR_BOOK | digi1.DB:PUBL_BOOK,MASTER_TITLE_MISSING_RELATIONS_RECOVERED
40,,Missing from available BOOK master records,,,,,,,,,,Denis R.Briscoe | Randall S.Schuler | Lisbeth Claus,58 | 59 | 60,,Routledge,20,,Human resource management | International business enterprises-personnel management,105 | 106,,1,40/1/1,A,658.3,17796,0,,,,digi1.DB:BOOK_OTHER_TITLES | digi1.DB:BOOK_SUBJECT | digi1.DB:COPIES_VOLUMES | digi1.DB:EDITOR_BOOK | digi1.DB:PUBL_BOOK,MASTER_TITLE_MISSING_RELATIONS_RECOVERED
41,,Missing from available BOOK master records,,,,,,,,,,Charles T. Horngren | Walter T. Harrison,61 | 62,,Pearson prentice Hall,16,,Accounting | Managerial Accounting,107 | 108,,1,41/1/1,A,657,17753,0,,,,digi1.DB:BOOK_OTHER_TITLES | digi1.DB:BOOK_SUBJECT | digi1.DB:COPIES_VOLUMES | digi1.DB:EDITOR_BOOK | digi1.DB:PUBL_BOOK,MASTER_TITLE_MISSING_RELATIONS_RECOVERED
42,,Missing from available BOOK master records,,,,,,,,,,Thomas L. Wheelen | J.David Hunger,63 | 64,,Pearson prentice Hall,16,,Strategic planning | Strategic planning-case studies,74 | 75,,1,42/1/1,A,658.401,17763,0,,,,digi1.DB:BOOK_OTHER_TITLES | digi1.DB:BOOK_SUBJECT | digi1.DB:COPIES_VOLUMES | digi1.DB:EDITOR_BOOK | digi1.DB:PUBL_BOOK,MASTER_TITLE_MISSING_RELATIONS_RECOVERED
43,,Missing from available BOOK master records,,,,,,,,,,محمد محمود الطعامنة,6,,المنظمة العربية للتنمية الادارية,3,,الحكومة الإلكترونية | التجارة الالكترونية | الحكومات | الاتصالات الالكترونية,30 | 111 | 109 | 110,,2,43/1/1 | 43/2/1,A,320.1,17696,0,,,,digi1.DB:BOOK_OTHER_TITLES | digi1.DB:BOOK_SUBJECT | digi1.DB:COPIES_VOLUMES | digi1.DB:EDITOR_BOOK | digi1.DB:PUBL_BOOK,MASTER_TITLE_MISSING_RELATIONS_RECOVERED
44,,Missing from available BOOK master records,,,,,,,,,,ايهاب كمال,65,,هبة النيل العربية للنشر و التوزيع,21,,الدبلوماسية | التفاوض,113 | 112,,2,44/1/1 | 44/2/1,A,327.2,17583,0,,,,digi1.DB:BOOK_OTHER_TITLES | digi1.DB:BOOK_SUBJECT | digi1.DB:COPIES_VOLUMES | digi1.DB:EDITOR_BOOK | digi1.DB:PUBL_BOOK,MASTER_TITLE_MISSING_RELATIONS_RECOVERED
45,,Missing from available BOOK master records,,,,,,,,,,عمرو العراقى,66,,شركة تريند للاستثمارات,22,,الاستثمار | السندات | الاسهم | البورصة,37 | 116 | 115 | 114,,2,45/1/1 | 45/2/1,A,332.63,17500,0,,1,,digi1.DB:BOOK_OTHER_TITLES | digi1.DB:BOOK_SUBJECT | digi1.DB:COPIES_VOLUMES | digi1.DB:EDITOR_BOOK | digi1.DB:PUBL_BOOK | digi1.DB:SERIAL_BOOK,MASTER_TITLE_MISSING_RELATIONS_RECOVERED
46,,Missing from available BOOK master records,,,,,,,,,,عبد الفتاح عبد الرحمن عبد المجيد,67,,كلية التجارة - جامعة المنصورة,23,,النقود | السياسة النقدية | النظم النقدية | الودائع المصرفية,117 | 118 | 120 | 119,,1,46/1/1,A,332,17589,0,,,,digi1.DB:BOOK_OTHER_TITLES | digi1.DB:BOOK_SUBJECT | digi1.DB:COPIES_VOLUMES | digi1.DB:EDITOR_BOOK | digi1.DB:PUBL_BOOK,MASTER_TITLE_MISSING_RELATIONS_RECOVERED
47,,Missing from available BOOK master records,,,,,,,,,,رجب عبد الحميد,28,,د.ن,24,,منظمةالامم المتحدة | المنظمات الدولية | القانون الدولى | جامعة الدول العربية,123 | 121 | 122 | 124,,2,47/1/1 | 47/2/1,A,341.2,17644,0,,,,digi1.DB:BOOK_OTHER_TITLES | digi1.DB:BOOK_SUBJECT | digi1.DB:COPIES_VOLUMES | digi1.DB:EDITOR_BOOK | digi1.DB:PUBL_BOOK,MASTER_TITLE_MISSING_RELATIONS_RECOVERED
49,,Missing from available BOOK master records,,,,,,,,,,ماهر عزيز,68,,المكتبة الاكاديمية,2,,الطاقة الكهربائية | مصادر الطاقة | الطاقة النووية,127 | 126 | 125,,1,49/1/1,A,539.7,17667,0,,,,digi1.DB:BOOK_OTHER_TITLES | digi1.DB:BOOK_SUBJECT | digi1.DB:COPIES_VOLUMES | digi1.DB:EDITOR_BOOK | digi1.DB:PUBL_BOOK,MASTER_TITLE_MISSING_RELATIONS_RECOVERED
50,,Missing from available BOOK master records,,,,,,,,,,عايدة سيد خطاب,69,,كلية التجارة - جامعة عين شمس,25,,المنافسة | اتخاذ القرارات,53 | 128,,2,50/1/1 | 50/2/1,A,658.405,17486,0,,,,digi1.DB:BOOK_OTHER_TITLES | digi1.DB:BOOK_SUBJECT | digi1.DB:COPIES_VOLUMES | digi1.DB:EDITOR_BOOK | digi1.DB:PUBL_BOOK,MASTER_TITLE_MISSING_RELATIONS_RECOVERED
51,,Missing from available BOOK master records,,,,,,,,,,احمد حسن خميس,70,,شركة الكتب والبرامج المصرية,26,,الحاسبات الإلكترونية - صيانة,33,,1,51/1/1,A,005.16,17705,0,,,,digi1.DB:BOOK_OTHER_TITLES | digi1.DB:BOOK_SUBJECT | digi1.DB:COPIES_VOLUMES | digi1.DB:EDITOR_BOOK | digi1.DB:PUBL_BOOK,MASTER_TITLE_MISSING_RELATIONS_RECOVERED
52,,Missing from available BOOK master records,,,,,,,,,,احمد على صالح | عادل حرحوش المفرجى,72 | 71,,المنظمة العربية للتنمية الادارية,3,,الموظفون | الابداع | الابتكار,16 | 8 | 130,,2,52/1/1 | 52/2/1,A,153.35 | 135.35,17679,0,,,,digi1.DB:BOOK_OTHER_TITLES | digi1.DB:BOOK_SUBJECT | digi1.DB:COPIES_VOLUMES | digi1.DB:EDITOR_BOOK | digi1.DB:PUBL_BOOK,MASTER_TITLE_MISSING_RELATIONS_RECOVERED
53,,Missing from available BOOK master records,,,,,,,,,,النور خليفة وداعة الله | عماد الدين حسن مصطفى,73 | 74,,المنظمة العربية للتنمية الادارية,3,,الخدمة المدنية | الوظائف | توصيف الوظائف,14 | 131 | 132,,1,53/1/1,A,658.3,17687,0,,,,digi1.DB:BOOK_OTHER_TITLES | digi1.DB:BOOK_SUBJECT | digi1.DB:COPIES_VOLUMES | digi1.DB:EDITOR_BOOK | digi1.DB:PUBL_BOOK,MASTER_TITLE_MISSING_RELATIONS_RECOVERED
54,,Missing from available BOOK master records,,,,,,,,,,مصطفى محمود ابو بكر,76,,الدار الجامعية,1,,البيع | العملاء,133 | 134,,2,54/1/1 | 54/2/1,A,658.85,17543,0,,,,digi1.DB:BOOK_OTHER_TITLES | digi1.DB:BOOK_SUBJECT | digi1.DB:COPIES_VOLUMES | digi1.DB:EDITOR_BOOK | digi1.DB:PUBL_BOOK,MASTER_TITLE_MISSING_RELATIONS_RECOVERED
55,,Missing from available BOOK master records,,,,,,,,,,عبد المطلب عبد الحميد,77,,الدار الجامعية,1,,النقود | السياسة النقدية | البنوك | الائتمان المصرفى | البنوك التجارية | البنك الدولى | التضخم,117 | 118 | 135 | 137 | 136 | 140 | 138,,2,55/1/1 | 55/2/1,A,332,17492,0,,,,digi1.DB:BOOK_OTHER_TITLES | digi1.DB:BOOK_SUBJECT | digi1.DB:COPIES_VOLUMES | digi1.DB:EDITOR_BOOK | digi1.DB:PUBL_BOOK,MASTER_TITLE_MISSING_RELATIONS_RECOVERED
56,,Missing from available BOOK master records,,,,,,,,,,محمد محمد إبراهيم,78,,الدار الجامعية,1,,جودة الانتاج | ادارة الجودة,141 | 142,,1,56/1/1,A,,,0,,0,,digi1.DB:BOOK_OTHER_TITLES | digi1.DB:BOOK_SUBJECT | digi1.DB:COPIES_VOLUMES | digi1.DB:EDITOR_BOOK | digi1.DB:PUBL_BOOK | digi1.DB:SERIAL_BOOK,MASTER_TITLE_MISSING_RELATIONS_RECOVERED
57,,Missing from available BOOK master records,,,,,,,,,,محمد محمد إبراهيم,78,,الدار الجامعية,1,,ادارة الافراد | الأجور | القوى البشرية,18 | 45 | 25,,1,57/1/1,A,658.3,17593,0,,0,,digi1.DB:BOOK_OTHER_TITLES | digi1.DB:BOOK_SUBJECT | digi1.DB:COPIES_VOLUMES | digi1.DB:EDITOR_BOOK | digi1.DB:PUBL_BOOK | digi1.DB:SERIAL_BOOK,MASTER_TITLE_MISSING_RELATIONS_RECOVERED
58,,Missing from available BOOK master records,,,,,,,,,,عادل عبد العزيز السن,79,,المنظمة العربية للتنمية الادارية,3,,"Academic writing-Handbooks,manuals | البنوك - تنظيم وادارة | الجرائم الدولية",90 | 144 | 145,,2,58/1/1 | 58/2/1,A,332.1,17676,0,,0,,digi1.DB:BOOK_OTHER_TITLES | digi1.DB:BOOK_SUBJECT | digi1.DB:COPIES_VOLUMES | digi1.DB:EDITOR_BOOK | digi1.DB:PUBL_BOOK | digi1.DB:SERIAL_BOOK,MASTER_TITLE_MISSING_RELATIONS_RECOVERED
59,,Missing from available BOOK master records,,,,,,,,,,مصطفى زايد,80,,المؤلف,8,,ادارة المشروعات | برامج الحاسبات | الطرق الاحصائية,146 | 147 | 148,,2,59/1/1 | 59/2/1,A,658.404,17627,0,,,,digi1.DB:BOOK_OTHER_TITLES | digi1.DB:BOOK_SUBJECT | digi1.DB:COPIES_VOLUMES | digi1.DB:EDITOR_BOOK | digi1.DB:PUBL_BOOK,MASTER_TITLE_MISSING_RELATIONS_RECOVERED
60,,Missing from available BOOK master records,,,,,,,,,,المنظمة العربية للتنمية الإدارية,81,,المنظمة العربية للتنمية الادارية,3,,المجتمعات الحضرية | التنمية | العالم العربى,149 | 150 | 151,,1,60/1/1,A,307.76,17689,0,,0,,digi1.DB:BOOK_OTHER_TITLES | digi1.DB:BOOK_SUBJECT | digi1.DB:COPIES_VOLUMES | digi1.DB:EDITOR_BOOK | digi1.DB:PUBL_BOOK | digi1.DB:SERIAL_BOOK,MASTER_TITLE_MISSING_RELATIONS_RECOVERED
62,,Missing from available BOOK master records,,,,,,,,,,مدحت محمد ابو النصر,83,,المجموعة العربية للتدريب والنشر,27,,الادارة | المنظمات | التخطيط,154 | 156 | 155,,2,62/1/1 | 62/2/1,A,658.401,17727 | -1,0,,,,digi1.DB:BOOK_OTHER_TITLES | digi1.DB:BOOK_SUBJECT | digi1.DB:COPIES_VOLUMES | digi1.DB:EDITOR_BOOK | digi1.DB:PUBL_BOOK,MASTER_TITLE_MISSING_RELATIONS_RECOVERED
63,,Missing from available BOOK master records,,,,,,,,,,على يوسف الشكرى,82,,إيتراك للطباعة والنشر والتوزيع,10,,الارهاب | العنف,152 | 153,,2,63/1/1 | 63/2/1,A,303.625,17633,0,,,,digi1.DB:BOOK_OTHER_TITLES | digi1.DB:BOOK_SUBJECT | digi1.DB:COPIES_VOLUMES | digi1.DB:EDITOR_BOOK | digi1.DB:PUBL_BOOK,MASTER_TITLE_MISSING_RELATIONS_RECOVERED
64,,Missing from available BOOK master records,,,,,,,,,,عبد الرحمن توفيق,10,,مركز الخبرات المهنية للادارة (بميك),6,,الابداع | القادة,8 | 157,,1,64/1/1,A,658.314,17614,0,,0,,digi1.DB:BOOK_OTHER_TITLES | digi1.DB:BOOK_SUBJECT | digi1.DB:COPIES_VOLUMES | digi1.DB:EDITOR_BOOK | digi1.DB:PUBL_BOOK | digi1.DB:SERIAL_BOOK,MASTER_TITLE_MISSING_RELATIONS_RECOVERED
65,,Missing from available BOOK master records,,,,,,,,,,عبد العزيز جميل مخيمر | احمد عبد الفتاح عبد الحليم,84 | 85,,المنظمة العربية للتنمية الادارية,3,,الصناعات الخفيفة | الشباب | التوظيف | العالم العربى,158 | 159 | 160 | 151,,2,65/1/1 | 65/2/1,A,331.137,17683,0,,352,,digi1.DB:BOOK_OTHER_TITLES | digi1.DB:BOOK_SUBJECT | digi1.DB:COPIES_VOLUMES | digi1.DB:EDITOR_BOOK | digi1.DB:PUBL_BOOK | digi1.DB:SERIAL_BOOK,MASTER_TITLE_MISSING_RELATIONS_RECOVERED
66,,Missing from available BOOK master records,,,,,,,,,,رجب عبد المنعم متولى,86,,دار النهضة العربية,28,,المنظمات الدولية | قوانين وتشريعات | المنظمات الدولية الإقليمية,121 | 161 | 162,,2,66/1/1 | 66/2/1,A,341.2,17643,0,,,,digi1.DB:BOOK_OTHER_TITLES | digi1.DB:BOOK_SUBJECT | digi1.DB:COPIES_VOLUMES | digi1.DB:EDITOR_BOOK | digi1.DB:PUBL_BOOK,MASTER_TITLE_MISSING_RELATIONS_RECOVERED
67,,Missing from available BOOK master records,,,,,,,,,,فريد النجار,1,,الدار الجامعية,1,,البورصة | الاستثمارات | شركات الاستثمار | السماسرة,114 | 164 | 165 | 166,,2,67/1/1 | 67/2/1,A,332.6,17487,0,,,,digi1.DB:BOOK_OTHER_TITLES | digi1.DB:BOOK_SUBJECT | digi1.DB:COPIES_VOLUMES | digi1.DB:EDITOR_BOOK | digi1.DB:PUBL_BOOK,MASTER_TITLE_MISSING_RELATIONS_RECOVERED
68,,Missing from available BOOK master records,,,,,,,,,,المنظمة العربية للتنمية الإدارية,81,,المنظمة العربية للتنمية الادارية,3,,الفساد الادارى | العالم العربى | الرشوة | الجرائم الاقتصادية,163 | 151 | 168 | 169,,1,68/1/1,A,353.46,17682,0,,,,digi1.DB:BOOK_OTHER_TITLES | digi1.DB:BOOK_SUBJECT | digi1.DB:COPIES_VOLUMES | digi1.DB:EDITOR_BOOK | digi1.DB:PUBL_BOOK,MASTER_TITLE_MISSING_RELATIONS_RECOVERED
69,,Missing from available BOOK master records,,,,,,,,,,محمد الصيرفى,21,,مؤسسة حورس الدولية,9,,الاختبارات الشخصية | الشخصية | المناهج,170 | 171 | 172,,2,69/1/1 | 69/2/1,A,375,17553,0,,1,,digi1.DB:BOOK_OTHER_TITLES | digi1.DB:BOOK_SUBJECT | digi1.DB:COPIES_VOLUMES | digi1.DB:EDITOR_BOOK | digi1.DB:PUBL_BOOK | digi1.DB:SERIAL_BOOK,MASTER_TITLE_MISSING_RELATIONS_RECOVERED
70,,Missing from available BOOK master records,,,,,,,,,,ألان أكسيلرود | جيم هولتج,87 | 88,,مكتبة جرير,29,,ادارة الافراد | الموظفون | المديرون,18 | 16 | 173,,1,70/1/1,A,658.3,17288,0,,,,digi1.DB:BOOK_OTHER_TITLES | digi1.DB:BOOK_SUBJECT | digi1.DB:COPIES_VOLUMES | digi1.DB:EDITOR_BOOK | digi1.DB:PUBL_BOOK,MASTER_TITLE_MISSING_RELATIONS_RECOVERED
71,,Missing from available BOOK master records,,,,,,,,,,رجب عبد الحميد,28,,المؤلف,8,,النظم السياسية | الديمقراطية | نظم الحكم | مصر,174 | 175 | 176 | 177,,2,71/1/1 | 71/2/1,A,320.5,17630,0,,,,digi1.DB:BOOK_OTHER_TITLES | digi1.DB:BOOK_SUBJECT | digi1.DB:COPIES_VOLUMES | digi1.DB:EDITOR_BOOK | digi1.DB:PUBL_BOOK,MASTER_TITLE_MISSING_RELATIONS_RECOVERED
72,,Missing from available BOOK master records,,,,,,,,,,باسم عبد الملك شبيب,89,,المنظمة العربية للتنمية الادارية,3,,الانتاج | الاحتمالات,178 | 179,,2,72/1/1 | 72/2/1,A,338,17680,0,,451,,digi1.DB:BOOK_OTHER_TITLES | digi1.DB:BOOK_SUBJECT | digi1.DB:COPIES_VOLUMES | digi1.DB:EDITOR_BOOK | digi1.DB:PUBL_BOOK | digi1.DB:SERIAL_BOOK,MASTER_TITLE_MISSING_RELATIONS_RECOVERED
73,,Missing from available BOOK master records,,,,,,,,,,منصور الشمالى | محمد الصيرفى,91 | 21,,مؤسسة حورس الدولية,9,,الرياضيات | الرياضة التجارية والمالية,183 | 184,,2,73/1/1 | 73/2/1,A,513.9,,0,,,,digi1.DB:BOOK_OTHER_TITLES | digi1.DB:BOOK_SUBJECT | digi1.DB:COPIES_VOLUMES | digi1.DB:EDITOR_BOOK | digi1.DB:PUBL_BOOK,MASTER_TITLE_MISSING_RELATIONS_RECOVERED
74,,Missing from available BOOK master records,,,,,,,,,,إبراهيم الأخرس,90,,إيتراك للطباعة والنشر والتوزيع,10,,التنمية الاقتصادية | التصدير | الاستثمارات الأجنبية | الصين,27 | 180 | 181 | 182,,2,74/1/1 | 74/2/1,A,338.9,17585,0,,,,digi1.DB:BOOK_OTHER_TITLES | digi1.DB:BOOK_SUBJECT | digi1.DB:COPIES_VOLUMES | digi1.DB:EDITOR_BOOK | digi1.DB:PUBL_BOOK,MASTER_TITLE_MISSING_RELATIONS_RECOVERED
75,,Missing from available BOOK master records,,,,,,,,,,المنظمة العربية للتنمية الإدارية,81,,المنظمة العربية للتنمية الادارية,3,,الابداع | الادارة العامة - الوطن العربى | القوى العاملة | الفساد الادارى | تطوير المنظمات,8 | 185 | 186 | 163 | 187,,1,75/1/1,A,351,17694,0,,,,digi1.DB:BOOK_OTHER_TITLES | digi1.DB:BOOK_SUBJECT | digi1.DB:COPIES_VOLUMES | digi1.DB:EDITOR_BOOK | digi1.DB:PUBL_BOOK,MASTER_TITLE_MISSING_RELATIONS_RECOVERED
76,,Missing from available BOOK master records,,,,,,,,,,مجدى محمد ابو العطا,92,,كمبيو ساينس,31,,برامج الحاسبات | اكسيس 2007 | الحاسبات الالكترونية,147 | 193 | 191,,1,76/1/1,A,005.3,17577,0,,,,digi1.DB:BOOK_OTHER_TITLES | digi1.DB:BOOK_SUBJECT | digi1.DB:COPIES_VOLUMES | digi1.DB:EDITOR_BOOK | digi1.DB:PUBL_BOOK,MASTER_TITLE_MISSING_RELATIONS_RECOVERED
77,,Missing from available BOOK master records,,,,,,,,,,مدحت محمد ابو النصر,83,,المجموعة العربية للتدريب والنشر,27,,الاجتماعات | المؤتمرات | التنظيم | الاجتماع الادارى,189 | 194 | 190 | 192,,2,77/1/1 | 77/2/1,A,658.4,17734,0,,,,digi1.DB:BOOK_OTHER_TITLES | digi1.DB:BOOK_SUBJECT | digi1.DB:COPIES_VOLUMES | digi1.DB:EDITOR_BOOK | digi1.DB:PUBL_BOOK,MASTER_TITLE_MISSING_RELATIONS_RECOVERED
78,,Missing from available BOOK master records,,,,,,,,,,مجدى محمد ابو العطا,92,,كمبيو ساينس,31,,الحاسبات الالكترونية | Windows vista | برامج الحاسبات,191 | 197 | 147,,1,78/1/1,A,005.3,17576,0,,,,digi1.DB:BOOK_OTHER_TITLES | digi1.DB:BOOK_SUBJECT | digi1.DB:COPIES_VOLUMES | digi1.DB:EDITOR_BOOK | digi1.DB:PUBL_BOOK,MASTER_TITLE_MISSING_RELATIONS_RECOVERED
79,,Missing from available BOOK master records,,,,,,,,,,محمد الصيرفى,21,,مؤسسة حورس الدولية,9,,ادارة الوقت | الوقت,195 | 196,,1,79/1/1,A,658.409,17594,0,,0,,digi1.DB:BOOK_OTHER_TITLES | digi1.DB:BOOK_SUBJECT | digi1.DB:COPIES_VOLUMES | digi1.DB:EDITOR_BOOK | digi1.DB:PUBL_BOOK | digi1.DB:SERIAL_BOOK,MASTER_TITLE_MISSING_RELATIONS_RECOVERED
80,,Missing from available BOOK master records,,,,,,,,,,هبة الرحمن أحمد | هشام على دردور,94 | 96,,المكتبة الاكاديمية,2,,البترول | التلوث البترولى,202 | 203,,1,80/1/1,A,363.738,17665,0,,0,,digi1.DB:BOOK_OTHER_TITLES | digi1.DB:BOOK_SUBJECT | digi1.DB:COPIES_VOLUMES | digi1.DB:EDITOR_BOOK | digi1.DB:PUBL_BOOK | digi1.DB:SERIAL_BOOK,MASTER_TITLE_MISSING_RELATIONS_RECOVERED
81,,Missing from available BOOK master records,,,,,,,,,,عبد الرحمن يسرى أحمد | السيدة إبراهيم مصطفى | احمد رمضان نعمة الله | محمد عبد العزيز عجمية,26 | 11 | 93 | 95,,الدار الجامعية,1,,التنمية الاقتصادية | الاقتصاد | البطالة | العولمة,27 | 34 | 199 | 198,,1,81/1/1,A,330,17582,0,,,,digi1.DB:BOOK_OTHER_TITLES | digi1.DB:BOOK_SUBJECT | digi1.DB:COPIES_VOLUMES | digi1.DB:EDITOR_BOOK | digi1.DB:PUBL_BOOK,MASTER_TITLE_MISSING_RELATIONS_RECOVERED
82,,Missing from available BOOK master records,,,,,,,,,,نبيل الحسينى النجار,97,,المكتبة العصرية,32,,ادارة الافراد | توصيف الوظائف | تقييم الوظائف | تحليل الوظائف,18 | 132 | 17 | 201,,2,82/1/1 | 82/2/1,A,658.3,17506,0,,,,digi1.DB:BOOK_OTHER_TITLES | digi1.DB:BOOK_SUBJECT | digi1.DB:COPIES_VOLUMES | digi1.DB:EDITOR_BOOK | digi1.DB:PUBL_BOOK,MASTER_TITLE_MISSING_RELATIONS_RECOVERED
83,,Missing from available BOOK master records,,,,,,,,,,شدوان على شيبة,103,,دار المعرفة الجامعية,34,,العلاقات العامة | الاعلان | الدعاية | الرأى العام,204 | 205 | 206 | 207,,2,83/1/1 | 83/2/1,A,659.2,144445,0,,,,digi1.DB:BOOK_OTHER_TITLES | digi1.DB:BOOK_SUBJECT | digi1.DB:COPIES_VOLUMES | digi1.DB:EDITOR_BOOK | digi1.DB:PUBL_BOOK,MASTER_TITLE_MISSING_RELATIONS_RECOVERED
85,,Missing from available BOOK master records,,,,,,,,,,Stanley E.fawcett | Lisa M.ellram | Jeffrey A.ogden,98 | 99 | 100,,Pearson prentice Hall,16,,Supply management,71,,1,85/1/1,A,658.1,17787,0,,,,digi1.DB:BOOK_OTHER_TITLES | digi1.DB:BOOK_SUBJECT | digi1.DB:COPIES_VOLUMES | digi1.DB:EDITOR_BOOK | digi1.DB:PUBL_BOOK,MASTER_TITLE_MISSING_RELATIONS_RECOVERED
86,,Missing from available BOOK master records,,,,,,,,,,Cecil  C.bozarth | Robert B.handfield,101 | 102,,Pearson prentice Hall,16,,,,,1,86/1/1,A,658.5,17062,0,,,,digi1.DB:BOOK_OTHER_TITLES | digi1.DB:COPIES_VOLUMES | digi1.DB:EDITOR_BOOK | digi1.DB:PUBL_BOOK,MASTER_TITLE_MISSING_RELATIONS_RECOVERED
89,,Missing from available BOOK master records,,,,,,,,,,David ress | Christine porter,104 | 105,,South-western,14,,mangement enviroment | Managers | communication | motivation,209 | 208 | 210 | 211,,1,89/1/1,A,658.3,,0,,,,digi1.DB:BOOK_OTHER_TITLES | digi1.DB:BOOK_SUBJECT | digi1.DB:COPIES_VOLUMES | digi1.DB:EDITOR_BOOK | digi1.DB:PUBL_BOOK,MASTER_TITLE_MISSING_RELATIONS_RECOVERED
90,,Missing from available BOOK master records,,,,,,,,,,Anglo S.denisi | Ricky W. Griffin,106 | 52,,Houghton Mifflin company,15,,Human Resources | Personnel Management | Making decision,83 | 1979 | 212,,1,90/1/1,A,658.3,17805,0,,,,digi1.DB:BOOK_OTHER_TITLES | digi1.DB:BOOK_SUBJECT | digi1.DB:COPIES_VOLUMES | digi1.DB:EDITOR_BOOK | digi1.DB:PUBL_BOOK,MASTER_TITLE_MISSING_RELATIONS_RECOVERED
91,,Missing from available BOOK master records,,,,,,,,,,Stephen P. Robbins | Phillip L.hunsaker,1523 | 109,,Person hall,33,,,,,1,91/1/1,A,658.3,17797,0,,,,digi1.DB:BOOK_OTHER_TITLES | digi1.DB:COPIES_VOLUMES | digi1.DB:EDITOR_BOOK | digi1.DB:PUBL_BOOK,MASTER_TITLE_MISSING_RELATIONS_RECOVERED
92,,Missing from available BOOK master records,,,,,,,,,,John d.daniels | Lee H.redebaugh | Daniel P.sullivan,110 | 111 | 112,,Pearson prentice Hall,16,,International business enterprises-personnel management | Investment foreign | International economic relation,106 | 216 | 217,,1,92/1/1,A,658.1,17754,0,,,,digi1.DB:BOOK_OTHER_TITLES | digi1.DB:BOOK_SUBJECT | digi1.DB:COPIES_VOLUMES | digi1.DB:EDITOR_BOOK | digi1.DB:PUBL_BOOK,MASTER_TITLE_MISSING_RELATIONS_RECOVERED
93,,Missing from available BOOK master records,,,,,,,,,,Joseph F.hair,113,,Houghton Mifflin company,15,,"Marketing | Academic writing-Handbooks,manuals | Sales forecasting | Sales management",84 | 90 | 219 | 646,,1,93/1/1,A,658.8101,17760,0,,,,digi1.DB:BOOK_OTHER_TITLES | digi1.DB:BOOK_SUBJECT | digi1.DB:COPIES_VOLUMES | digi1.DB:EDITOR_BOOK | digi1.DB:PUBL_BOOK,MASTER_TITLE_MISSING_RELATIONS_RECOVERED
94,,Missing from available BOOK master records,,,,,,,,,,James W.thacker | P.nick blanchard,114 | 115,,Pearson education international,37,,Training pearsonal | Personnel Management,215 | 1979,,1,94/1/1,A,658.3,17809,0,,,,digi1.DB:BOOK_OTHER_TITLES | digi1.DB:BOOK_SUBJECT | digi1.DB:COPIES_VOLUMES | digi1.DB:EDITOR_BOOK | digi1.DB:PUBL_BOOK,MASTER_TITLE_MISSING_RELATIONS_RECOVERED
95,,Missing from available BOOK master records,,,,,,,,,,susan v.crosson | Belverd E. Needles,116 | 117,,Houghton Mifflin company,15,,Managment accounting | cost accounting | cost analysis,221 | 222 | 223,,1,95/1/1,A,658.151,17765,0,,,,digi1.DB:BOOK_OTHER_TITLES | digi1.DB:BOOK_SUBJECT | digi1.DB:COPIES_VOLUMES | digi1.DB:EDITOR_BOOK | digi1.DB:PUBL_BOOK,MASTER_TITLE_MISSING_RELATIONS_RECOVERED
98,,Missing from available BOOK master records,,,,,,,,,,عاطف جابر طه عبد الرحيم,118,,الدار الجامعية,1,,المفاوضات | الاتفاقيات الدولية,224 | 225,,2,98/1/1 | 98/2/1,A,658.405,17495,0,,,,digi1.DB:BOOK_OTHER_TITLES | digi1.DB:BOOK_SUBJECT | digi1.DB:COPIES_VOLUMES | digi1.DB:EDITOR_BOOK | digi1.DB:PUBL_BOOK,MASTER_TITLE_MISSING_RELATIONS_RECOVERED
99,,Missing from available BOOK master records,,,,,,,,,,ناصر اللقانى,119,,مركز الكتاب للنشر,38,,الشخصية | الشخصية - أنواع | الشخصية-أنماط,171 | 226 | 227,,2,99/1/1 | 99/2/1,A,155.2,17597,0,,,,digi1.DB:BOOK_OTHER_TITLES | digi1.DB:BOOK_SUBJECT | digi1.DB:COPIES_VOLUMES | digi1.DB:EDITOR_BOOK | digi1.DB:PUBL_BOOK,MASTER_TITLE_MISSING_RELATIONS_RECOVERED
100,,Missing from available BOOK master records,,,,,,,,,,شريف السماحى,120,,مركز الخبرات المهنية للادارة (بميك),6,,الامن الصناعى | الاسعافات الاولية | الصحة المهنية,228 | 229 | 230,,1,100/1/1,A,363.11,17650,0,,,,digi1.DB:BOOK_OTHER_TITLES | digi1.DB:BOOK_SUBJECT | digi1.DB:COPIES_VOLUMES | digi1.DB:EDITOR_BOOK | digi1.DB:PUBL_BOOK,MASTER_TITLE_MISSING_RELATIONS_RECOVERED
101,,Missing from available BOOK master records,,,,,,,,,,جيمس بوكان,121,,كلمات عربية للترجمة والنشر,11,,الاقتصاديون الاسكتلنديون,231,,1,101/1/1,A,923.33,17587,0,,,,digi1.DB:BOOK_OTHER_TITLES | digi1.DB:BOOK_SUBJECT | digi1.DB:COPIES_VOLUMES | digi1.DB:EDITOR_BOOK | digi1.DB:PUBL_BOOK,MASTER_TITLE_MISSING_RELATIONS_RECOVERED
102,,Missing from available BOOK master records,,,,,,,,,,عبد الرحمن توفيق,10,,مركز الخبرات المهنية للادارة (بميك),6,,التدريب | التأهيل المهنى | برامج التدريب | إعادة التدريب | الدورات التدريبية,232 | 233 | 234 | 235 | 236,,1,102/1/1,A,658.409,17671,0,,,,digi1.DB:BOOK_OTHER_TITLES | digi1.DB:BOOK_SUBJECT | digi1.DB:COPIES_VOLUMES | digi1.DB:EDITOR_BOOK | digi1.DB:PUBL_BOOK,MASTER_TITLE_MISSING_RELATIONS_RECOVERED
103,,Missing from available BOOK master records,,,,,,,,,,فريد النجار,1,,الدار الجامعية,1,,المؤسسات المالية | البورصات | الاسواق المالية,237 | 238 | 239,,1,103/1/1,A,332.1,17586,0,,,,digi1.DB:BOOK_OTHER_TITLES | digi1.DB:BOOK_SUBJECT | digi1.DB:COPIES_VOLUMES | digi1.DB:EDITOR_BOOK | digi1.DB:PUBL_BOOK,MASTER_TITLE_MISSING_RELATIONS_RECOVERED
104,,Missing from available BOOK master records,,,,,,,,,,احمد صلاح عطية,122,,الدار الجامعية,1,,مراجعة الحسابات-حسابات حكومية | التقارير المالية | المراجعة الحكومية | الحسابات الختامية | الدفاتر الحسابية,240 | 241 | 242 | 243 | 244,,1,104/1/1,A,657.835,17490,0,,,,digi1.DB:BOOK_OTHER_TITLES | digi1.DB:BOOK_SUBJECT | digi1.DB:COPIES_VOLUMES | digi1.DB:EDITOR_BOOK | digi1.DB:PUBL_BOOK,MASTER_TITLE_MISSING_RELATIONS_RECOVERED
105,,Missing from available BOOK master records,,,,,,,,,,,,,,,,رضاء المستهلك | التميز | خدمة العملاء,245 | 246 | 247,,1,105/1/1,A,658.834,17620,0,,,,digi1.DB:BOOK_OTHER_TITLES | digi1.DB:BOOK_SUBJECT | digi1.DB:COPIES_VOLUMES,MASTER_TITLE_MISSING_RELATIONS_RECOVERED
106,,Missing from available BOOK master records,,,,,,,,,,محمود محمود السجاعى,124,,المكتبة العصرية,32,,محاسبة التكاليف | إمساك الدفاتر,248 | 249,,1,106/1/1,A,657.42,17592,0,,,,digi1.DB:BOOK_OTHER_TITLES | digi1.DB:BOOK_SUBJECT | digi1.DB:COPIES_VOLUMES | digi1.DB:EDITOR_BOOK | digi1.DB:PUBL_BOOK,MASTER_TITLE_MISSING_RELATIONS_RECOVERED
107,,Missing from available BOOK master records,,,,,,,,,,عدنان عوض,125,,الشركة العربية المتحدة للتسويق والتوريدات,39,,طرق البحث | البحث العلمى,250 | 251,,1,107/1/1,A,001.42,17659,0,,,,digi1.DB:BOOK_OTHER_TITLES | digi1.DB:BOOK_SUBJECT | digi1.DB:COPIES_VOLUMES | digi1.DB:EDITOR_BOOK | digi1.DB:PUBL_BOOK,MASTER_TITLE_MISSING_RELATIONS_RECOVERED
108,,Missing from available BOOK master records,,,,,,,,,,مجدى محمد ابو العطا,92,,المؤلف,8,,الحاسبات الالكترونية - برامج | visual basic 2005,252 | 253,,3,108/1/1 | 108/2/1 | 108/3/1,A,005.2,17706 | 17707 | 17708,0,,,,digi1.DB:BOOK_OTHER_TITLES | digi1.DB:BOOK_SUBJECT | digi1.DB:COPIES_VOLUMES | digi1.DB:EDITOR_BOOK | digi1.DB:PUBL_BOOK,MASTER_TITLE_MISSING_RELATIONS_RECOVERED
109,,Missing from available BOOK master records,,,,,,,,,,حاتم بن صلاح سنوسى ابو الجدائل,126,,مركز الخبرات المهنية للادارة (بميك),6,,"التخطيط الاستراتيجى | البيئة الداخلية | التفكير الاستراتيجى | البيئة الخارجية | Academic writing-Handbooks,manuals | التخطيط الاستراتيجى-النقل الجوى",254 | 255 | 256 | 257 | 90 | 259,,1,109/1/1,A,658.401,17646,0,,,,digi1.DB:BOOK_OTHER_TITLES | digi1.DB:BOOK_SUBJECT | digi1.DB:COPIES_VOLUMES | digi1.DB:EDITOR_BOOK | digi1.DB:PUBL_BOOK,MASTER_TITLE_MISSING_RELATIONS_RECOVERED
110,,Missing from available BOOK master records,,,,,,,,,,مجدى محمد ابو العطا,92,,المؤلف,8,,الحاسبات الالكترونية - برامج | microsoft power point 2007 | microsoft word 2007 | microsoft outlook 2007 | microsoft access 2007 | microsoft excel 2007 | microsoft office 2007,252 | 265 | 261 | 262 | 264 | 263 | 266,,1,110/1/1,A,005.2,17575,0,,,,digi1.DB:BOOK_OTHER_TITLES | digi1.DB:BOOK_SUBJECT | digi1.DB:COPIES_VOLUMES | digi1.DB:EDITOR_BOOK | digi1.DB:PUBL_BOOK,MASTER_TITLE_MISSING_RELATIONS_RECOVERED
111,,Missing from available BOOK master records,,,,,,,,,,احمد حسن خميس,70,,المؤلف,8,,الحاسبات الالكترونية - برامج | Excel XP,252 | 267,,1,111/1/1,A,005.2,17710,0,,,,digi1.DB:BOOK_OTHER_TITLES | digi1.DB:BOOK_SUBJECT | digi1.DB:COPIES_VOLUMES | digi1.DB:EDITOR_BOOK | digi1.DB:PUBL_BOOK,MASTER_TITLE_MISSING_RELATIONS_RECOVERED
112,,Missing from available BOOK master records,,,,,,,,,,نيفيل ليك,127,,مجموعة النيل العربية,40,,التخطيط الاستراتيجى | التفكير الاستراتيجى,254 | 256,,2,112/1/1 | 112/2/1,A,658.401,17563,0,,,,digi1.DB:BOOK_OTHER_TITLES | digi1.DB:BOOK_SUBJECT | digi1.DB:COPIES_VOLUMES | digi1.DB:EDITOR_BOOK | digi1.DB:PUBL_BOOK,MASTER_TITLE_MISSING_RELATIONS_RECOVERED
113,,Missing from available BOOK master records,,,,,,,,,,فريد النجار,1,,الدار الجامعية,1,,الاتصالات الادارية | الاتصالات الافقية,268 | 269,,2,113/1/1 | 113/2/1,A,658.45,17554,0,,,,digi1.DB:BOOK_OTHER_TITLES | digi1.DB:BOOK_SUBJECT | digi1.DB:COPIES_VOLUMES | digi1.DB:EDITOR_BOOK | digi1.DB:PUBL_BOOK,MASTER_TITLE_MISSING_RELATIONS_RECOVERED
114,,Missing from available BOOK master records,,,,,,,,,,جمال حواش,128,,إيتراك للطباعة والنشر والتوزيع,10,,ادارة الازمات | السيول | الكوارث | الكوارث الطبيعية | السكك الحديدية-حوادث | الزلازل,270 | 271 | 272 | 274 | 275 | 276,,2,114/1/1 | 114/2/1,A,658.405,17491,0,,,,digi1.DB:BOOK_OTHER_TITLES | digi1.DB:BOOK_SUBJECT | digi1.DB:COPIES_VOLUMES | digi1.DB:EDITOR_BOOK | digi1.DB:PUBL_BOOK,MASTER_TITLE_MISSING_RELATIONS_RECOVERED
115,,Missing from available BOOK master records,,,,,,,,,,سمير محمد عبد الوهاب,7,,المنظمة العربية للتنمية الادارية,3,,الادارة المحلية - الوطن العربى | البلديات,11 | 277,,1,115/1/1,A,352.14,17688,0,,,,digi1.DB:BOOK_OTHER_TITLES | digi1.DB:BOOK_SUBJECT | digi1.DB:COPIES_VOLUMES | digi1.DB:EDITOR_BOOK | digi1.DB:PUBL_BOOK,MASTER_TITLE_MISSING_RELATIONS_RECOVERED
116,,Missing from available BOOK master records,,,,,,,,,,سعيد السيد على,129,,المؤلف,8,,القانون الادارى,15,,2,116/1/1 | 116/2/1,A,342.06,17642,0,,,,digi1.DB:BOOK_OTHER_TITLES | digi1.DB:BOOK_SUBJECT | digi1.DB:COPIES_VOLUMES | digi1.DB:EDITOR_BOOK | digi1.DB:PUBL_BOOK,MASTER_TITLE_MISSING_RELATIONS_RECOVERED
117,,Missing from available BOOK master records,,,,,,,,,,محمد فخرى مكى,130,,المؤلف,8,,اتخاذ القرارات,128,,2,117/1/1 | 117/2/1,A,658.403,17484,0,,,,digi1.DB:BOOK_OTHER_TITLES | digi1.DB:BOOK_SUBJECT | digi1.DB:COPIES_VOLUMES | digi1.DB:EDITOR_BOOK | digi1.DB:PUBL_BOOK,MASTER_TITLE_MISSING_RELATIONS_RECOVERED
118,,Missing from available BOOK master records,,,,,,,,,,حياة بن اسماعيل,131,,إيتراك للطباعة والنشر والتوزيع,10,,الميزانية - مصر | الايرادات الحكومية | مصر-الايرادات والنفقات,278 | 279 | 280,,2,118/1/1 | 118/2/1,A,352.48,17565,0,,,,digi1.DB:BOOK_OTHER_TITLES | digi1.DB:BOOK_SUBJECT | digi1.DB:COPIES_VOLUMES | digi1.DB:EDITOR_BOOK | digi1.DB:PUBL_BOOK,MASTER_TITLE_MISSING_RELATIONS_RECOVERED
119,,Missing from available BOOK master records,,,,,,,,,,السيد أحمد السقا,132,,المؤلف,8,,المراجعة الداخلية,281,,1,119/1/1,A,657.458,17712,0,,,,digi1.DB:BOOK_OTHER_TITLES | digi1.DB:BOOK_SUBJECT | digi1.DB:COPIES_VOLUMES | digi1.DB:EDITOR_BOOK | digi1.DB:PUBL_BOOK,MASTER_TITLE_MISSING_RELATIONS_RECOVERED
120,,Missing from available BOOK master records,,,,,,,,,,مجدى محمد ابو العطا,92,,المؤلف,8,,الحاسبات الالكترونية - برامج | microsoft power point 2007,252 | 265,,1,120/1/1,A,005.2,17580,0,,,,digi1.DB:BOOK_OTHER_TITLES | digi1.DB:BOOK_SUBJECT | digi1.DB:COPIES_VOLUMES | digi1.DB:EDITOR_BOOK | digi1.DB:PUBL_BOOK,MASTER_TITLE_MISSING_RELATIONS_RECOVERED
121,,Missing from available BOOK master records,,,,,,,,,,حسن محمد أحمد محمد مختار,133,,الشركة العربية المتحدة للتسويق والتوريدات,39,,"التخطيط الاستراتيجى | ادارة التغيير | Academic writing-Handbooks,manuals | الذكاء الاصطناعى | التجارة الالكترونية",254 | 282 | 90 | 283 | 111,,1,121/1/1,A,658.401,17654,0,,,,digi1.DB:BOOK_OTHER_TITLES | digi1.DB:BOOK_SUBJECT | digi1.DB:COPIES_VOLUMES | digi1.DB:EDITOR_BOOK | digi1.DB:PUBL_BOOK,MASTER_TITLE_MISSING_RELATIONS_RECOVERED
122,,Missing from available BOOK master records,,,,,,,,,,Zvi Bodie | Robert C. Merton | David L. Cleeton,134 | 135 | 136,,Pearson prentice Hall,16,,Financial economics | Risk management,284 | 285,,1,122/1/1,A,332,17775,0,,,,digi1.DB:BOOK_OTHER_TITLES | digi1.DB:BOOK_SUBJECT | digi1.DB:COPIES_VOLUMES | digi1.DB:EDITOR_BOOK | digi1.DB:PUBL_BOOK,MASTER_TITLE_MISSING_RELATIONS_RECOVERED
123,,Missing from available BOOK master records,,,,,,,,,,W.Ronald Lane,137,,Pearson prentice Hall,16,,Advertising | Media | International advertising,286 | 287 | 288,,1,123/1/1,A,659.1,17759,0,,,,digi1.DB:BOOK_OTHER_TITLES | digi1.DB:BOOK_SUBJECT | digi1.DB:COPIES_VOLUMES | digi1.DB:EDITOR_BOOK | digi1.DB:PUBL_BOOK,MASTER_TITLE_MISSING_RELATIONS_RECOVERED
124,,Missing from available BOOK master records,,,,,,,,,,Alan D. morrison | William J. wilhelm,138 | 139,,Oxford university press,41,,Investment banking | Investment banks,289 | 290,,1,124/1/1,A,332.66,17825,0,,,,digi1.DB:BOOK_OTHER_TITLES | digi1.DB:BOOK_SUBJECT | digi1.DB:COPIES_VOLUMES | digi1.DB:EDITOR_BOOK | digi1.DB:PUBL_BOOK,MASTER_TITLE_MISSING_RELATIONS_RECOVERED
125,,Missing from available BOOK master records,,,,,,,,,,W.David Rees | Christine porter,140 | 105,,South-western,14,,communication | Personal aspects | selection | Training | Management | employee relations | motivation | Meetings,210 | 291 | 292 | 295 | 98 | 293 | 211 | 294,,1,125/1/1,A,658.409,17782,0,,,,digi1.DB:BOOK_OTHER_TITLES | digi1.DB:BOOK_SUBJECT | digi1.DB:COPIES_VOLUMES | digi1.DB:EDITOR_BOOK | digi1.DB:PUBL_BOOK,MASTER_TITLE_MISSING_RELATIONS_RECOVERED
126,,Missing from available BOOK master records,,,,,,,,,,Mark saunders | Philip lewis | Adrian thornhill,141 | 142 | 143,,Pearson prentice Hall,16,,Research methods for business | Research methods,297 | 296,,1,126/1/1,A,001.42,17751,0,,,,digi1.DB:BOOK_OTHER_TITLES | digi1.DB:BOOK_SUBJECT | digi1.DB:COPIES_VOLUMES | digi1.DB:EDITOR_BOOK | digi1.DB:PUBL_BOOK,MASTER_TITLE_MISSING_RELATIONS_RECOVERED
127,,Missing from available BOOK master records,,,,,,,,,,Robert M. Grant,144,,"John Wiley&Sons, Inc",12,,Strategic planning | Strategic analysis | Business strategies,74 | 298 | 299,,1,127/1/1,A,658.401,17767,0,,,,digi1.DB:BOOK_OTHER_TITLES | digi1.DB:BOOK_SUBJECT | digi1.DB:COPIES_VOLUMES | digi1.DB:EDITOR_BOOK | digi1.DB:PUBL_BOOK,MASTER_TITLE_MISSING_RELATIONS_RECOVERED
128,,Missing from available BOOK master records,,,,,,,,,,Colin drury,145,,South-western,14,,Managment accounting | cost accounting | Making decision,221 | 222 | 212,,1,128/1/1,A,658.151,17769,0,,,,digi1.DB:BOOK_OTHER_TITLES | digi1.DB:BOOK_SUBJECT | digi1.DB:COPIES_VOLUMES | digi1.DB:EDITOR_BOOK | digi1.DB:PUBL_BOOK,MASTER_TITLE_MISSING_RELATIONS_RECOVERED
129,,Missing from available BOOK master records,,,,,,,,,,محمد الصيرفى,21,,مؤسسة حورس الدولية,9,,الإدارة بالأهداف | الإدارة التنفيذية,300 | 301,,2,129/1/1 | 129/2/1,A,658.4,17498,0,,0,,digi1.DB:BOOK_OTHER_TITLES | digi1.DB:BOOK_SUBJECT | digi1.DB:COPIES_VOLUMES | digi1.DB:EDITOR_BOOK | digi1.DB:PUBL_BOOK | digi1.DB:SERIAL_BOOK,MASTER_TITLE_MISSING_RELATIONS_RECOVERED
130,,Missing from available BOOK master records,,,,,,,,,,Howard drener,147,,"John Wiley&Sons, Inc",12,,Management infiormation systems | Performance -managment | Information technology -managment,76 | 305 | 306,,1,130/1/1,A,658.4,17756,0,,,,digi1.DB:BOOK_OTHER_TITLES | digi1.DB:BOOK_SUBJECT | digi1.DB:COPIES_VOLUMES | digi1.DB:EDITOR_BOOK | digi1.DB:PUBL_BOOK,MASTER_TITLE_MISSING_RELATIONS_RECOVERED
131,,Missing from available BOOK master records,,,,,,,,,,أحمد محمد غنيم,146,,المكتبة العصرية,32,,الإدارة المالية | التخطيط المالى | الاستثمار | الأرباح,302 | 303 | 37 | 304,,1,131/1/1,A,658.15,17651,0,,,,digi1.DB:BOOK_OTHER_TITLES | digi1.DB:BOOK_SUBJECT | digi1.DB:COPIES_VOLUMES | digi1.DB:EDITOR_BOOK | digi1.DB:PUBL_BOOK,MASTER_TITLE_MISSING_RELATIONS_RECOVERED
132,,Missing from available BOOK master records,,,,,,,,,,Steven L.mcshane,148,,McGraw -Hill Irwin,42,,Human Resources | Organizational behavior,83 | 308,,1,132/1/1,A,658.3,17824,0,,,,digi1.DB:BOOK_OTHER_TITLES | digi1.DB:BOOK_SUBJECT | digi1.DB:COPIES_VOLUMES | digi1.DB:EDITOR_BOOK | digi1.DB:PUBL_BOOK,MASTER_TITLE_MISSING_RELATIONS_RECOVERED
133,,Missing from available BOOK master records,,,,,,,,,,محمد الصيرفى,21,,مؤسسة حورس الدولية,9,,الاتصالات الادارية | إدارة الأعمال | الاتصال,268 | 28 | 307,,2,133/1/1 | 133/2/1,A,658.45,17531,0,,0,,digi1.DB:BOOK_OTHER_TITLES | digi1.DB:BOOK_SUBJECT | digi1.DB:COPIES_VOLUMES | digi1.DB:EDITOR_BOOK | digi1.DB:PUBL_BOOK | digi1.DB:SERIAL_BOOK,MASTER_TITLE_MISSING_RELATIONS_RECOVERED
136,,Missing from available BOOK master records,,,,,,,,,,رامى عبد العزيز,149,,إيجيبت بوكس لنشر وتوزيع الكتب العلمية,43,,الحاسبات الالكترونية | الانترنت | نظم التشغيل,191 | 314 | 313,,1,136/1/1,A,,,0,,0,,digi1.DB:BOOK_OTHER_TITLES | digi1.DB:BOOK_SUBJECT | digi1.DB:COPIES_VOLUMES | digi1.DB:EDITOR_BOOK | digi1.DB:PUBL_BOOK | digi1.DB:SERIAL_BOOK,MASTER_TITLE_MISSING_RELATIONS_RECOVERED
137,,Missing from available BOOK master records,,,,,,,,,,without,150,,Elsevier,13,,,,,1,137/1/1,A,658.5,17749,0,,,,digi1.DB:BOOK_OTHER_TITLES | digi1.DB:COPIES_VOLUMES | digi1.DB:EDITOR_BOOK | digi1.DB:PUBL_BOOK,MASTER_TITLE_MISSING_RELATIONS_RECOVERED
138,,Missing from available BOOK master records,,,,,,,,,,Lerald greenbrg | Robert A.Baron,151 | 152,,Pearson education international,37,,Organizational behavior | Communication in managment | executive managment | leadership,308 | 310 | 311 | 312,,1,138/1/1,A,658.3,17748,0,,,,digi1.DB:BOOK_OTHER_TITLES | digi1.DB:BOOK_SUBJECT | digi1.DB:COPIES_VOLUMES | digi1.DB:EDITOR_BOOK | digi1.DB:PUBL_BOOK,MASTER_TITLE_MISSING_RELATIONS_RECOVERED
139,,Missing from available BOOK master records,,,,,,,,,,Catherine growthorpe,153,,Elsevier,13,,Financial managment,315,,1,139/1/1,A,658.15,17785,0,,,,digi1.DB:BOOK_OTHER_TITLES | digi1.DB:BOOK_SUBJECT | digi1.DB:COPIES_VOLUMES | digi1.DB:EDITOR_BOOK | digi1.DB:PUBL_BOOK,MASTER_TITLE_MISSING_RELATIONS_RECOVERED
140,,Missing from available BOOK master records,,,,,,,,,,مجدى محمد ابو العطا,92,,كمبيو ساينس,31,,الحاسبات الالكترونية | الحاسبات الالكترونية - برامج | إكسل,191 | 252 | 316,,1,140/1/1,A,005.3,17579,0,,,,digi1.DB:BOOK_OTHER_TITLES | digi1.DB:BOOK_SUBJECT | digi1.DB:COPIES_VOLUMES | digi1.DB:EDITOR_BOOK | digi1.DB:PUBL_BOOK,MASTER_TITLE_MISSING_RELATIONS_RECOVERED
141,,Missing from available BOOK master records,,,,,,,,,,Peter weverka,156,,"Wiley publishing,inc",18,,Computer program | Computer science | office 2007,318 | 100 | 319,,1,141/1/1,A,005.3,17820,0,,,,digi1.DB:BOOK_OTHER_TITLES | digi1.DB:BOOK_SUBJECT | digi1.DB:COPIES_VOLUMES | digi1.DB:EDITOR_BOOK | digi1.DB:PUBL_BOOK,MASTER_TITLE_MISSING_RELATIONS_RECOVERED
142,,Missing from available BOOK master records,,,,,,,,,,السيد محمد أحمد السريتى | على عبد الوهاب نجا,27 | 154,,الدار الجامعية,1,,الاقتصاد | الاقتصاد الجزئى | المشاكل الاقتصادية,34 | 51 | 317,,2,142/1/1 | 142/2/1,A,338.5,17663,0,,,,digi1.DB:BOOK_OTHER_TITLES | digi1.DB:BOOK_SUBJECT | digi1.DB:COPIES_VOLUMES | digi1.DB:EDITOR_BOOK | digi1.DB:PUBL_BOOK,MASTER_TITLE_MISSING_RELATIONS_RECOVERED
143,,Missing from available BOOK master records,,,,,,,,,,ثابت عبد الرحمن إدريس,155,,المنظمة العربية للتنمية الادارية,3,,التفاوض | إدارة الأعمال,112 | 28,,2,143/1/1 | 143/2/1,A,658.4,17678,0,,0,,digi1.DB:BOOK_OTHER_TITLES | digi1.DB:BOOK_SUBJECT | digi1.DB:COPIES_VOLUMES | digi1.DB:EDITOR_BOOK | digi1.DB:PUBL_BOOK | digi1.DB:SERIAL_BOOK,MASTER_TITLE_MISSING_RELATIONS_RECOVERED
144,,Missing from available BOOK master records,,,,,,,,,,عبد الرحمن توفيق,10,,مركز الخبرات المهنية للادارة (بميك),6,,التخطيط الاستراتيجى | الاستراتيجية,254 | 320,,2,144/1/1 | 144/2/1,A,658.401,17648,0,,0,,digi1.DB:BOOK_OTHER_TITLES | digi1.DB:BOOK_SUBJECT | digi1.DB:COPIES_VOLUMES | digi1.DB:EDITOR_BOOK | digi1.DB:PUBL_BOOK | digi1.DB:SERIAL_BOOK,MASTER_TITLE_MISSING_RELATIONS_RECOVERED
145,,Missing from available BOOK master records,,,,,,,,,,محمد حمدى غانم,157,,مكتبة دار المعرفة للنشر والتوزيع,44,,الحاسبات الالكترونية | فيجوال بيسك | البرمجة ( حاسبات إلكترونية) | الحاسبات الإلكترونية - لغات,191 | 321 | 322 | 323,,1,145/1/1,A,005.13,17574,0,,,,digi1.DB:BOOK_OTHER_TITLES | digi1.DB:BOOK_SUBJECT | digi1.DB:COPIES_VOLUMES | digi1.DB:EDITOR_BOOK | digi1.DB:PUBL_BOOK,MASTER_TITLE_MISSING_RELATIONS_RECOVERED
146,,Missing from available BOOK master records,,,,,,,,,,Joseph miller,158,,The H.Wwilson company,45,,List of subject heading,324,,1,146/1/1,A,.25,17817,0,,,,digi1.DB:BOOK_OTHER_TITLES | digi1.DB:BOOK_SUBJECT | digi1.DB:COPIES_VOLUMES | digi1.DB:EDITOR_BOOK | digi1.DB:PUBL_BOOK,MASTER_TITLE_MISSING_RELATIONS_RECOVERED
147,,Missing from available BOOK master records,,,,,,,,,,أحمد محمد غنيم,146,,المكتبة العصرية,32,,الإدارة الإلكترونية | الادارة,29 | 154,,2,147/1/1 | 147/2/1,A,658.4,17634,0,,4,,digi1.DB:BOOK_OTHER_TITLES | digi1.DB:BOOK_SUBJECT | digi1.DB:COPIES_VOLUMES | digi1.DB:EDITOR_BOOK | digi1.DB:PUBL_BOOK | digi1.DB:SERIAL_BOOK,MASTER_TITLE_MISSING_RELATIONS_RECOVERED
148,,Missing from available BOOK master records,,,,,,,,,,Floyd A.beams | joseph h. anthory | Robin Pclement,159 | 160 | 161,,Pearson education international,37,,Accounting | Local government,107 | 325,,1,148/1/1,A,657.01,17781,0,,,,digi1.DB:BOOK_OTHER_TITLES | digi1.DB:BOOK_SUBJECT | digi1.DB:COPIES_VOLUMES | digi1.DB:EDITOR_BOOK | digi1.DB:PUBL_BOOK,MASTER_TITLE_MISSING_RELATIONS_RECOVERED
150,,Missing from available BOOK master records,,,,,,,,,,Knut syds | Peter hammond,162 | 163,,Pearson prentice Hall,16,,Econometrics | Equations | analysis (mathematics) | Functions(mathematics),104 | 328 | 329 | 330,,1,150/1/1,A,330.015,17777,0,,,,digi1.DB:BOOK_OTHER_TITLES | digi1.DB:BOOK_SUBJECT | digi1.DB:COPIES_VOLUMES | digi1.DB:EDITOR_BOOK | digi1.DB:PUBL_BOOK,MASTER_TITLE_MISSING_RELATIONS_RECOVERED
151,,Missing from available BOOK master records,,,,,,,,,,محمد صفوت قابل,25,,المؤلف,8,,التنمية الاقتصادية | الاستثمارات الأجنبية | الفقر | التخطيط الاقتصادى,27 | 181 | 326 | 327,,1,151/1/1,A,338.9,17601,0,,,,digi1.DB:BOOK_OTHER_TITLES | digi1.DB:BOOK_SUBJECT | digi1.DB:COPIES_VOLUMES | digi1.DB:EDITOR_BOOK | digi1.DB:PUBL_BOOK,MASTER_TITLE_MISSING_RELATIONS_RECOVERED
152,,Missing from available BOOK master records,,,,,,,,,,عبد الغفار حنفى,164,,الدار الجامعية,1,,الإدارة المالية | التخطيط المالى | دراسة الجدوى | الاستثمارات,302 | 303 | 7 | 164,,2,152/1/1 | 152/2/1,A,658.15,17494,0,,,,digi1.DB:BOOK_OTHER_TITLES | digi1.DB:BOOK_SUBJECT | digi1.DB:COPIES_VOLUMES | digi1.DB:EDITOR_BOOK | digi1.DB:PUBL_BOOK,MASTER_TITLE_MISSING_RELATIONS_RECOVERED
154,,Missing from available BOOK master records,,,,,,,,,,حامد عبد المجيد دراز | المرسى السيد حجازى | سميرة إبراهيم أيوب,165 | 166 | 167,,الدار الجامعية,1,,الاقتصاد | الضرائب | النفقات العامة | الانفاق الاقتصادى,34 | 331 | 332 | 333,,1,154/1/1,A,336.2,17590,0,,,,digi1.DB:BOOK_OTHER_TITLES | digi1.DB:BOOK_SUBJECT | digi1.DB:COPIES_VOLUMES | digi1.DB:EDITOR_BOOK | digi1.DB:PUBL_BOOK,MASTER_TITLE_MISSING_RELATIONS_RECOVERED
155,,Missing from available BOOK master records,,,,,,,,,,سيد محمد جاد الرب,168,,المؤلف,8,,إدارة الأعمال | تقييم الاداء | الرقابة,28 | 12 | 334,,2,155/1/1 | 155/2/1,A,658.401,17649,0,,,,digi1.DB:BOOK_OTHER_TITLES | digi1.DB:BOOK_SUBJECT | digi1.DB:COPIES_VOLUMES | digi1.DB:EDITOR_BOOK | digi1.DB:PUBL_BOOK,MASTER_TITLE_MISSING_RELATIONS_RECOVERED
156,,Missing from available BOOK master records,,,,,,,,,,ابراهيم على ابراهيم عبد الله,169,,الدار الجامعية,1,,التأمين | التأمين على الحياة | التأمين البحرى | اعادة التأمين,335 | 336 | 337 | 338,,1,156/1/1,A,368,17655,0,,,,digi1.DB:BOOK_OTHER_TITLES | digi1.DB:BOOK_SUBJECT | digi1.DB:COPIES_VOLUMES | digi1.DB:EDITOR_BOOK | digi1.DB:PUBL_BOOK,MASTER_TITLE_MISSING_RELATIONS_RECOVERED
157,,Missing from available BOOK master records,,,,,,,,,,محمد الصيرفى,21,,مؤسسة حورس الدولية,9,,خدمة الجماعة,339,,2,157/1/1 | 157/2/1,A,311.114,17595,0,,,,digi1.DB:BOOK_OTHER_TITLES | digi1.DB:BOOK_SUBJECT | digi1.DB:COPIES_VOLUMES | digi1.DB:EDITOR_BOOK | digi1.DB:PUBL_BOOK,MASTER_TITLE_MISSING_RELATIONS_RECOVERED
158,,Missing from available BOOK master records,,,,,,,,,,احمد غنيم | خالد زكريا | حسن العلوانى | سلوى العنترى,170 | 171 | 172 | 173,,شركاء التنمية للبحوث والاستشارات,46,,الادارة العامة | الادارة المحلية | الاصلاح الادارى - مصر,13 | 340 | 341,,2,158/1/1 | 158/2/1,A,351,17502,0,,,,digi1.DB:BOOK_OTHER_TITLES | digi1.DB:BOOK_SUBJECT | digi1.DB:COPIES_VOLUMES | digi1.DB:EDITOR_BOOK | digi1.DB:PUBL_BOOK,MASTER_TITLE_MISSING_RELATIONS_RECOVERED
159,,Missing from available BOOK master records,,,,,,,,,,جلال الدين محمد فهمى,174,,المنظمة العربية للتنمية الادارية,3,,الادارة العامة | الأجور | الوظائف,13 | 45 | 131,,2,159/1/1 | 159/2/1,A,351,17697,0,,402,,digi1.DB:BOOK_OTHER_TITLES | digi1.DB:BOOK_SUBJECT | digi1.DB:COPIES_VOLUMES | digi1.DB:EDITOR_BOOK | digi1.DB:PUBL_BOOK | digi1.DB:SERIAL_BOOK,MASTER_TITLE_MISSING_RELATIONS_RECOVERED
160,,Missing from available BOOK master records,,,,,,,,,,سيد محمد جاد الرب,168,,المؤلف,8,,إدارة الأعمال | المنظمات | QWL | المنظمات الحكومية الدولية,28 | 156 | 342 | 343,,2,160/1/1 | 160/2/1,A,658.4,17713,0,,0,,digi1.DB:BOOK_OTHER_TITLES | digi1.DB:BOOK_SUBJECT | digi1.DB:COPIES_VOLUMES | digi1.DB:EDITOR_BOOK | digi1.DB:PUBL_BOOK | digi1.DB:SERIAL_BOOK,MASTER_TITLE_MISSING_RELATIONS_RECOVERED
161,,Missing from available BOOK master records,,,,,,,,,,ابراهيم عبد العزيز النجار,175,,الدار الجامعية,1,,الضرائب-تسوية | التظلمات | ضرائب الدخل-مصر | ضرائب المبيعات,344 | 345 | 346 | 347,,2,161/1/1 | 161/2/1,A,336.206,17505,0,,,,digi1.DB:BOOK_OTHER_TITLES | digi1.DB:BOOK_SUBJECT | digi1.DB:COPIES_VOLUMES | digi1.DB:EDITOR_BOOK | digi1.DB:PUBL_BOOK,MASTER_TITLE_MISSING_RELATIONS_RECOVERED
162,,Missing from available BOOK master records,,,,,,,,,,بشير عباس العلاق,176,,المنظمة العربية للتنمية الادارية,3,,الحكومة الإلكترونية | التسويق-خدمات المعلومات | البريد الالكترونى,30 | 348 | 349,,1,162/1/1,A,658.801,17701,0,,,,digi1.DB:BOOK_OTHER_TITLES | digi1.DB:BOOK_SUBJECT | digi1.DB:COPIES_VOLUMES | digi1.DB:EDITOR_BOOK | digi1.DB:PUBL_BOOK,MASTER_TITLE_MISSING_RELATIONS_RECOVERED
163,,Missing from available BOOK master records,,,,,,,,,,ادوارد سميث,177,,دار الفاروق للاستثمارات الثقافية,47,,النجاح | النجاح الشخصى,350 | 351,,1,163/1/1,A,131.3,17168,0,,,,digi1.DB:BOOK_OTHER_TITLES | digi1.DB:BOOK_SUBJECT | digi1.DB:COPIES_VOLUMES | digi1.DB:EDITOR_BOOK | digi1.DB:PUBL_BOOK,MASTER_TITLE_MISSING_RELATIONS_RECOVERED
164,,Missing from available BOOK master records,,,,,,,,,,على عبد الهادى مسلم,178,,المنظمة العربية للتنمية الادارية,3,,المنظمات المصرية,352,,2,164/1/1 | 164/2/1,A,351,17675,0,,,,digi1.DB:BOOK_OTHER_TITLES | digi1.DB:BOOK_SUBJECT | digi1.DB:COPIES_VOLUMES | digi1.DB:EDITOR_BOOK | digi1.DB:PUBL_BOOK,MASTER_TITLE_MISSING_RELATIONS_RECOVERED
165,,Missing from available BOOK master records,,,,,,,,,,صلاح سالم,179,,المكتبة الاكاديمية,2,,القومية العربية-مصر | الصهيونية,353 | 354,,1,165/1/1,A,320.54,17656,0,,0,,digi1.DB:BOOK_OTHER_TITLES | digi1.DB:BOOK_SUBJECT | digi1.DB:COPIES_VOLUMES | digi1.DB:EDITOR_BOOK | digi1.DB:PUBL_BOOK | digi1.DB:SERIAL_BOOK,MASTER_TITLE_MISSING_RELATIONS_RECOVERED
166,,Missing from available BOOK master records,,,,,,,,,,مصطفى عبد الغنى,180,,المكتبة الاكاديمية,2,,الديمقراطية,175,,1,166/1/1,A,321.8,17669,0,,0,,digi1.DB:BOOK_OTHER_TITLES | digi1.DB:BOOK_SUBJECT | digi1.DB:COPIES_VOLUMES | digi1.DB:EDITOR_BOOK | digi1.DB:PUBL_BOOK | digi1.DB:SERIAL_BOOK,MASTER_TITLE_MISSING_RELATIONS_RECOVERED
167,,Missing from available BOOK master records,,,,,,,,,,امين السيد احمد لطفى,181,,الدار الجامعية,1,,التقارير المالية | مراجعة الحسابات,241 | 355,,1,167/1/1,A,657.45,17619,0,,,,digi1.DB:BOOK_OTHER_TITLES | digi1.DB:BOOK_SUBJECT | digi1.DB:COPIES_VOLUMES | digi1.DB:EDITOR_BOOK | digi1.DB:PUBL_BOOK,MASTER_TITLE_MISSING_RELATIONS_RECOVERED
168,,Missing from available BOOK master records,,,,,,,,,,كامل السعيد | صاحب الفتلاوى | منذر الفضل,182 | 183 | 184,,الشركة العربية المتحدة للتسويق والتوريدات,39,,القانون | حقوق الانسان,356 | 357,,2,168/1/1 | 168/2/1,A,340,17639,0,,,,digi1.DB:BOOK_OTHER_TITLES | digi1.DB:BOOK_SUBJECT | digi1.DB:COPIES_VOLUMES | digi1.DB:EDITOR_BOOK | digi1.DB:PUBL_BOOK,MASTER_TITLE_MISSING_RELATIONS_RECOVERED
169,,Missing from available BOOK master records,,,,,,,,,,ستيفن لاندسبيرج | مجدى عبد الواحد عنبة,185 | 186,,كلمات عربية للترجمة والنشر,11,,الاقتصاد-نظريات,358,,2,169/1/1 | 169/2/1,A,330.1,17545,0,,,,digi1.DB:BOOK_OTHER_TITLES | digi1.DB:BOOK_SUBJECT | digi1.DB:COPIES_VOLUMES | digi1.DB:EDITOR_BOOK | digi1.DB:PUBL_BOOK,MASTER_TITLE_MISSING_RELATIONS_RECOVERED
170,,Missing from available BOOK master records,,,,,,,,,,محسن أحمد الخضيرى,20,,إيتراك للطباعة والنشر والتوزيع,10,,الاقتصاد | الابداع | الابتكار,34 | 8 | 130,,3,170/1/1 | 170/2/1 | 170/3/1,A,330,17621 | 17541,0,,,,digi1.DB:BOOK_OTHER_TITLES | digi1.DB:BOOK_SUBJECT | digi1.DB:COPIES_VOLUMES | digi1.DB:EDITOR_BOOK | digi1.DB:PUBL_BOOK,MASTER_TITLE_MISSING_RELATIONS_RECOVERED
171,,Missing from available BOOK master records,,,,,,,,,,مجدى محمد ابو العطا,92,,كمبيو ساينس,31,,الحاسبات الالكترونية | الحاسبات الالكترونية - برامج | microsoft word 2007,191 | 252 | 261,,1,171/1/1,A,005.3,17581,0,,,,digi1.DB:BOOK_OTHER_TITLES | digi1.DB:BOOK_SUBJECT | digi1.DB:COPIES_VOLUMES | digi1.DB:EDITOR_BOOK | digi1.DB:PUBL_BOOK,MASTER_TITLE_MISSING_RELATIONS_RECOVERED
172,,Missing from available BOOK master records,,,,,,,,,,بسيونى محمد البرادعى,187,,إيتراك للطباعة والنشر والتوزيع,10,,التدريب-أدلة | المدرب العربى,359 | 360,,2,172/1/1 | 172/2/1,A,658.312,17501,0,,0,,digi1.DB:BOOK_OTHER_TITLES | digi1.DB:BOOK_SUBJECT | digi1.DB:COPIES_VOLUMES | digi1.DB:EDITOR_BOOK | digi1.DB:PUBL_BOOK | digi1.DB:SERIAL_BOOK,MASTER_TITLE_MISSING_RELATIONS_RECOVERED
173,,Missing from available BOOK master records,,,,,,,,,,بيتى آل كول | على الدجوى,188 | 189,,المكتبة الاكاديمية,2,,الفقر,326,,2,173/1/1 | 173/2/1,A,339.46,17631,0,,,,digi1.DB:BOOK_OTHER_TITLES | digi1.DB:BOOK_SUBJECT | digi1.DB:COPIES_VOLUMES | digi1.DB:EDITOR_BOOK | digi1.DB:PUBL_BOOK,MASTER_TITLE_MISSING_RELATIONS_RECOVERED
174,,Missing from available BOOK master records,,,,,,,,,,محمد الصيرفى,21,,مؤسسة حورس الدولية,9,,ادارة الازمات,270,,2,174/1/1 | 174/2/1,A,658.405,17485,0,,0,,digi1.DB:BOOK_OTHER_TITLES | digi1.DB:BOOK_SUBJECT | digi1.DB:COPIES_VOLUMES | digi1.DB:EDITOR_BOOK | digi1.DB:PUBL_BOOK | digi1.DB:SERIAL_BOOK,MASTER_TITLE_MISSING_RELATIONS_RECOVERED
175,,Missing from available BOOK master records,,,,,,,,,,Gerald apple,190,,Pearson prentice Hall,16,,Investments | speculation | Prortfolio managment,690 | 364 | 363,,1,175/1/1,A,332.63,17826,0,,,,digi1.DB:BOOK_OTHER_TITLES | digi1.DB:BOOK_SUBJECT | digi1.DB:COPIES_VOLUMES | digi1.DB:EDITOR_BOOK | digi1.DB:PUBL_BOOK,MASTER_TITLE_MISSING_RELATIONS_RECOVERED
176,,Missing from available BOOK master records,,,,,,,,,,السيد محمد أحمد السريتى,27,,الدار الجامعية,1,,التجارة الخارجية | ميزان المدفوعات | التكامل الأقتصادى | سعر الصرف,59 | 58 | 361 | 362,,2,176/1/1 | 176/2/1,A,382.6,17488,0,,,,digi1.DB:BOOK_OTHER_TITLES | digi1.DB:BOOK_SUBJECT | digi1.DB:COPIES_VOLUMES | digi1.DB:EDITOR_BOOK | digi1.DB:PUBL_BOOK,MASTER_TITLE_MISSING_RELATIONS_RECOVERED
177,,Missing from available BOOK master records,,,,,,,,,,على يوسف الشكرى,82,,إيتراك للطباعة والنشر والتوزيع,10,,الارهاب | العنف,152 | 153,,2,177/1/1 | 177/2/1,A,303.6,17493,0,,,,digi1.DB:BOOK_OTHER_TITLES | digi1.DB:BOOK_SUBJECT | digi1.DB:COPIES_VOLUMES | digi1.DB:EDITOR_BOOK | digi1.DB:PUBL_BOOK,MASTER_TITLE_MISSING_RELATIONS_RECOVERED
178,,Missing from available BOOK master records,,,,,,,,,,Sunil chopra,193,,Person hall,33,,Phyical distribution of goods | Industrial procurement,369 | 374,,1,178/1/1,A,658.7,17780,0,,,,digi1.DB:BOOK_OTHER_TITLES | digi1.DB:BOOK_SUBJECT | digi1.DB:COPIES_VOLUMES | digi1.DB:EDITOR_BOOK | digi1.DB:PUBL_BOOK,MASTER_TITLE_MISSING_RELATIONS_RECOVERED
179,,Missing from available BOOK master records,,,,,,,,,,باتريك لينسيونى | محمد عبد الرؤوف العوجى | مجدى عبد الواحد عنبة,191 | 192 | 186,,كلمات عربية للترجمة والنشر,11,,الاجتماعات | العمل والعمال | المنازعات العمالية,189 | 44 | 365,,2,179/1/1 | 179/2/1,A,331.89,17564,0,,,,digi1.DB:BOOK_OTHER_TITLES | digi1.DB:BOOK_SUBJECT | digi1.DB:COPIES_VOLUMES | digi1.DB:EDITOR_BOOK | digi1.DB:PUBL_BOOK,MASTER_TITLE_MISSING_RELATIONS_RECOVERED
180,,Missing from available BOOK master records,,,,,,,,,,مجدى محمد ابو العطا,92,,كمبيو ساينس,31,,الحاسبات الالكترونية | الانترنت | ICDL | Windows | Access | EXCEL | Power Point | Word,191 | 314 | 373 | 370 | 372 | 366 | 368 | 377,,7,180/1/1 | 180/1/2 | 180/1/3 | 180/1/4 | 180/1/5 | 180/1/6 | 180/1/7,A,004,17703,0,,,,digi1.DB:BOOK_OTHER_TITLES | digi1.DB:BOOK_SUBJECT | digi1.DB:COPIES_VOLUMES | digi1.DB:EDITOR_BOOK | digi1.DB:PUBL_BOOK,MASTER_TITLE_MISSING_RELATIONS_RECOVERED
181,,Missing from available BOOK master records,,,,,,,,,,Nicholas henry,194,,Pearson prentice Hall,16,,Democracy | Public adminstration,455 | 378,,2,181/1/1 | 181/2/1,A,351.73,17750,0,,,,digi1.DB:BOOK_OTHER_TITLES | digi1.DB:BOOK_SUBJECT | digi1.DB:COPIES_VOLUMES | digi1.DB:EDITOR_BOOK | digi1.DB:PUBL_BOOK,MASTER_TITLE_MISSING_RELATIONS_RECOVERED
182,,Missing from available BOOK master records,,,,,,,,,,تيم هارفورد | زينب حسن البشارى | مجدى عبد الواحد عنبة,195 | 196 | 186,,كلمات عربية للترجمة والنشر,11,,الاقتصاد,34,,2,182/1/1 | 182/2/1,A,330,17714,0,,,,digi1.DB:BOOK_OTHER_TITLES | digi1.DB:BOOK_SUBJECT | digi1.DB:COPIES_VOLUMES | digi1.DB:EDITOR_BOOK | digi1.DB:PUBL_BOOK,MASTER_TITLE_MISSING_RELATIONS_RECOVERED
183,,Missing from available BOOK master records,,,,,,,,,,Mark tadajewski | Douglas brownlie,197 | 198,,"John Wiley&Sons, Inc",12,,Marketing | green marketing | Costumer behavior | Social marketing | Marketing research,84 | 382 | 380 | 383 | 381,,1,183/1/1,A,658.8,17813,0,,,,digi1.DB:BOOK_OTHER_TITLES | digi1.DB:BOOK_SUBJECT | digi1.DB:COPIES_VOLUMES | digi1.DB:EDITOR_BOOK | digi1.DB:PUBL_BOOK,MASTER_TITLE_MISSING_RELATIONS_RECOVERED
184,,Missing from available BOOK master records,,,,,,,,,,سعد الدين خليل عبد الله,199,,مجموعة النيل العربية,40,,تقييم الاداء | التدريب الادارى,12 | 379,,1,184/1/1,A,658.312,17596,0,,,,digi1.DB:BOOK_OTHER_TITLES | digi1.DB:BOOK_SUBJECT | digi1.DB:COPIES_VOLUMES | digi1.DB:EDITOR_BOOK | digi1.DB:PUBL_BOOK,MASTER_TITLE_MISSING_RELATIONS_RECOVERED
185,,Missing from available BOOK master records,,,,,,,,,,سعد الدين محمد عشماوى,200,,جامعة نايف العربية للعلوم الأمنية,48,,المرور | المرور - رقابة | حوادث المرور,384 | 385 | 386,,2,185/1/1 | 185/2/1,A,363.233,973,0,,,,digi1.DB:BOOK_OTHER_TITLES | digi1.DB:BOOK_SUBJECT | digi1.DB:COPIES_VOLUMES | digi1.DB:EDITOR_BOOK | digi1.DB:PUBL_BOOK,MASTER_TITLE_MISSING_RELATIONS_RECOVERED
186,,Missing from available BOOK master records,,,,,,,,,,مجدى محمد ابو العطا,92,,كمبيو ساينس,31,,الحاسبات الالكترونية - برامج | Windows vista,252 | 197,,1,186/1/1,A,005.13,17709,0,,,,digi1.DB:BOOK_OTHER_TITLES | digi1.DB:BOOK_SUBJECT | digi1.DB:COPIES_VOLUMES | digi1.DB:EDITOR_BOOK | digi1.DB:PUBL_BOOK,MASTER_TITLE_MISSING_RELATIONS_RECOVERED
187,,Missing from available BOOK master records,,,,,,,,,,حمدى أبو النجا,201,,المكتبة الاكاديمية,2,,ادارة المشروعات | المشروعات التجارية,146 | 387,,1,187/1/1,A,658.404,17666,0,,0,,digi1.DB:BOOK_OTHER_TITLES | digi1.DB:BOOK_SUBJECT | digi1.DB:COPIES_VOLUMES | digi1.DB:EDITOR_BOOK | digi1.DB:PUBL_BOOK | digi1.DB:SERIAL_BOOK,MASTER_TITLE_MISSING_RELATIONS_RECOVERED
189,,Missing from available BOOK master records,,,,,,,,,,Alan Millichamp | John Taylor,202 | 203,,Cengage Learning,49,,,,,1,189/1/1,A,657.45,17764,0,,,,digi1.DB:BOOK_OTHER_TITLES | digi1.DB:COPIES_VOLUMES | digi1.DB:EDITOR_BOOK | digi1.DB:PUBL_BOOK,MASTER_TITLE_MISSING_RELATIONS_RECOVERED
190,,Missing from available BOOK master records,,,,,,,,,,محسن أحمد الخضيرى,20,,إيتراك للطباعة والنشر والتوزيع,10,,ادارة التوتر,389,,2,190/1/1 | 190/2/1,A,152.47,17503,0,,,,digi1.DB:BOOK_OTHER_TITLES | digi1.DB:BOOK_SUBJECT | digi1.DB:COPIES_VOLUMES | digi1.DB:EDITOR_BOOK | digi1.DB:PUBL_BOOK,MASTER_TITLE_MISSING_RELATIONS_RECOVERED
191,,Missing from available BOOK master records,,,,,,,,,,Domminick Salvatore,205,,"John Wiley&Sons, Inc",12,,Economics | International Trade | Balance of Payments | Foreign Exchange | Markets | Macroeconomics | Monetary Policy,393 | 394 | 395 | 396 | 397 | 398 | 399,,1,191/1/1,A,337,17776,0,,,,digi1.DB:BOOK_OTHER_TITLES | digi1.DB:BOOK_SUBJECT | digi1.DB:COPIES_VOLUMES | digi1.DB:EDITOR_BOOK | digi1.DB:PUBL_BOOK,MASTER_TITLE_MISSING_RELATIONS_RECOVERED
192,,Missing from available BOOK master records,,,,,,,,,,رمضان حسين رمضان الشيخ,204,,بوك سيتى للنشر والتوزيع,50,,الابداع | الابتكار | التفكير,8 | 130 | 390,,2,192/1/1 | 192/2/1,A,153.35,17652,0,,,,digi1.DB:BOOK_OTHER_TITLES | digi1.DB:BOOK_SUBJECT | digi1.DB:COPIES_VOLUMES | digi1.DB:EDITOR_BOOK | digi1.DB:PUBL_BOOK,MASTER_TITLE_MISSING_RELATIONS_RECOVERED
193,,Missing from available BOOK master records,,,,,,,,,,اشرف عبد الفتاح ابو المجد,206,,الشركة العربية المتحدة للتسويق والتوريدات,39,,القانون الادارى | القانون الادارى - فرنسا | القرارات الادارية,15 | 392 | 391,,1,193/1/1,A,342.06,17641,0,,,,digi1.DB:BOOK_OTHER_TITLES | digi1.DB:BOOK_SUBJECT | digi1.DB:COPIES_VOLUMES | digi1.DB:EDITOR_BOOK | digi1.DB:PUBL_BOOK,MASTER_TITLE_MISSING_RELATIONS_RECOVERED
195,,Missing from available BOOK master records,,,,,,,,,,متولى النقيب,207,,الدار المصرية اللبنانية,51,,مصادر المعلومات | البحوث | المكتبات-إحصائيات,400 | 401 | 402,,1,195/1/1,A,028.7,17658,0,,0,,digi1.DB:BOOK_OTHER_TITLES | digi1.DB:BOOK_SUBJECT | digi1.DB:COPIES_VOLUMES | digi1.DB:EDITOR_BOOK | digi1.DB:PUBL_BOOK | digi1.DB:SERIAL_BOOK,MASTER_TITLE_MISSING_RELATIONS_RECOVERED
196,,Missing from available BOOK master records,,,,,,,,,,محمد ممتاز,208,,دار النهضة العربية,28,,الاخطاء المهنية | الاخطاء الطبية | المهن,403 | 404 | 405,,1,196/1/1,A,346.033,17637,0,,,,digi1.DB:BOOK_OTHER_TITLES | digi1.DB:BOOK_SUBJECT | digi1.DB:COPIES_VOLUMES | digi1.DB:EDITOR_BOOK | digi1.DB:PUBL_BOOK,MASTER_TITLE_MISSING_RELATIONS_RECOVERED
197,,Missing from available BOOK master records,,,,,,,,,,محمد ممتاز,208,,دار الفاروق للاستثمارات الثقافية,47,,المشروعات-قوانين وتشريعات | الاستثمار-قوانين وتشريعات,406 | 407,,2,197/1/1 | 197/2/1,A,343.07,17636 | 17139,0,,,,digi1.DB:BOOK_OTHER_TITLES | digi1.DB:BOOK_SUBJECT | digi1.DB:COPIES_VOLUMES | digi1.DB:EDITOR_BOOK | digi1.DB:PUBL_BOOK,MASTER_TITLE_MISSING_RELATIONS_RECOVERED
198,,Missing from available BOOK master records,,,,,,,,,,محمد الصيرفى,21,,مؤسسة حورس الدولية,9,,المشروعات التجارية الصغيرة | برامج التدريب,408 | 234,,2,198/1/1 | 198/2/1,A,658.4,17534,0,,,,digi1.DB:BOOK_OTHER_TITLES | digi1.DB:BOOK_SUBJECT | digi1.DB:COPIES_VOLUMES | digi1.DB:EDITOR_BOOK | digi1.DB:PUBL_BOOK,MASTER_TITLE_MISSING_RELATIONS_RECOVERED
199,,Missing from available BOOK master records,,,,,,,,,,اسامة عبد الخالق الانصارى,209,,دار السحاب للنشر والتوزيع,52,,البورصات | الاوراق المالية | الاسهم | الاستثمار-مصر | ادارة الخطر | السندات,238 | 167 | 115 | 409 | 410 | 116,,2,199/1/1 | 199/2/1,A,332.6,17497,0,,,,digi1.DB:BOOK_OTHER_TITLES | digi1.DB:BOOK_SUBJECT | digi1.DB:COPIES_VOLUMES | digi1.DB:EDITOR_BOOK | digi1.DB:PUBL_BOOK,MASTER_TITLE_MISSING_RELATIONS_RECOVERED
200,,Missing from available BOOK master records,,,,,,,,,,محمد الصيرفى,21,,مؤسسة حورس الدولية,9,,الصراع الاجتماعى-ادارة عامة | ادارة الصراع,411 | 412,,1,200/1/1,A,303.6,17557,0,,,,digi1.DB:BOOK_OTHER_TITLES | digi1.DB:BOOK_SUBJECT | digi1.DB:COPIES_VOLUMES | digi1.DB:EDITOR_BOOK | digi1.DB:PUBL_BOOK,MASTER_TITLE_MISSING_RELATIONS_RECOVERED
201,,Missing from available BOOK master records,,,,,,,,,,على يوسف الشكرى,82,,إيتراك للطباعة والنشر والتوزيع,10,,القانون الدولى | حقوق الانسان,122 | 357,,1,201/1/1,A,341.481,17662,0,,,,digi1.DB:BOOK_OTHER_TITLES | digi1.DB:BOOK_SUBJECT | digi1.DB:COPIES_VOLUMES | digi1.DB:EDITOR_BOOK | digi1.DB:PUBL_BOOK,MASTER_TITLE_MISSING_RELATIONS_RECOVERED
202,,Missing from available BOOK master records,,,,,,,,,,محمد البنا,210,,الدار الجامعية,1,,الاقتصاد الكلى | سلوك المستهلك | ضرائب المبيعات | المنافسة | الاستراتيجية التنافسية,413 | 54 | 347 | 53 | 414,,1,202/1/1,A,339,17588,0,,,,digi1.DB:BOOK_OTHER_TITLES | digi1.DB:BOOK_SUBJECT | digi1.DB:COPIES_VOLUMES | digi1.DB:EDITOR_BOOK | digi1.DB:PUBL_BOOK,MASTER_TITLE_MISSING_RELATIONS_RECOVERED
203,,Missing from available BOOK master records,,,,,,,,,,امل مصطفى عصفور,211,,المنظمة العربية للتنمية الادارية,3,,المنظمات | العولمة | النتوقراطية | السلوك التنظيمى,156 | 198 | 415 | 416,,1,203/1/1,A,658.3,17681,0,,,,digi1.DB:BOOK_OTHER_TITLES | digi1.DB:BOOK_SUBJECT | digi1.DB:COPIES_VOLUMES | digi1.DB:EDITOR_BOOK | digi1.DB:PUBL_BOOK,MASTER_TITLE_MISSING_RELATIONS_RECOVERED
204,,Missing from available BOOK master records,,,,,,,,,,عبد الرحمن توفيق,10,,مركز الخبرات المهنية للادارة (بميك),6,,إدارة الأعمال | النجاح الادارى | الكفاءة الادارية,28 | 417 | 418,,1,204/1/1,A,658.4,17647,0,,,,digi1.DB:BOOK_OTHER_TITLES | digi1.DB:BOOK_SUBJECT | digi1.DB:COPIES_VOLUMES | digi1.DB:EDITOR_BOOK | digi1.DB:PUBL_BOOK,MASTER_TITLE_MISSING_RELATIONS_RECOVERED
205,,Missing from available BOOK master records,,,,,,,,,,عصام نور,212,,مؤسسة شباب الجامعة,53,,العولمة,198,,1,205/1/1,A,327,17533,0,,,,digi1.DB:BOOK_OTHER_TITLES | digi1.DB:BOOK_SUBJECT | digi1.DB:COPIES_VOLUMES | digi1.DB:EDITOR_BOOK | digi1.DB:PUBL_BOOK,MASTER_TITLE_MISSING_RELATIONS_RECOVERED
206,,Missing from available BOOK master records,,,,,,,,,,مجموعة خبراء,8,,المنظمة العربية للتنمية الادارية,3,,الادارة المحلية | التنمية الريفية-ادارة عامة | التنمية الاجتماعية | الفقر,340 | 419 | 420 | 326,,2,206/1/1 | 206/2/1,A,354.279,17677,0,,,,digi1.DB:BOOK_OTHER_TITLES | digi1.DB:BOOK_SUBJECT | digi1.DB:COPIES_VOLUMES | digi1.DB:EDITOR_BOOK | digi1.DB:PUBL_BOOK,MASTER_TITLE_MISSING_RELATIONS_RECOVERED
207,,Missing from available BOOK master records,,,,,,,,,,محمد الصيرفى,21,,مؤسسة حورس الدولية,9,,الرقابة الادارية | السلوك الانسانى,421 | 422,,2,207/1/1 | 207/2/1,A,658.401,17723,0,,,,digi1.DB:BOOK_OTHER_TITLES | digi1.DB:BOOK_SUBJECT | digi1.DB:COPIES_VOLUMES | digi1.DB:EDITOR_BOOK | digi1.DB:PUBL_BOOK,MASTER_TITLE_MISSING_RELATIONS_RECOVERED
208,,Missing from available BOOK master records,,,,,,,,,,دان كوهين,213,,إيتراك للطباعة والنشر والتوزيع,10,,المنظمات | السلوك التنظيمى,156 | 416,,1,208/1/1,A,302.35,17616,0,,,,digi1.DB:BOOK_OTHER_TITLES | digi1.DB:BOOK_SUBJECT | digi1.DB:COPIES_VOLUMES | digi1.DB:EDITOR_BOOK | digi1.DB:PUBL_BOOK,MASTER_TITLE_MISSING_RELATIONS_RECOVERED
209,,Missing from available BOOK master records,,,,,,,,,,مدحت محمد ابو النصر,83,,دار الفجر للنشر والتوزيع,54,,الذكاء | الذكاء العاطفى | السلوك(علم نفس),423 | 424 | 425,,1,209/1/1,A,153.9,17232,0,,,,digi1.DB:BOOK_OTHER_TITLES | digi1.DB:BOOK_SUBJECT | digi1.DB:COPIES_VOLUMES | digi1.DB:EDITOR_BOOK | digi1.DB:PUBL_BOOK,MASTER_TITLE_MISSING_RELATIONS_RECOVERED
210,,Missing from available BOOK master records,,,,,,,,,,خالد ممدوح ابراهيم,215,,الدار الجامعية,1,,امن المعلومات | الحكومة الإلكترونية | امن البيانات,426 | 30 | 427,,2,210/1/1 | 210/2/1,A,658.472,17469,0,,,,digi1.DB:BOOK_OTHER_TITLES | digi1.DB:BOOK_SUBJECT | digi1.DB:COPIES_VOLUMES | digi1.DB:EDITOR_BOOK | digi1.DB:PUBL_BOOK,MASTER_TITLE_MISSING_RELATIONS_RECOVERED
211,,Missing from available BOOK master records,,,,,,,,,,ايتن محمود سامح المرجوشى,216,,دار النشر للجامعات,55,,تقييم الاداء | المؤسسات العامة | المنظمات,12 | 428 | 156,,1,211/1/1,A,658.401,17617,0,,,,digi1.DB:BOOK_OTHER_TITLES | digi1.DB:BOOK_SUBJECT | digi1.DB:COPIES_VOLUMES | digi1.DB:EDITOR_BOOK | digi1.DB:PUBL_BOOK,MASTER_TITLE_MISSING_RELATIONS_RECOVERED
212,,Missing from available BOOK master records,,,,,,,,,,ابراهيم الفقى,217,,مركز الخبرات المهنية للادارة (بميك),6,,الباعة وفن البيع | الذاكرة | التسويق,429 | 430 | 39,,2,212/1/1 | 212/2/1,A,658.85,17653,0,,,,digi1.DB:BOOK_OTHER_TITLES | digi1.DB:BOOK_SUBJECT | digi1.DB:COPIES_VOLUMES | digi1.DB:EDITOR_BOOK | digi1.DB:PUBL_BOOK,MASTER_TITLE_MISSING_RELATIONS_RECOVERED
213,,Missing from available BOOK master records,,,,,,,,,,محمد صفوت قابل,25,,المؤلف,8,,الاقتصاد-مصر | الخصخصة | الاحوال الاقتصادية | نهر النيل | القطاع العام | القطاع الخاص,431 | 433 | 432 | 434 | 435 | 436,,2,213/2/1 | 213/1/1,A,330,17489,0,,,,digi1.DB:BOOK_OTHER_TITLES | digi1.DB:BOOK_SUBJECT | digi1.DB:COPIES_VOLUMES | digi1.DB:EDITOR_BOOK | digi1.DB:PUBL_BOOK,MASTER_TITLE_MISSING_RELATIONS_RECOVERED
214,,Missing from available BOOK master records,,,,,,,,,,احمد مشاضى,218,,المؤلف,8,,المحاسبة الادارية,437,,1,214/1/1,A,657,,0,,,,digi1.DB:BOOK_OTHER_TITLES | digi1.DB:BOOK_SUBJECT | digi1.DB:COPIES_VOLUMES | digi1.DB:EDITOR_BOOK | digi1.DB:PUBL_BOOK,MASTER_TITLE_MISSING_RELATIONS_RECOVERED
215,,Missing from available BOOK master records,,,,,,,,,,احمد مشاضى,218,,المؤلف,8,,محاسبة التكاليف,248,,1,215/1/1,A,657,,0,,,,digi1.DB:BOOK_OTHER_TITLES | digi1.DB:BOOK_SUBJECT | digi1.DB:COPIES_VOLUMES | digi1.DB:EDITOR_BOOK | digi1.DB:PUBL_BOOK,MASTER_TITLE_MISSING_RELATIONS_RECOVERED
216,,Missing from available BOOK master records,,,,,,,,,,جمال الدين محمد مرسى,75,,الدار الجامعية,1,,القوى العاملة-مصر | القوى العاملة-تخطيط | التدريب,438 | 439 | 232,,1,216/1/1,A,658.3,,0,,,,digi1.DB:BOOK_OTHER_TITLES | digi1.DB:BOOK_SUBJECT | digi1.DB:COPIES_VOLUMES | digi1.DB:EDITOR_BOOK | digi1.DB:PUBL_BOOK,MASTER_TITLE_MISSING_RELATIONS_RECOVERED
217,,Missing from available BOOK master records,,,,,,,,,,فريد النجار,1,,الدار الجامعية,1,,ادارة الافراد | القوى العاملة-تخطيط | التدريب,18 | 439 | 232,,1,217/1/1,A,658.3,,0,,,,digi1.DB:BOOK_OTHER_TITLES | digi1.DB:BOOK_SUBJECT | digi1.DB:COPIES_VOLUMES | digi1.DB:EDITOR_BOOK | digi1.DB:PUBL_BOOK,MASTER_TITLE_MISSING_RELATIONS_RECOVERED
218,,Missing from available BOOK master records,,,,,,,,,,عبد المطلب عبد الحميد,77,,الدار الجامعية,1,,دراسة الجدوى | التخطيط الاقتصادى | اتخاذ القرارات,7 | 327 | 128,,1,218/1/1,A,338.514,,0,,,,digi1.DB:BOOK_OTHER_TITLES | digi1.DB:BOOK_SUBJECT | digi1.DB:COPIES_VOLUMES | digi1.DB:EDITOR_BOOK | digi1.DB:PUBL_BOOK,MASTER_TITLE_MISSING_RELATIONS_RECOVERED
219,,Missing from available BOOK master records,,,,,,,,,,رشا مصطفى عوض,219,,المكتبة الاكاديمية,2,,التنمية الاقتصادية,27,,2,219/1/1 | 219/2/1,A,338.9,17668,0,,0,,digi1.DB:BOOK_OTHER_TITLES | digi1.DB:BOOK_SUBJECT | digi1.DB:COPIES_VOLUMES | digi1.DB:EDITOR_BOOK | digi1.DB:PUBL_BOOK | digi1.DB:SERIAL_BOOK,MASTER_TITLE_MISSING_RELATIONS_RECOVERED
220,,Missing from available BOOK master records,,,,,,,,,,محمد حسن العزازى,220,,المكتبة العالمية للنشر والتوزيع,56,,الادارة العامة | الاصلاح الادارى - مصر | الادارة المحلية | الفساد الادارى,13 | 341 | 340 | 163,,1,220/1/1,A,351,1030,0,,,,digi1.DB:BOOK_OTHER_TITLES | digi1.DB:BOOK_SUBJECT | digi1.DB:COPIES_VOLUMES | digi1.DB:EDITOR_BOOK | digi1.DB:PUBL_BOOK,MASTER_TITLE_MISSING_RELATIONS_RECOVERED
221,,Missing from available BOOK master records,,,,,,,,,,المنظمة العربية للتنمية الإدارية,81,,المنظمة العربية للتنمية الادارية,3,,التخطيط الاستراتيجى | الاحصاء | تخطيط الانتاج | اتخاذ القرارات | ادارة الوقت,254 | 440 | 441 | 128 | 195,,1,221/1/1,A,352.34,17686,0,,,,digi1.DB:BOOK_OTHER_TITLES | digi1.DB:BOOK_SUBJECT | digi1.DB:COPIES_VOLUMES | digi1.DB:EDITOR_BOOK | digi1.DB:PUBL_BOOK,MASTER_TITLE_MISSING_RELATIONS_RECOVERED
222,,Missing from available BOOK master records,,,,,,,,,,المنظمة العربية للتنمية الإدارية,81,,المنظمة العربية للتنمية الادارية,3,,الادارة المحلية | الحكم المحلى | البلديات,340 | 442 | 277,,1,222/1/1,A,352.14,17673,0,,,,digi1.DB:BOOK_OTHER_TITLES | digi1.DB:BOOK_SUBJECT | digi1.DB:COPIES_VOLUMES | digi1.DB:EDITOR_BOOK | digi1.DB:PUBL_BOOK,MASTER_TITLE_MISSING_RELATIONS_RECOVERED
223,,Missing from available BOOK master records,,,,,,,,,,Fraser P. Seitel,221,,Pearson education international,37,,Public ralations | communication | Government Relations | International Relations,81 | 210 | 443 | 444,,1,223/1/1,A,659.2,17746,0,,,,digi1.DB:BOOK_OTHER_TITLES | digi1.DB:BOOK_SUBJECT | digi1.DB:COPIES_VOLUMES | digi1.DB:EDITOR_BOOK | digi1.DB:PUBL_BOOK,MASTER_TITLE_MISSING_RELATIONS_RECOVERED
224,,Missing from available BOOK master records,,,,,,,,,,Frederic S. Mishkin | Stanley G. Eakins,222 | 223,,Prentice Hall,57,,Finance | Monetary Policy | Stocks | Bonds,85 | 399 | 445 | 446,,1,224/1/1,A,332,17771,0,,,,digi1.DB:BOOK_OTHER_TITLES | digi1.DB:BOOK_SUBJECT | digi1.DB:COPIES_VOLUMES | digi1.DB:EDITOR_BOOK | digi1.DB:PUBL_BOOK,MASTER_TITLE_MISSING_RELATIONS_RECOVERED
225,,Missing from available BOOK master records,,,,,,,,,,Terry Williams,224,,"John Wiley&Sons, Inc",12,,Management Science | Operations Research,447 | 448,,1,225/1/1,A,658.4,17766,0,,,,digi1.DB:BOOK_OTHER_TITLES | digi1.DB:BOOK_SUBJECT | digi1.DB:COPIES_VOLUMES | digi1.DB:EDITOR_BOOK | digi1.DB:PUBL_BOOK,MASTER_TITLE_MISSING_RELATIONS_RECOVERED
226,,Missing from available BOOK master records,,,,,,,,,,عامر خضير الكبيسى,225,,المنظمة العربية للتنمية الادارية,3,,السياسة العامة,449,,2,226/1/1 | 226/2/1,A,320.6,17674,0,,,,digi1.DB:BOOK_OTHER_TITLES | digi1.DB:BOOK_SUBJECT | digi1.DB:COPIES_VOLUMES | digi1.DB:EDITOR_BOOK | digi1.DB:PUBL_BOOK,MASTER_TITLE_MISSING_RELATIONS_RECOVERED
227,,Missing from available BOOK master records,,,,,,,,,,Albert N. Link | Donald S. Siegel,226 | 227,,Oxford university press,41,,Entrepreneurship | Technology Transfer | Economic Growth,450 | 451 | 452,,1,227/1/1,A,338.04,17801,0,,,,digi1.DB:BOOK_OTHER_TITLES | digi1.DB:BOOK_SUBJECT | digi1.DB:COPIES_VOLUMES | digi1.DB:EDITOR_BOOK | digi1.DB:PUBL_BOOK,MASTER_TITLE_MISSING_RELATIONS_RECOVERED
228,,Missing from available BOOK master records,,,,,,,,,,منى البرادعى | ايمان الشاعر,229 | 228,,شركاء التنمية للبحوث والاستشارات,46,,التنمية الاقتصادية | خدمة الجماعة,27 | 339,,1,228/1/1,A,338.9,17603,0,,,,digi1.DB:BOOK_OTHER_TITLES | digi1.DB:BOOK_SUBJECT | digi1.DB:COPIES_VOLUMES | digi1.DB:EDITOR_BOOK | digi1.DB:PUBL_BOOK,MASTER_TITLE_MISSING_RELATIONS_RECOVERED
229,,Missing from available BOOK master records,,,,,,,,,,احمد السعيد الزقرد,230,,المكتبة العصرية,32,,القانون المدنى - مصر | الفنادق - مصر,453 | 454,,1,229/1/1,A,346.62,17638,0,,,,digi1.DB:BOOK_OTHER_TITLES | digi1.DB:BOOK_SUBJECT | digi1.DB:COPIES_VOLUMES | digi1.DB:EDITOR_BOOK | digi1.DB:PUBL_BOOK,MASTER_TITLE_MISSING_RELATIONS_RECOVERED
230,,Missing from available BOOK master records,,,,,,,,,,Dov Frohman | Robert Howard,243 | 244,,Jossey-Bass,19,,leadership,312,,1,230/1/1,A,658.40942,17791,0,,,,digi1.DB:BOOK_OTHER_TITLES | digi1.DB:BOOK_SUBJECT | digi1.DB:COPIES_VOLUMES | digi1.DB:EDITOR_BOOK | digi1.DB:PUBL_BOOK,MASTER_TITLE_MISSING_RELATIONS_RECOVERED
231,,Missing from available BOOK master records,,,,,,,,,,Hamdy A. Taha,231,,Pearson education international,37,,Operations Research | Programming (mathematics),448 | 456,,1,231/1/1,A,2007,17745,0,,,,digi1.DB:BOOK_OTHER_TITLES | digi1.DB:BOOK_SUBJECT | digi1.DB:COPIES_VOLUMES | digi1.DB:EDITOR_BOOK | digi1.DB:PUBL_BOOK,MASTER_TITLE_MISSING_RELATIONS_RECOVERED
233,,Missing from available BOOK master records,,,,,,,,,,David A. wiellem | Kim S. cameron,232 | 233,,Pearson prentice Hall,16,,Personnel Management | communication | Managment skills,1979 | 210 | 457,,1,233/1/1,A,658.3,,0,,,,digi1.DB:BOOK_OTHER_TITLES | digi1.DB:BOOK_SUBJECT | digi1.DB:COPIES_VOLUMES | digi1.DB:EDITOR_BOOK | digi1.DB:PUBL_BOOK,MASTER_TITLE_MISSING_RELATIONS_RECOVERED
234,,Missing from available BOOK master records,,,,,,,,,,Gary dessler,234,,Pearson prentice Hall,16,,Personnel Management | Industrial relations | Training,1979 | 458 | 295,,1,234/1/1,A,658.3,17747,0,,,,digi1.DB:BOOK_OTHER_TITLES | digi1.DB:BOOK_SUBJECT | digi1.DB:COPIES_VOLUMES | digi1.DB:EDITOR_BOOK | digi1.DB:PUBL_BOOK,MASTER_TITLE_MISSING_RELATIONS_RECOVERED
235,,Missing from available BOOK master records,,,,,,,,,,Joyce Cox,235,,Microsoft Press,58,,Computer science | office 2007,100 | 319,,1,235/1/1,A,004,17837,0,,,,digi1.DB:BOOK_OTHER_TITLES | digi1.DB:BOOK_SUBJECT | digi1.DB:COPIES_VOLUMES | digi1.DB:EDITOR_BOOK | digi1.DB:PUBL_BOOK,MASTER_TITLE_MISSING_RELATIONS_RECOVERED
236,,Missing from available BOOK master records,,,,,,,,,,Rosann L. Spiro | Gregory A. Rich | William J. Stanton,236 | 237 | 238,,McGraw-Hill,59,,Sales management | Sales Personnel,646 | 459,,1,236/1/1,A,658.8,17762,0,,,,digi1.DB:BOOK_OTHER_TITLES | digi1.DB:BOOK_SUBJECT | digi1.DB:COPIES_VOLUMES | digi1.DB:EDITOR_BOOK | digi1.DB:PUBL_BOOK,MASTER_TITLE_MISSING_RELATIONS_RECOVERED
237,,Missing from available BOOK master records,,,,,,,,,,Jeffery k. pinto,239,,Pearson education international,37,,project management | Management | Risk management,79 | 98 | 285,,1,237/1/1,A,658.404,17761,0,,,,digi1.DB:BOOK_OTHER_TITLES | digi1.DB:BOOK_SUBJECT | digi1.DB:COPIES_VOLUMES | digi1.DB:EDITOR_BOOK | digi1.DB:PUBL_BOOK,MASTER_TITLE_MISSING_RELATIONS_RECOVERED
238,,Missing from available BOOK master records,,,,,,,,,,Richard L. Daft,240,,South-western,14,,,,,1,238/1/1,A,,,0,,,,digi1.DB:BOOK_OTHER_TITLES | digi1.DB:COPIES_VOLUMES | digi1.DB:EDITOR_BOOK | digi1.DB:PUBL_BOOK,MASTER_TITLE_MISSING_RELATIONS_RECOVERED
239,,Missing from available BOOK master records,,,,,,,,,,Afsaneh Nahavandi,241,,Pearson education international,37,,leadership,312,,1,239/1/1,A,658.4092,17744,0,,,,digi1.DB:BOOK_OTHER_TITLES | digi1.DB:BOOK_SUBJECT | digi1.DB:COPIES_VOLUMES | digi1.DB:EDITOR_BOOK | digi1.DB:PUBL_BOOK,MASTER_TITLE_MISSING_RELATIONS_RECOVERED
240,,Missing from available BOOK master records,,,,,,,,,,Curt M. White,242,,Course Technology,60,,communication | Computer Security | Internet | Computer Networks,210 | 461 | 462 | 460,,1,240/1/1,A,0046,17773,0,,,,digi1.DB:BOOK_OTHER_TITLES | digi1.DB:BOOK_SUBJECT | digi1.DB:COPIES_VOLUMES | digi1.DB:EDITOR_BOOK | digi1.DB:PUBL_BOOK,MASTER_TITLE_MISSING_RELATIONS_RECOVERED
241,,Missing from available BOOK master records,,,,,,,,,,Paul Trott,245,,Pearson education international,37,,Management | Technology Transfer | Industrial Management | Production,98 | 451 | 463 | 464,,1,241/1/1,A,658.5,17793,0,,,,digi1.DB:BOOK_OTHER_TITLES | digi1.DB:BOOK_SUBJECT | digi1.DB:COPIES_VOLUMES | digi1.DB:EDITOR_BOOK | digi1.DB:PUBL_BOOK,MASTER_TITLE_MISSING_RELATIONS_RECOVERED
242,,Missing from available BOOK master records,,,,,,,,,,Gerald Albaum | Edwin Duerr,246 | 247,,Pearson education international,37,,Marketing | Exports | Prices,84 | 465 | 466,,1,242/1/1,A,658.8,17757,0,,,,digi1.DB:BOOK_OTHER_TITLES | digi1.DB:BOOK_SUBJECT | digi1.DB:COPIES_VOLUMES | digi1.DB:EDITOR_BOOK | digi1.DB:PUBL_BOOK,MASTER_TITLE_MISSING_RELATIONS_RECOVERED
243,,Missing from available BOOK master records,,,,,,,,,,Jaime Nino | Frederick A. Hosch,248 | 249,,"John Wiley&Sons, Inc",12,,Computer science | Computer programming | Computer Software | JAVA,100 | 101 | 467 | 468,,1,243/1/1,A,005.1,17822,0,,,,digi1.DB:BOOK_OTHER_TITLES | digi1.DB:BOOK_SUBJECT | digi1.DB:COPIES_VOLUMES | digi1.DB:EDITOR_BOOK | digi1.DB:PUBL_BOOK,MASTER_TITLE_MISSING_RELATIONS_RECOVERED
244,,Missing from available BOOK master records,,,,,,,,,,Bill Mascull,250,,Cambridge university press,61,,English language | Business | Professional English,469 | 82 | 470,,1,244/1/1,A,428,17835,0,,,,digi1.DB:BOOK_OTHER_TITLES | digi1.DB:BOOK_SUBJECT | digi1.DB:COPIES_VOLUMES | digi1.DB:EDITOR_BOOK | digi1.DB:PUBL_BOOK,MASTER_TITLE_MISSING_RELATIONS_RECOVERED
245,,Missing from available BOOK master records,,,,,,,,,,Bill Mascull,250,,Cambridge university press,61,,English language | Business | Professional English,469 | 82 | 470,,1,245/1/1,A,428,17832,0,,,,digi1.DB:BOOK_OTHER_TITLES | digi1.DB:BOOK_SUBJECT | digi1.DB:COPIES_VOLUMES | digi1.DB:EDITOR_BOOK | digi1.DB:PUBL_BOOK,MASTER_TITLE_MISSING_RELATIONS_RECOVERED
246,,Missing from available BOOK master records,,,,,,,,,,Andy Harris,251,,Course Technology,60,,Computer program | PHP 6/SQL programming,318 | 471,,1,246/1/1,A,005.3,17772,0,,,,digi1.DB:BOOK_OTHER_TITLES | digi1.DB:BOOK_SUBJECT | digi1.DB:COPIES_VOLUMES | digi1.DB:EDITOR_BOOK | digi1.DB:PUBL_BOOK,MASTER_TITLE_MISSING_RELATIONS_RECOVERED
247,,Missing from available BOOK master records,,,,,,,,,,Mark h.berenson | David M.Levine,252 | 253,,Pearson education international,37,,Statistics,472,,1,247/1/1,A,519.5,17742,0,,,,digi1.DB:BOOK_OTHER_TITLES | digi1.DB:BOOK_SUBJECT | digi1.DB:COPIES_VOLUMES | digi1.DB:EDITOR_BOOK | digi1.DB:PUBL_BOOK,MASTER_TITLE_MISSING_RELATIONS_RECOVERED
249,,Missing from available BOOK master records,,,,,,,,,,Simon Cooper,258,,Pearson prentice Hall,16,,Management | leadership | Executive leadership,98 | 312 | 474,,1,249/1/1,A,658.409,17800,0,,,,digi1.DB:BOOK_OTHER_TITLES | digi1.DB:BOOK_SUBJECT | digi1.DB:COPIES_VOLUMES | digi1.DB:EDITOR_BOOK | digi1.DB:PUBL_BOOK,MASTER_TITLE_MISSING_RELATIONS_RECOVERED
250,,Missing from available BOOK master records,,,,,,,,,,Graeme Drummound | John Ensor | Ruth Ashford,255 | 256 | 257,,Elsevier,13,,Marketing | Strategic planning,84 | 74,,1,250/1/1,A,658.8,17758,0,,,,digi1.DB:BOOK_OTHER_TITLES | digi1.DB:BOOK_SUBJECT | digi1.DB:COPIES_VOLUMES | digi1.DB:EDITOR_BOOK | digi1.DB:PUBL_BOOK,MASTER_TITLE_MISSING_RELATIONS_RECOVERED
251,,Missing from available BOOK master records,,,,,,,,,,Julia Balogun | Veronice hope Hailey,259 | 260,,Pearson prentice Hall,16,,Organizational behavior | Strategic Change,308 | 475,,1,251/1/1,A,658.4012,17802,0,,,,digi1.DB:BOOK_OTHER_TITLES | digi1.DB:BOOK_SUBJECT | digi1.DB:COPIES_VOLUMES | digi1.DB:EDITOR_BOOK | digi1.DB:PUBL_BOOK,MASTER_TITLE_MISSING_RELATIONS_RECOVERED
252,,Missing from available BOOK master records,,,,,,,,,,Raymond R. panko,261,,Pearson education international,37,,Telecommunications,476,,1,252/1/1,A,004.65,17818,0,,,,digi1.DB:BOOK_OTHER_TITLES | digi1.DB:BOOK_SUBJECT | digi1.DB:COPIES_VOLUMES | digi1.DB:EDITOR_BOOK | digi1.DB:PUBL_BOOK,MASTER_TITLE_MISSING_RELATIONS_RECOVERED
253,,Missing from available BOOK master records,,,,,,,,,,Abdul rashid moten | Sayed serajul islam,262 | 263,,Cengage Learning,49,,Political science,477,,1,253/1/1,A,320,17815,0,,,,digi1.DB:BOOK_OTHER_TITLES | digi1.DB:BOOK_SUBJECT | digi1.DB:COPIES_VOLUMES | digi1.DB:EDITOR_BOOK | digi1.DB:PUBL_BOOK,MASTER_TITLE_MISSING_RELATIONS_RECOVERED
254,,Missing from available BOOK master records,,,,,,,,,,Jolene Gear | Robert Gear,264 | 265,,Cambridge university press,61,,English language | English languages -Textbooks for foreign speakers,469 | 89,,1,254/1/1,A,428.007,17836,0,,,,digi1.DB:BOOK_OTHER_TITLES | digi1.DB:BOOK_SUBJECT | digi1.DB:COPIES_VOLUMES | digi1.DB:EDITOR_BOOK | digi1.DB:PUBL_BOOK,MASTER_TITLE_MISSING_RELATIONS_RECOVERED
255,,Missing from available BOOK master records,,,,,,,,,,Part pledger,266,,Oxford university press,41,,English language | Human Resources,469 | 83,,1,255/1/1,A,407,17834,0,,,,digi1.DB:BOOK_OTHER_TITLES | digi1.DB:BOOK_SUBJECT | digi1.DB:COPIES_VOLUMES | digi1.DB:EDITOR_BOOK | digi1.DB:PUBL_BOOK,MASTER_TITLE_MISSING_RELATIONS_RECOVERED
256,,Missing from available BOOK master records,,,,,,,,,,Philip kotler | Gary armstrong,267 | 268,,Pearson prentice Hall,16,,Marketing | Consumer behavior,84 | 478,,1,256/1/1,A,658.8,17784,0,,,,digi1.DB:BOOK_OTHER_TITLES | digi1.DB:BOOK_SUBJECT | digi1.DB:COPIES_VOLUMES | digi1.DB:EDITOR_BOOK | digi1.DB:PUBL_BOOK,MASTER_TITLE_MISSING_RELATIONS_RECOVERED
257,,Missing from available BOOK master records,,,,,,,,,,Philip kotler | Kevin Lane keller,267 | 269,,Pearson prentice Hall,16,,"Marketing | Academic writing-Handbooks,manuals",84 | 90,,1,257/1/1,A,658.8,17741,0,,,,digi1.DB:BOOK_OTHER_TITLES | digi1.DB:BOOK_SUBJECT | digi1.DB:COPIES_VOLUMES | digi1.DB:EDITOR_BOOK | digi1.DB:PUBL_BOOK,MASTER_TITLE_MISSING_RELATIONS_RECOVERED
258,,Missing from available BOOK master records,,,,,,,,,,Ashok Som,270,,Oxford university press,41,,Personnel Management | Organizational behavior | HRM,1979 | 308 | 480,,1,258/1/1,A,658.4,17811,0,,,,digi1.DB:BOOK_OTHER_TITLES | digi1.DB:BOOK_SUBJECT | digi1.DB:COPIES_VOLUMES | digi1.DB:EDITOR_BOOK | digi1.DB:PUBL_BOOK,MASTER_TITLE_MISSING_RELATIONS_RECOVERED
259,,Missing from available BOOK master records,,,,,,,,,,Masahiko aoki | Hideski miyajima | Gregory jackson,271 | 272 | 273,,Oxford university press,41,,Administration of local government | Financial managment,103 | 315,,1,259/1/1,A,351.72,17810,0,,,,digi1.DB:BOOK_OTHER_TITLES | digi1.DB:BOOK_SUBJECT | digi1.DB:COPIES_VOLUMES | digi1.DB:EDITOR_BOOK | digi1.DB:PUBL_BOOK,MASTER_TITLE_MISSING_RELATIONS_RECOVERED
260,,Missing from available BOOK master records,,,,,,,,,,Mike Millmore | Philip lewis | Mark saunders,274 | 142 | 141,,Pearson education international,37,,Management | Human Resources,98 | 83,,1,260/1/1,A,658.3,17743,0,,,,digi1.DB:BOOK_OTHER_TITLES | digi1.DB:BOOK_SUBJECT | digi1.DB:COPIES_VOLUMES | digi1.DB:EDITOR_BOOK | digi1.DB:PUBL_BOOK,MASTER_TITLE_MISSING_RELATIONS_RECOVERED
261,,Missing from available BOOK master records,,,,,,,,,,Jermy comfort | Rod Renell | Chris stott,278 | 276 | 277,,Cambridge university press,61,,English language - business english | English languages -Textbooks for foreign speakers,481 | 89,,1,261/1/1,A,428,17828,0,,,,digi1.DB:BOOK_OTHER_TITLES | digi1.DB:BOOK_SUBJECT | digi1.DB:COPIES_VOLUMES | digi1.DB:EDITOR_BOOK | digi1.DB:PUBL_BOOK,MASTER_TITLE_MISSING_RELATIONS_RECOVERED
262,,Missing from available BOOK master records,,,,,,,,,,Lan Mackenzie,279,,Cambridge university press,61,,English language | Professional English,469 | 470,,1,262/1/1,A,428,17831,0,,,,digi1.DB:BOOK_OTHER_TITLES | digi1.DB:BOOK_SUBJECT | digi1.DB:COPIES_VOLUMES | digi1.DB:EDITOR_BOOK | digi1.DB:PUBL_BOOK,MASTER_TITLE_MISSING_RELATIONS_RECOVERED
263,,Missing from available BOOK master records,,,,,,,,,,Lan Mackenzie,279,,Cambridge university press,61,,English language | Professional English,469 | 470,,2,263/1/1 | 263/2/1,A,428,17833 | 17830,0,,,,digi1.DB:BOOK_OTHER_TITLES | digi1.DB:BOOK_SUBJECT | digi1.DB:COPIES_VOLUMES | digi1.DB:EDITOR_BOOK | digi1.DB:PUBL_BOOK,MASTER_TITLE_MISSING_RELATIONS_RECOVERED
264,,Missing from available BOOK master records,,,,,,,,,,Andrew J. Dubrin,280,,Houghton Mifflin company,15,,leadership,312,,1,264/1/1,A,658.409,17807,0,,,,digi1.DB:BOOK_OTHER_TITLES | digi1.DB:BOOK_SUBJECT | digi1.DB:COPIES_VOLUMES | digi1.DB:EDITOR_BOOK | digi1.DB:PUBL_BOOK,MASTER_TITLE_MISSING_RELATIONS_RECOVERED
265,,Missing from available BOOK master records,,,,,,,,,,Kenneth C. Laudon | Garol Guercio Traver,281 | 282,,Prentice Hall,57,,,,,0,,,,,0,,,,digi1.DB:BOOK_OTHER_TITLES | digi1.DB:EDITOR_BOOK | digi1.DB:PUBL_BOOK,MASTER_TITLE_MISSING_RELATIONS_RECOVERED
266,,Missing from available BOOK master records,,,,,,,,,,Dirk Zeller,283,,"Wiley publishing,inc",18,,Management | Time Management,98 | 484,,1,266/1/1,A,658.4,17799,0,,,,digi1.DB:BOOK_OTHER_TITLES | digi1.DB:BOOK_SUBJECT | digi1.DB:COPIES_VOLUMES | digi1.DB:EDITOR_BOOK | digi1.DB:PUBL_BOOK,MASTER_TITLE_MISSING_RELATIONS_RECOVERED
268,,Missing from available BOOK master records,,,,,,,,,,Michael P. Papazoglou,284,,Pearson education international,37,,Computer science | Web Servers,100 | 485,,1,268/1/1,A,006.7,17821,0,,,,digi1.DB:BOOK_OTHER_TITLES | digi1.DB:BOOK_SUBJECT | digi1.DB:COPIES_VOLUMES | digi1.DB:EDITOR_BOOK | digi1.DB:PUBL_BOOK,MASTER_TITLE_MISSING_RELATIONS_RECOVERED
269,,Missing from available BOOK master records,,,,,,,,,,Jane Bozarth,285,,Pfeiffer,62,,,,,1,269/1/1,A,658.3,17795,0,,,,digi1.DB:BOOK_OTHER_TITLES | digi1.DB:COPIES_VOLUMES | digi1.DB:EDITOR_BOOK | digi1.DB:PUBL_BOOK,MASTER_TITLE_MISSING_RELATIONS_RECOVERED
270,,Missing from available BOOK master records,,,,,,,,,,جون جاتورنا | خالد العامرى,286 | 287,,دار الفاروق للنشر والتوزيع,63,,الامدادات | ادارة المواد | ادارة الامداد والتوزيع,487 | 488 | 489,,2,270/1/1 | 270/2/1,A,658.72,18132 | 18133,0,,,,digi1.DB:BOOK_OTHER_TITLES | digi1.DB:BOOK_SUBJECT | digi1.DB:COPIES_VOLUMES | digi1.DB:EDITOR_BOOK | digi1.DB:PUBL_BOOK,MASTER_TITLE_MISSING_RELATIONS_RECOVERED
271,,Missing from available BOOK master records,,,,,,,,,,أحمد ماهر,918,,الدار الجامعية,1,,صراعات العمل,490,,2,271/1/1 | 271/2/1,A,658.3,18110 | 18111,0,,0,,digi1.DB:BOOK_OTHER_TITLES | digi1.DB:BOOK_SUBJECT | digi1.DB:COPIES_VOLUMES | digi1.DB:EDITOR_BOOK | digi1.DB:PUBL_BOOK | digi1.DB:SERIAL_BOOK,MASTER_TITLE_MISSING_RELATIONS_RECOVERED
272,,Missing from available BOOK master records,,,,,,,,,,عماد الدين جمال جمعة | ليلى محمد صابر الزلاقى,288 | 289,,دار الوفاء لدنيا الطباعة والنشر,64,,صناعة الضيافة,491,,2,272/1/1 | 272/2/1,A,338.479,18316 | 18317,0,,,,digi1.DB:BOOK_OTHER_TITLES | digi1.DB:BOOK_SUBJECT | digi1.DB:COPIES_VOLUMES | digi1.DB:EDITOR_BOOK | digi1.DB:PUBL_BOOK,MASTER_TITLE_MISSING_RELATIONS_RECOVERED
273,,Missing from available BOOK master records,,,,,,,,,,سيد الهوارى,290,,قرطبة للنشر والتوزيع,65,,الرؤساء والمديرون,492,,2,273/1/1 | 273/2/1,A,658.4,18019 | 18020,0,,,,digi1.DB:BOOK_OTHER_TITLES | digi1.DB:BOOK_SUBJECT | digi1.DB:COPIES_VOLUMES | digi1.DB:EDITOR_BOOK | digi1.DB:PUBL_BOOK,MASTER_TITLE_MISSING_RELATIONS_RECOVERED
274,,Missing from available BOOK master records,,,,,,,,,,فردوس محمد محمد حسن | حنان محمد لطفى الجمل,291 | 292,,دار الوفاء لدنيا الطباعة والنشر,64,,المستشفيات | السياحة العلاجية | تغذية الأطفال | المراهقين | المعاقين,493 | 494 | 495 | 496 | 497,,3,274/1/1 | 274/2/1 | 274/3/1,A,362.11,18271 | 18272,0,,,,digi1.DB:BOOK_OTHER_TITLES | digi1.DB:BOOK_SUBJECT | digi1.DB:COPIES_VOLUMES | digi1.DB:EDITOR_BOOK | digi1.DB:PUBL_BOOK,MASTER_TITLE_MISSING_RELATIONS_RECOVERED
275,,Missing from available BOOK master records,,,,,,,,,,فريد النجار,1,,الدار الجامعية,1,,التخطيط الاستراتيجى | التخطيط الاستراتيجى العمرانى | التخطيط الاستراتيجى الجامعى | التخطيط الاستراتيجى التعليمى | التخطيط الاستراتيجى للمحليات | التخطيط الاستراتيجى للأمن | التخطيط الاستراتيجى بالشرطة,254 | 498 | 499 | 500 | 501 | 502 | 503,,3,275/1/1 | 275/2/1 | 275/3/1,A,658.403,18146 | 18147 | 17733,0,,,,digi1.DB:BOOK_OTHER_TITLES | digi1.DB:BOOK_SUBJECT | digi1.DB:COPIES_VOLUMES | digi1.DB:EDITOR_BOOK | digi1.DB:PUBL_BOOK,MASTER_TITLE_MISSING_RELATIONS_RECOVERED
276,,Missing from available BOOK master records,,,,,,,,,,محمود أحمد الخطيب,293,,المؤلف,8,,البحث العلمى,251,,2,276/1/1 | 276/2/1,A,001.43,18112 | 18113,0,,0,,digi1.DB:BOOK_OTHER_TITLES | digi1.DB:BOOK_SUBJECT | digi1.DB:COPIES_VOLUMES | digi1.DB:EDITOR_BOOK | digi1.DB:PUBL_BOOK | digi1.DB:SERIAL_BOOK,MASTER_TITLE_MISSING_RELATIONS_RECOVERED
277,,Missing from available BOOK master records,,,,,,,,,,عبد المطلب عبد الحميد,77,,الشركة العربية المتحدة للتسويق والتوريدات,39,,البنوك - خدمات مصرفية,504,,2,277/1/1 | 277/2/1,A,332.175,18058 | 18059,0,,0,,digi1.DB:BOOK_OTHER_TITLES | digi1.DB:BOOK_SUBJECT | digi1.DB:COPIES_VOLUMES | digi1.DB:EDITOR_BOOK | digi1.DB:PUBL_BOOK | digi1.DB:SERIAL_BOOK,MASTER_TITLE_MISSING_RELATIONS_RECOVERED
278,,Missing from available BOOK master records,,,,,,,,,,محمد مطر | خليل أبو حشيش,294 | 295,,الشركة العربية المتحدة للتسويق والتوريدات,39,,المحاسبة | الشركات - اندماج | الشركات القابضة,505 | 506 | 507,,2,278/1/1 | 278/2/1,A,657,18044 | 18045,0,,,,digi1.DB:BOOK_OTHER_TITLES | digi1.DB:BOOK_SUBJECT | digi1.DB:COPIES_VOLUMES | digi1.DB:EDITOR_BOOK | digi1.DB:PUBL_BOOK,MASTER_TITLE_MISSING_RELATIONS_RECOVERED
279,,Missing from available BOOK master records,,,,,,,,,,ابراهيم نائب | انعام باقية,296 | 297,,الشركة العربية المتحدة للتسويق والتوريدات,39,,نظم المعلومات الادارية,508,,1,279/1/1,A,658.403,18139,0,,,,digi1.DB:BOOK_OTHER_TITLES | digi1.DB:BOOK_SUBJECT | digi1.DB:COPIES_VOLUMES | digi1.DB:EDITOR_BOOK | digi1.DB:PUBL_BOOK,MASTER_TITLE_MISSING_RELATIONS_RECOVERED
280,,Missing from available BOOK master records,,,,,,,,,,غسان دعاس | اسماعيل ياسين,298 | 299,,الشركة العربية المتحدة للتسويق والتوريدات,39,,نظم المعلومات المحاسبية,509,,1,280/1/1,A,657.028,18138,0,,,,digi1.DB:BOOK_OTHER_TITLES | digi1.DB:BOOK_SUBJECT | digi1.DB:COPIES_VOLUMES | digi1.DB:EDITOR_BOOK | digi1.DB:PUBL_BOOK,MASTER_TITLE_MISSING_RELATIONS_RECOVERED
281,,Missing from available BOOK master records,,,,,,,,,,محسن أحمد الخضيرى,20,,إيتراك للطباعة والنشر والتوزيع,10,,اتخاذ القرارات | الادارة الموقفية,128 | 510,,2,281/1/1 | 281/2/1,A,658.403,18126 | 18127,0,,,,digi1.DB:BOOK_OTHER_TITLES | digi1.DB:BOOK_SUBJECT | digi1.DB:COPIES_VOLUMES | digi1.DB:EDITOR_BOOK | digi1.DB:PUBL_BOOK,MASTER_TITLE_MISSING_RELATIONS_RECOVERED
282,,Missing from available BOOK master records,,,,,,,,,,سيد محمد جاد الرب,168,,المؤلف,8,,إدارة الأعمال - أخلاقيات,66,,1,282/1/1,A,174.4,18067,0,,,,digi1.DB:BOOK_OTHER_TITLES | digi1.DB:BOOK_SUBJECT | digi1.DB:COPIES_VOLUMES | digi1.DB:EDITOR_BOOK | digi1.DB:PUBL_BOOK,MASTER_TITLE_MISSING_RELATIONS_RECOVERED
283,,Missing from available BOOK master records,,,,,,,,,,زكريا طاحون,300,,المؤلف,8,,ادارة الانتاج | الموقع | الادارة بالايزو | الجودة الشاملة,511 | 513 | 514 | 515,,2,283/1/1 | 283/2/1,A,658.5,18183 | 18182,0,,,,digi1.DB:BOOK_OTHER_TITLES | digi1.DB:BOOK_SUBJECT | digi1.DB:COPIES_VOLUMES | digi1.DB:EDITOR_BOOK | digi1.DB:PUBL_BOOK,MASTER_TITLE_MISSING_RELATIONS_RECOVERED
285,,Missing from available BOOK master records,,,,,,,,,,عبد الحميد عبد الفتاح المغربى,301,,المكتبة العصرية,32,,الشخصية | ادارة الذات | الذكاء العاطفى,171 | 516 | 424,,1,285/1/1,A,155.2,18013,0,,,,digi1.DB:BOOK_OTHER_TITLES | digi1.DB:BOOK_SUBJECT | digi1.DB:COPIES_VOLUMES | digi1.DB:EDITOR_BOOK | digi1.DB:PUBL_BOOK,MASTER_TITLE_MISSING_RELATIONS_RECOVERED
286,,Missing from available BOOK master records,,,,,,,,,,منال شوقى عبد المعطى احمد,302,,دار الوفاء لدنيا الطباعة والنشر,64,,السياحة- خدمات النقل,517,,1,286/1/1,A,388.042,18328,0,,,,digi1.DB:BOOK_OTHER_TITLES | digi1.DB:BOOK_SUBJECT | digi1.DB:COPIES_VOLUMES | digi1.DB:EDITOR_BOOK | digi1.DB:PUBL_BOOK,MASTER_TITLE_MISSING_RELATIONS_RECOVERED
287,,Missing from available BOOK master records,,,,,,,,,,ابو القاسم مسعود الشيخ,303,,المجموعة العربية للتدريب والنشر,27,,بحوث العمليات | البرمجة الخطية | نظرية المباريات | المحاكاة | برمجة الاهداف,518 | 519 | 521 | 520 | 522,,1,287/1/1,A,658.403,18021,0,,,,digi1.DB:BOOK_OTHER_TITLES | digi1.DB:BOOK_SUBJECT | digi1.DB:COPIES_VOLUMES | digi1.DB:EDITOR_BOOK | digi1.DB:PUBL_BOOK,MASTER_TITLE_MISSING_RELATIONS_RECOVERED
288,,Missing from available BOOK master records,,,,,,,,,,توفيق عبد الجليل | خالد البدور,304 | 305,,الشركة العربية المتحدة للتسويق والتوريدات,39,,المحاسبة الحكومية,523,,1,288/1/1,A,657.835,18026,0,,,,digi1.DB:BOOK_OTHER_TITLES | digi1.DB:BOOK_SUBJECT | digi1.DB:COPIES_VOLUMES | digi1.DB:EDITOR_BOOK | digi1.DB:PUBL_BOOK,MASTER_TITLE_MISSING_RELATIONS_RECOVERED
289,,Missing from available BOOK master records,,,,,,,,,,مدحت محمد ابو النصر,83,,المجموعة العربية للتدريب والنشر,27,,الاجتماعات - تنظيم وادارة,524,,1,289/1/1,A,658.456,18014,0,,,,digi1.DB:BOOK_OTHER_TITLES | digi1.DB:BOOK_SUBJECT | digi1.DB:COPIES_VOLUMES | digi1.DB:EDITOR_BOOK | digi1.DB:PUBL_BOOK,MASTER_TITLE_MISSING_RELATIONS_RECOVERED
290,,Missing from available BOOK master records,,,,,,,,,,عبد المطلب عبد الحميد,77,,الشركة العربية المتحدة للتسويق والتوريدات,39,,الانفاق الاقتصادى | الايرادات والنفقات | الضرائب | المالية العامة | الموازنة العامة للدولة | الانفاق العام | القروض,333 | 767 | 331 | 525 | 526 | 527 | 528,,4,290/1/1 | 290/2/1 | 290/3/1 | 290/4/1,A,336,18041 | 18042 | 18338 | 18339,0,,0,,digi1.DB:BOOK_OTHER_TITLES | digi1.DB:BOOK_SUBJECT | digi1.DB:COPIES_VOLUMES | digi1.DB:EDITOR_BOOK | digi1.DB:PUBL_BOOK | digi1.DB:SERIAL_BOOK,MASTER_TITLE_MISSING_RELATIONS_RECOVERED
291,,Missing from available BOOK master records,,,,,,,,,,جين بيدر,306,,دار الفاروق للاستثمارات الثقافية,47,,الاطفال - الاعتماد على النفس | العلوم السلوكية,529 | 530,,2,291/1/1 | 291/2/1,A,649.63,18333 | 18334,0,,,,digi1.DB:BOOK_OTHER_TITLES | digi1.DB:BOOK_SUBJECT | digi1.DB:COPIES_VOLUMES | digi1.DB:EDITOR_BOOK | digi1.DB:PUBL_BOOK,MASTER_TITLE_MISSING_RELATIONS_RECOVERED
292,,Missing from available BOOK master records,,,,,,,,,,فردوس محمد محمد حسن,291,,دار الوفاء لدنيا الطباعة والنشر,64,,التغذية | المشروبات | الاغذية | الهضم,531 | 532 | 533 | 535,,2,292/1/1 | 292/2/1,A,572.4,18321 | 18322,0,,,,digi1.DB:BOOK_OTHER_TITLES | digi1.DB:BOOK_SUBJECT | digi1.DB:COPIES_VOLUMES | digi1.DB:EDITOR_BOOK | digi1.DB:PUBL_BOOK,MASTER_TITLE_MISSING_RELATIONS_RECOVERED
293,,Missing from available BOOK master records,,,,,,,,,,نادية العارف,307,,الدار الجامعية,1,,الادارة الاستراتيجية | التخطيط الاستراتيجى | البيئة الخارجية | البيئة الداخلية | رسالة المنظمة,512 | 254 | 257 | 255 | 536,,2,293/1/1 | 293/12/1,A,658.401,18001 | 18002,0,,,,digi1.DB:BOOK_OTHER_TITLES | digi1.DB:BOOK_SUBJECT | digi1.DB:COPIES_VOLUMES | digi1.DB:EDITOR_BOOK | digi1.DB:PUBL_BOOK,MASTER_TITLE_MISSING_RELATIONS_RECOVERED
294,,Missing from available BOOK master records,,,,,,,,,,محمد تيسير الرجبى,308,,الشركة العربية المتحدة للتسويق والتوريدات,39,,محاسبة التكاليف,248,,2,294/1/1 | 294/2/1,A,657.42,17994 | 17995,0,,,,digi1.DB:BOOK_OTHER_TITLES | digi1.DB:BOOK_SUBJECT | digi1.DB:COPIES_VOLUMES | digi1.DB:EDITOR_BOOK | digi1.DB:PUBL_BOOK,MASTER_TITLE_MISSING_RELATIONS_RECOVERED
295,,Missing from available BOOK master records,,,,,,,,,,محمد عبد العظيم,19,,الدار الجامعية,1,,التسويق - ادارة | الاعلان | الحملات الاعلانية | التخطيط التسويقى | الاتصالات التسويقية | تجارة التجزئة | ادارة المعلومات التسويقية | تجارة التجزئة الاستراتيجية | تجارة التجزئة العالمية | البيع الشخصى | تقييم الاداء التسويقى | التسويق الالكترونى,537 | 205 | 538 | 539 | 540 | 541 | 542 | 543 | 545 | 544 | 546 | 547,,2,295/1/1 | 295/2/1,A,658.8,18144 | 18145,0,,,,digi1.DB:BOOK_OTHER_TITLES | digi1.DB:BOOK_SUBJECT | digi1.DB:COPIES_VOLUMES | digi1.DB:EDITOR_BOOK | digi1.DB:PUBL_BOOK,MASTER_TITLE_MISSING_RELATIONS_RECOVERED
296,,Missing from available BOOK master records,,,,,,,,,,عبد المطلب عبد الحميد,77,,الدار الجامعية,1,,الاستثمار | صناديق الاستثمار | التوريق المصرفى,37 | 548 | 549,,2,296/1/1 | 296/2/1,A,332.6,18072 | 18073,0,,,,digi1.DB:BOOK_OTHER_TITLES | digi1.DB:BOOK_SUBJECT | digi1.DB:COPIES_VOLUMES | digi1.DB:EDITOR_BOOK | digi1.DB:PUBL_BOOK,MASTER_TITLE_MISSING_RELATIONS_RECOVERED
297,,Missing from available BOOK master records,,,,,,,,,,أحمد ماهر,918,,الدار الجامعية,1,,ادارة التغيير,282,,2,297/1/1 | 297/2/1,A,658.406,18190 | 18191,0,,,,digi1.DB:BOOK_OTHER_TITLES | digi1.DB:BOOK_SUBJECT | digi1.DB:COPIES_VOLUMES | digi1.DB:EDITOR_BOOK | digi1.DB:PUBL_BOOK,MASTER_TITLE_MISSING_RELATIONS_RECOVERED
298,,Missing from available BOOK master records,,,,,,,,,,أحمد ماهر,918,,الدار الجامعية,1,,التخطيط الاستراتيجى | رسالة المنظمة | البيئة الخارجية | البيئة الداخلية | الميزانيات التقديرية,254 | 536 | 257 | 255 | 550,,2,298/1/1 | 298/2/1,A,658.401,18003 | 18004,0,,,,digi1.DB:BOOK_OTHER_TITLES | digi1.DB:BOOK_SUBJECT | digi1.DB:COPIES_VOLUMES | digi1.DB:EDITOR_BOOK | digi1.DB:PUBL_BOOK,MASTER_TITLE_MISSING_RELATIONS_RECOVERED
299,,Missing from available BOOK master records,,,,,,,,,,طلعت الدمرداش ابراهيم,309,,دار النهضة العربية,28,,الاقتصاد | الموارد الاقتصادية | البطالة | التنمية الاقتصادية | الطلب والعرض | النمو الاقتصادى | التلوث البيئى,34 | 22 | 199 | 27 | 551 | 552 | 553,,2,299/1/1 | 299/2/1,A,330,18077 | 18078,0,,,,digi1.DB:BOOK_OTHER_TITLES | digi1.DB:BOOK_SUBJECT | digi1.DB:COPIES_VOLUMES | digi1.DB:EDITOR_BOOK | digi1.DB:PUBL_BOOK,MASTER_TITLE_MISSING_RELATIONS_RECOVERED
300,,Missing from available BOOK master records,,,,,,,,,,ليلى محمد صابر الزلاقى,289,,دار الوفاء لدنيا الطباعة والنشر,64,,الفنادق | الفنادق - اثاث | الفنادق - اضاءة | الفنادق - خدمات الغسيل,554 | 555 | 556 | 557,,2,300/1/1 | 300/2/1,A,647.94,18249 | 18250,0,,,,digi1.DB:BOOK_OTHER_TITLES | digi1.DB:BOOK_SUBJECT | digi1.DB:COPIES_VOLUMES | digi1.DB:EDITOR_BOOK | digi1.DB:PUBL_BOOK,MASTER_TITLE_MISSING_RELATIONS_RECOVERED
301,,Missing from available BOOK master records,,,,,,,,,,محمد عبد الفتاح احمد | طايع عبد اللطيف طه,310 | 311,,دار الوفاء لدنيا الطباعة والنشر,64,,السياحة - مصر,558,,2,301/1/1 | 301/2/1,A,338.479,18265 | 18266,0,,,,digi1.DB:BOOK_OTHER_TITLES | digi1.DB:BOOK_SUBJECT | digi1.DB:COPIES_VOLUMES | digi1.DB:EDITOR_BOOK | digi1.DB:PUBL_BOOK,MASTER_TITLE_MISSING_RELATIONS_RECOVERED
302,,Missing from available BOOK master records,,,,,,,,,,محمد عمر أبو عيده | عبد الحميد محمد شعبان,312 | 313,,الشركة العربية المتحدة للتسويق والتوريدات,39,,الاقتصاد - تاريخ,559,,3,302/1/1 | 302/2/1 | 302/3/1,A,330.09,18166 | 18167 | 18158,0,,,,digi1.DB:BOOK_OTHER_TITLES | digi1.DB:BOOK_SUBJECT | digi1.DB:COPIES_VOLUMES | digi1.DB:EDITOR_BOOK | digi1.DB:PUBL_BOOK,MASTER_TITLE_MISSING_RELATIONS_RECOVERED
303,,Missing from available BOOK master records,,,,,,,,,,أحمد ماهر,918,,الدار الجامعية,1,,الادارة | التخطيط | التنظيم | اتخاذ القرارات | التوجيه,154 | 155 | 190 | 128 | 560,,2,303/1/1 | 303/2/1,A,658,18184 | 18185,0,,,,digi1.DB:BOOK_OTHER_TITLES | digi1.DB:BOOK_SUBJECT | digi1.DB:COPIES_VOLUMES | digi1.DB:EDITOR_BOOK | digi1.DB:PUBL_BOOK,MASTER_TITLE_MISSING_RELATIONS_RECOVERED
304,,Missing from available BOOK master records,,,,,,,,,,عبد الحميد عبد الفتاح المغربى,301,,المؤلف,8,,نظم المعلومات الادارية | نظم معلومات التسويق | تكنولوجيا المعلومات | نظم معلومات العمليات والانتاج | نظم معلومات الموارد البشرية | نظم معلومات التمويل | نظم معلومات الشراء والتخزين,508 | 561 | 562 | 563 | 564 | 565 | 566,,2,304/1/1 | 304/2/1,A,658.403,17944 | 17945,0,,,,digi1.DB:BOOK_OTHER_TITLES | digi1.DB:BOOK_SUBJECT | digi1.DB:COPIES_VOLUMES | digi1.DB:EDITOR_BOOK | digi1.DB:PUBL_BOOK,MASTER_TITLE_MISSING_RELATIONS_RECOVERED
305,,Missing from available BOOK master records,,,,,,,,,,جلال جويدة القصاص,314,,الدار الجامعية,1,,النقود | البنوك | صناديق الاستثمار | التجارة الالكترونية | التجارة الخارجية | سعر الصرف | العولمة الاقتصادية | منظمة التجارة العالمية W T O,117 | 135 | 548 | 111 | 59 | 362 | 567 | 568,,2,305/1/1 | 305/2/1,A,332.4,18083 | 18084,0,,,,digi1.DB:BOOK_OTHER_TITLES | digi1.DB:BOOK_SUBJECT | digi1.DB:COPIES_VOLUMES | digi1.DB:EDITOR_BOOK | digi1.DB:PUBL_BOOK,MASTER_TITLE_MISSING_RELATIONS_RECOVERED
306,,Missing from available BOOK master records,,,,,,,,,,محمد مطر,294,,الشركة العربية المتحدة للتسويق والتوريدات,39,,المحاسبة,505,,2,306/1/1 | 306/2/1,A,657,18162 | 18163,0,,,,digi1.DB:BOOK_OTHER_TITLES | digi1.DB:BOOK_SUBJECT | digi1.DB:COPIES_VOLUMES | digi1.DB:EDITOR_BOOK | digi1.DB:PUBL_BOOK,MASTER_TITLE_MISSING_RELATIONS_RECOVERED
307,,Missing from available BOOK master records,,,,,,,,,,محمد الذنيبات | محمد القريونى | زهير الصباغ,315 | 316 | 317,,الشركة العربية المتحدة للتسويق والتوريدات,39,,الادارة | الادارة العامة,154 | 13,,2,307/1/1 | 307/2/1,A,350,18214 | 18215,0,,,,digi1.DB:BOOK_OTHER_TITLES | digi1.DB:BOOK_SUBJECT | digi1.DB:COPIES_VOLUMES | digi1.DB:EDITOR_BOOK | digi1.DB:PUBL_BOOK,MASTER_TITLE_MISSING_RELATIONS_RECOVERED
308,,Missing from available BOOK master records,,,,,,,,,,محمد نور برهان | يوسف محمد عقل,318 | 319,,الشركة العربية المتحدة للتسويق والتوريدات,39,,الاقتصاد - تطبيقات الحاسب الآلى | الاقتصاد الادارى - خدمات المعلومات | الاقتصاد الكلى - خدمات المعلومات | الاقتصاد الجزئى - خدمات المعلومات,569 | 570 | 571 | 572,,2,308/1/1 | 308/2/1,A,330.028,18092 | 18093,0,,,,digi1.DB:BOOK_OTHER_TITLES | digi1.DB:BOOK_SUBJECT | digi1.DB:COPIES_VOLUMES | digi1.DB:EDITOR_BOOK | digi1.DB:PUBL_BOOK,MASTER_TITLE_MISSING_RELATIONS_RECOVERED
309,,Missing from available BOOK master records,,,,,,,,,,محمد نور برهان | محمد الفيومى,318 | 320,,الشركة العربية المتحدة للتسويق والتوريدات,39,,التسويق - تطبيقات الحاسب الآلى,573,,2,309/1/1 | 309/2/1,A,658.802,18222 | 18223,0,,,,digi1.DB:BOOK_OTHER_TITLES | digi1.DB:BOOK_SUBJECT | digi1.DB:COPIES_VOLUMES | digi1.DB:EDITOR_BOOK | digi1.DB:PUBL_BOOK,MASTER_TITLE_MISSING_RELATIONS_RECOVERED
310,,Missing from available BOOK master records,,,,,,,,,,محمدى فوزى أبو السعود,321,,الدار الجامعية,1,,الاقتصاد الكلى | التضخم | الدخل القومى | البطالة | التنمية الاقتصادية | التوازن الكلى | السياسات الاقتصادية,413 | 138 | 35 | 199 | 27 | 574 | 575,,2,310/1/1 | 310/2/1,A,339,18122 | 18123,0,,,,digi1.DB:BOOK_OTHER_TITLES | digi1.DB:BOOK_SUBJECT | digi1.DB:COPIES_VOLUMES | digi1.DB:EDITOR_BOOK | digi1.DB:PUBL_BOOK,MASTER_TITLE_MISSING_RELATIONS_RECOVERED
311,,Missing from available BOOK master records,,,,,,,,,,رجب عبد الحميد,28,,المؤلف,8,,ادارة الازمات | ادارة الكوارث,270 | 576,,2,311/1/1 | 311/2/1,A,658.405,18212 | 18213,0,,,,digi1.DB:BOOK_OTHER_TITLES | digi1.DB:BOOK_SUBJECT | digi1.DB:COPIES_VOLUMES | digi1.DB:EDITOR_BOOK | digi1.DB:PUBL_BOOK,MASTER_TITLE_MISSING_RELATIONS_RECOVERED
312,,Missing from available BOOK master records,,,,,,,,,,نشوى فؤاد عطا الله,322,,دار الوفاء لدنيا الطباعة والنشر,64,,التنمية السياحية,577,,2,312/1/1 | 312/2/1,A,338.479,18296 | 18297,0,,,,digi1.DB:BOOK_OTHER_TITLES | digi1.DB:BOOK_SUBJECT | digi1.DB:COPIES_VOLUMES | digi1.DB:EDITOR_BOOK | digi1.DB:PUBL_BOOK,MASTER_TITLE_MISSING_RELATIONS_RECOVERED
313,,Missing from available BOOK master records,,,,,,,,,,نشوى فؤاد عطا الله,322,,دار الوفاء لدنيا الطباعة والنشر,64,,السياحة - مصر | المكاتب السياحية - ادارة,558 | 578,,2,313/1/1 | 313/2/1,A,338.479,18251 | 18252,0,,,,digi1.DB:BOOK_OTHER_TITLES | digi1.DB:BOOK_SUBJECT | digi1.DB:COPIES_VOLUMES | digi1.DB:EDITOR_BOOK | digi1.DB:PUBL_BOOK,MASTER_TITLE_MISSING_RELATIONS_RECOVERED
314,,Missing from available BOOK master records,,,,,,,,,,أحمد ماهر,918,,الدار الجامعية,1,,الاتصال - ادارة الاعمال | الاتصال اللفظى | الاتصال الشفهى - ادارة الاعمال | الاتصالات الادارية | الاتصال غير اللفظى | الاتصال الشفهى - ادارة مكتبية | الاتصال الشفوى | الاتصالات المكتوبة,579 | 580 | 581 | 268 | 582 | 583 | 584 | 585,,1,314/1/1,A,658.45,18188,0,,,,digi1.DB:BOOK_OTHER_TITLES | digi1.DB:BOOK_SUBJECT | digi1.DB:COPIES_VOLUMES | digi1.DB:EDITOR_BOOK | digi1.DB:PUBL_BOOK,MASTER_TITLE_MISSING_RELATIONS_RECOVERED
315,,Missing from available BOOK master records,,,,,,,,,,عبد الرحمن توفيق | علا احمد اصلاح,10 | 323,,مركز الخبرات المهنية للادارة (بميك),6,,ادارة الازمات,270,,1,315/1/1,A,658.405,17946,0,,,,digi1.DB:BOOK_OTHER_TITLES | digi1.DB:BOOK_SUBJECT | digi1.DB:COPIES_VOLUMES | digi1.DB:EDITOR_BOOK | digi1.DB:PUBL_BOOK,MASTER_TITLE_MISSING_RELATIONS_RECOVERED
316,,Missing from available BOOK master records,,,,,,,,,,ستيفن بيج | خالد العامرى,324 | 287,,دار الفاروق للاستثمارات الثقافية,47,,السياحة - ادارة عامة | السياحة- خدمات النقل,586 | 517,,1,316/1/1,A,354.73,18137,0,,,,digi1.DB:BOOK_OTHER_TITLES | digi1.DB:BOOK_SUBJECT | digi1.DB:COPIES_VOLUMES | digi1.DB:EDITOR_BOOK | digi1.DB:PUBL_BOOK,MASTER_TITLE_MISSING_RELATIONS_RECOVERED
317,,Missing from available BOOK master records,,,,,,,,,,مروة احمد,325,,الشركة العربية المتحدة للتسويق والتوريدات,39,,الرياضيات | المصفوفات | التفاضل والتكامل | المعادلات,183 | 587 | 588 | 589,,2,317/1/1 | 317/2/1,A,510,17959 | 17960,0,,,,digi1.DB:BOOK_OTHER_TITLES | digi1.DB:BOOK_SUBJECT | digi1.DB:COPIES_VOLUMES | digi1.DB:EDITOR_BOOK | digi1.DB:PUBL_BOOK,MASTER_TITLE_MISSING_RELATIONS_RECOVERED
318,,Missing from available BOOK master records,,,,,,,,,,عبد الرحمن توفيق,10,,مركز الخبرات المهنية للادارة (بميك),6,,التدريب الادارى | الموظفون - تدريب | برامج التدريب | الدورات التدريبية,379 | 47 | 234 | 236,,2,318/1/1 | 318/2/1,A,658.312,17955 | 15086,0,,8,,digi1.DB:BOOK_OTHER_TITLES | digi1.DB:BOOK_SUBJECT | digi1.DB:COPIES_VOLUMES | digi1.DB:EDITOR_BOOK | digi1.DB:PUBL_BOOK | digi1.DB:SERIAL_BOOK,MASTER_TITLE_MISSING_RELATIONS_RECOVERED
319,,Missing from available BOOK master records,,,,,,,,,,اسماعيل احمد الشناوى | اسامة احمد الفيل,326 | 327,,الدار الجامعية,1,,الاقتصاد الجزئى | العرض والطلب,51 | 590,,1,319/1/1,A,338.5,17936,0,,,,digi1.DB:BOOK_OTHER_TITLES | digi1.DB:BOOK_SUBJECT | digi1.DB:COPIES_VOLUMES | digi1.DB:EDITOR_BOOK | digi1.DB:PUBL_BOOK,MASTER_TITLE_MISSING_RELATIONS_RECOVERED
320,,Missing from available BOOK master records,,,,,,,,,,سليمان عبيدات | محمود على سالم,328 | 329,,الشركة العربية المتحدة للتسويق والتوريدات,39,,ادارة الانتاج | تخطيط الانتاج | ترتيب المصنع | نظرية الانتظار,511 | 441 | 591 | 592,,1,320/1/1,A,658.5,17961,0,,,,digi1.DB:BOOK_OTHER_TITLES | digi1.DB:BOOK_SUBJECT | digi1.DB:COPIES_VOLUMES | digi1.DB:EDITOR_BOOK | digi1.DB:PUBL_BOOK,MASTER_TITLE_MISSING_RELATIONS_RECOVERED
321,,Missing from available BOOK master records,,,,,,,,,,طارق عبد العال حماد,330,,الدار الجامعية,1,,موازنة البرامج | الميزانيات التقديرية | موازنة ادارة الجودة الشاملة | موازنة الظل | موازنة المبيعات,593 | 550 | 594 | 595 | 596,,1,321/1/1,A,658.151,18164,0,,,,digi1.DB:BOOK_OTHER_TITLES | digi1.DB:BOOK_SUBJECT | digi1.DB:COPIES_VOLUMES | digi1.DB:EDITOR_BOOK | digi1.DB:PUBL_BOOK,MASTER_TITLE_MISSING_RELATIONS_RECOVERED
322,,Missing from available BOOK master records,,,,,,,,,,فؤاد محمد الليثى,331,,دار النهضة العربية,28,,المحاسبة | المستشفيات | حوكمة الشركات,505 | 493 | 597,,1,322/1/1,A,657,18230,0,,,,digi1.DB:BOOK_OTHER_TITLES | digi1.DB:BOOK_SUBJECT | digi1.DB:COPIES_VOLUMES | digi1.DB:EDITOR_BOOK | digi1.DB:PUBL_BOOK,MASTER_TITLE_MISSING_RELATIONS_RECOVERED
323,,Missing from available BOOK master records,,,,,,,,,,تونى موردن,332,,دار الفاروق للاستثمارات الثقافية,47,,الادارة | التخطيط | الرقابة | العولمة | ادارة التغيير | الادارة الاستراتيجية | التنسيق | القيادة | بيئة المنظمة | الادارة الدولية | ادارة المعرفة,154 | 155 | 334 | 198 | 282 | 512 | 601 | 598 | 599 | 600 | 602,,1,323/1/1,A,350,18134,0,,,,digi1.DB:BOOK_OTHER_TITLES | digi1.DB:BOOK_SUBJECT | digi1.DB:COPIES_VOLUMES | digi1.DB:EDITOR_BOOK | digi1.DB:PUBL_BOOK,MASTER_TITLE_MISSING_RELATIONS_RECOVERED
324,,Missing from available BOOK master records,,,,,,,,,,عدنان احمد ادلبى | السيد نجم,333 | 334,,دار الوفاء لدنيا الطباعة والنشر,64,,الفنادق,554,,1,324/1/1,A,647.94,18261,0,,,,digi1.DB:BOOK_OTHER_TITLES | digi1.DB:BOOK_SUBJECT | digi1.DB:COPIES_VOLUMES | digi1.DB:EDITOR_BOOK | digi1.DB:PUBL_BOOK,MASTER_TITLE_MISSING_RELATIONS_RECOVERED
325,,Missing from available BOOK master records,,,,,,,,,,ابراهيم سيد احمد,335,,الدار الجامعية,1,,حوكمة الشركات | الشركات عبر الوطنية | شركات الاموال | غسيل الاموال | قانون المعاملات الالكترونية,597 | 603 | 604 | 607 | 606,,1,325/1/1,A,338.7,18189,0,,,,digi1.DB:BOOK_OTHER_TITLES | digi1.DB:BOOK_SUBJECT | digi1.DB:COPIES_VOLUMES | digi1.DB:EDITOR_BOOK | digi1.DB:PUBL_BOOK,MASTER_TITLE_MISSING_RELATIONS_RECOVERED
326,,Missing from available BOOK master records,,,,,,,,,,لطفى الرفاعى محمد فرج,336,,كلية التجارة - جامعة طنطا,66,,نظم المعلومات المحاسبية | ادارة الجودة الشاملة,509 | 608,,1,326/1/1,A,657.028,18231,0,,,,digi1.DB:BOOK_OTHER_TITLES | digi1.DB:BOOK_SUBJECT | digi1.DB:COPIES_VOLUMES | digi1.DB:EDITOR_BOOK | digi1.DB:PUBL_BOOK,MASTER_TITLE_MISSING_RELATIONS_RECOVERED
327,,Missing from available BOOK master records,,,,,,,,,,فريد النجار,1,,الدار الجامعية,1,,العمال الاجانب | العالم العربى,609 | 151,,1,327/1/1,A,331.62,17939,0,,,,digi1.DB:BOOK_OTHER_TITLES | digi1.DB:BOOK_SUBJECT | digi1.DB:COPIES_VOLUMES | digi1.DB:EDITOR_BOOK | digi1.DB:PUBL_BOOK,MASTER_TITLE_MISSING_RELATIONS_RECOVERED
328,,Missing from available BOOK master records,,,,,,,,,,آن ماكجى,337,,مركز الخبرات المهنية للادارة (بميك),6,,التفكير الايجابى,610,,1,328/1/1,A,658.3,17952,0,,,,digi1.DB:BOOK_OTHER_TITLES | digi1.DB:BOOK_SUBJECT | digi1.DB:COPIES_VOLUMES | digi1.DB:EDITOR_BOOK | digi1.DB:PUBL_BOOK,MASTER_TITLE_MISSING_RELATIONS_RECOVERED
329,,Missing from available BOOK master records,,,,,,,,,,ناصر نور الدين عبد اللطيف,338,,الدار الجامعية,1,,المحاسبة الادارية | اتخاذ القرارات | محاسبة التكاليف | الميزانية - مصر,437 | 128 | 248 | 278,,1,329/1/1,A,658.151,18228,0,,,,digi1.DB:BOOK_OTHER_TITLES | digi1.DB:BOOK_SUBJECT | digi1.DB:COPIES_VOLUMES | digi1.DB:EDITOR_BOOK | digi1.DB:PUBL_BOOK,MASTER_TITLE_MISSING_RELATIONS_RECOVERED
330,,Missing from available BOOK master records,,,,,,,,,,جيهان جمال,339,,المؤلف,8,,الازمات الاقتصادية | الكساد الاقتصادى,611 | 612,,2,330/1/1 | 330/2/1,A,338.54,17963 | 17964,0,,,,digi1.DB:BOOK_OTHER_TITLES | digi1.DB:BOOK_SUBJECT | digi1.DB:COPIES_VOLUMES | digi1.DB:EDITOR_BOOK | digi1.DB:PUBL_BOOK,MASTER_TITLE_MISSING_RELATIONS_RECOVERED
331,,Missing from available BOOK master records,,,,,,,,,,ابراهيم العيسوى,340,,المكتبة الاكاديمية,2,,الاقتصاد | التنمية الاقتصادية | الازمات الاقتصادية | التضخم المالى,34 | 27 | 611 | 613,,3,331/1/1 | 331/2/1 | 331/3/1,A,330,17934 | 17378,0,,,,digi1.DB:BOOK_OTHER_TITLES | digi1.DB:BOOK_SUBJECT | digi1.DB:COPIES_VOLUMES | digi1.DB:EDITOR_BOOK | digi1.DB:PUBL_BOOK,MASTER_TITLE_MISSING_RELATIONS_RECOVERED
332,,Missing from available BOOK master records,,,,,,,,,,على احمد عبد النبى,341,,دار الوفاء لدنيا الطباعة والنشر,64,,الاغذية | المشروبات | الفنادق و السياحة | المطاعم - تجهيزات,533 | 532 | 614 | 615,,2,332/1/1 | 332/2/1,A,647.9,18247 | 18248,0,,,,digi1.DB:BOOK_OTHER_TITLES | digi1.DB:BOOK_SUBJECT | digi1.DB:COPIES_VOLUMES | digi1.DB:EDITOR_BOOK | digi1.DB:PUBL_BOOK,MASTER_TITLE_MISSING_RELATIONS_RECOVERED
333,,Missing from available BOOK master records,,,,,,,,,,جواهر القناديلى,342,,مركز الخبرات المهنية للادارة (بميك),6,,التعليم العالى | الامتحانات,616 | 617,,2,333/1/1 | 333/2/1,A,378,17983 | 17982,0,,,,digi1.DB:BOOK_OTHER_TITLES | digi1.DB:BOOK_SUBJECT | digi1.DB:COPIES_VOLUMES | digi1.DB:EDITOR_BOOK | digi1.DB:PUBL_BOOK,MASTER_TITLE_MISSING_RELATIONS_RECOVERED
334,,Missing from available BOOK master records,,,,,,,,,,حمدى أبو النجا,201,,المكتبة الاكاديمية,2,,الطاقة النووية | الطاقة | الطاقة المتجددة | مصادر الطاقة,125 | 618 | 619 | 126,,1,334/1/1,A,333.79,18221,0,,,,digi1.DB:BOOK_OTHER_TITLES | digi1.DB:BOOK_SUBJECT | digi1.DB:COPIES_VOLUMES | digi1.DB:EDITOR_BOOK | digi1.DB:PUBL_BOOK,MASTER_TITLE_MISSING_RELATIONS_RECOVERED
335,,Missing from available BOOK master records,,,,,,,,,,طارق الياس,343,,Book city,67,,فن اجراء المقابلات الشخصية | المقابلات - اختيار الافراد | اللقاءات الشخصية,620 | 621 | 622,,2,335/1/1 | 335/2/1,A,658.311,17980 | 17981,0,,,,digi1.DB:BOOK_OTHER_TITLES | digi1.DB:BOOK_SUBJECT | digi1.DB:COPIES_VOLUMES | digi1.DB:EDITOR_BOOK | digi1.DB:PUBL_BOOK,MASTER_TITLE_MISSING_RELATIONS_RECOVERED
336,,Missing from available BOOK master records,,,,,,,,,,كينيث دى روزين,344,,مجموعة النيل العربية,40,,الاستثمار العقارى | العقارات,623 | 624,,2,336/1/1 | 336/2/1,A,332.632,18224 | 18225,0,,,,digi1.DB:BOOK_OTHER_TITLES | digi1.DB:BOOK_SUBJECT | digi1.DB:COPIES_VOLUMES | digi1.DB:EDITOR_BOOK | digi1.DB:PUBL_BOOK,MASTER_TITLE_MISSING_RELATIONS_RECOVERED
337,,Missing from available BOOK master records,,,,,,,,,,Greg W. Marshall | Mark W. Johnston,345 | 346,,McGraw-Hill,59,,,,,1,337/1/1,A,658.8,17897,0,,,,digi1.DB:BOOK_OTHER_TITLES | digi1.DB:COPIES_VOLUMES | digi1.DB:EDITOR_BOOK | digi1.DB:PUBL_BOOK,MASTER_TITLE_MISSING_RELATIONS_RECOVERED
338,,Missing from available BOOK master records,,,,,,,,,,Robert S. Pindyck | Daniel L. Rubinfeld,347 | 348,,Pearson prentice Hall,16,,,,,1,338/1/1,A,338.5,17883,0,,,,digi1.DB:BOOK_OTHER_TITLES | digi1.DB:COPIES_VOLUMES | digi1.DB:EDITOR_BOOK | digi1.DB:PUBL_BOOK,MASTER_TITLE_MISSING_RELATIONS_RECOVERED
339,,Missing from available BOOK master records,,,,,,,,,,Charles P. Jones,349,,"John Wiley&Sons, Inc",12,,Investments,690,,1,339/1/1,A,332.6,17884,0,,,,digi1.DB:BOOK_OTHER_TITLES | digi1.DB:BOOK_SUBJECT | digi1.DB:COPIES_VOLUMES | digi1.DB:EDITOR_BOOK | digi1.DB:PUBL_BOOK,MASTER_TITLE_MISSING_RELATIONS_RECOVERED
340,,Missing from available BOOK master records,,,,,,,,,,Andrew thomas | Anne marie ward,350 | 351,,McGraw-Hill,59,,Financial Accounting,69,,1,340/1/1,A,657.48,17903,0,,,,digi1.DB:BOOK_OTHER_TITLES | digi1.DB:BOOK_SUBJECT | digi1.DB:COPIES_VOLUMES | digi1.DB:EDITOR_BOOK | digi1.DB:PUBL_BOOK,MASTER_TITLE_MISSING_RELATIONS_RECOVERED
341,,Missing from available BOOK master records,,,,,,,,,,Jack D. Ninemeier | Joe Perdue,352 | 353,,Pearson prentice Hall,16,,Hospitality industry-Vocational guidance,633,,1,341/1/1,A,647.94023,17919,0,,,,digi1.DB:BOOK_OTHER_TITLES | digi1.DB:BOOK_SUBJECT | digi1.DB:COPIES_VOLUMES | digi1.DB:EDITOR_BOOK | digi1.DB:PUBL_BOOK,MASTER_TITLE_MISSING_RELATIONS_RECOVERED
342,,Missing from available BOOK master records,,,,,,,,,,David Weaver | Laura Lawton,354 | 355,,"John Wiley&Sons, Inc",12,,Touridm - Australia-Marketing | Tourism - Australia -management | Ecotourism - Australia,634 | 635 | 636,,1,342/1/1,A,338.4791,17911,0,,,,digi1.DB:BOOK_OTHER_TITLES | digi1.DB:BOOK_SUBJECT | digi1.DB:COPIES_VOLUMES | digi1.DB:EDITOR_BOOK | digi1.DB:PUBL_BOOK,MASTER_TITLE_MISSING_RELATIONS_RECOVERED
343,,Missing from available BOOK master records,,,,,,,,,,Michael Levy | Barton A. Weitz,356 | 357,,McGraw-Hill,59,,Retail management | Retailing strategy | financial strategy | Supply chain management | Human resource management | Retail pricing | Store management,641 | 638 | 639 | 72 | 105 | 640 | 642,,1,343/1/1,A,658.87,17845,0,,,,digi1.DB:BOOK_OTHER_TITLES | digi1.DB:BOOK_SUBJECT | digi1.DB:COPIES_VOLUMES | digi1.DB:EDITOR_BOOK | digi1.DB:PUBL_BOOK,MASTER_TITLE_MISSING_RELATIONS_RECOVERED
344,,Missing from available BOOK master records,,,,,,,,,,Masaaki Kotabe | Kristiaan Helsen,358 | 359,,"John Wiley&Sons, Inc",12,,,,,1,344/1/1,A,658.8,17931,0,,,,digi1.DB:BOOK_OTHER_TITLES | digi1.DB:COPIES_VOLUMES | digi1.DB:EDITOR_BOOK | digi1.DB:PUBL_BOOK,MASTER_TITLE_MISSING_RELATIONS_RECOVERED
345,,Missing from available BOOK master records,,,,,,,,,,Donald A. Ball | J. Michael Geringer | Michael S. Minor | Jeanne M. Mcnett,360 | 361 | 362 | 363,,McGraw-Hill,59,,,,,1,345/1/1,A,382,17887,0,,,,digi1.DB:BOOK_OTHER_TITLES | digi1.DB:COPIES_VOLUMES | digi1.DB:EDITOR_BOOK | digi1.DB:PUBL_BOOK,MASTER_TITLE_MISSING_RELATIONS_RECOVERED
346,,Missing from available BOOK master records,,,,,,,,,,Robert B. Kauffman,364,,Human Kinetics,68,,Recreation - vocational guidance | Parks-vocational guidance | Tourism-vocational guidance,656 | 654 | 655,,1,346/1/1,A,790.07,17916,0,,,,digi1.DB:BOOK_OTHER_TITLES | digi1.DB:BOOK_SUBJECT | digi1.DB:COPIES_VOLUMES | digi1.DB:EDITOR_BOOK | digi1.DB:PUBL_BOOK,MASTER_TITLE_MISSING_RELATIONS_RECOVERED
347,,Missing from available BOOK master records,,,,,,,,,,Gareth R. Jones | Charles W.L.Hill,39 | 38,,South-western,14,,Strategic management | Strategic management - Case studies,657 | 658,,1,347/1/1,A,658.4012,17848,0,,,,digi1.DB:BOOK_OTHER_TITLES | digi1.DB:BOOK_SUBJECT | digi1.DB:COPIES_VOLUMES | digi1.DB:EDITOR_BOOK | digi1.DB:PUBL_BOOK,MASTER_TITLE_MISSING_RELATIONS_RECOVERED
348,,Missing from available BOOK master records,,,,,,,,,,Jerry J. Weygandt | Paul D. Kimmel | Donald E. Kieso,365 | 366 | 367,,"John Wiley&Sons, Inc",12,,Managerial Accounting | Incremental analysis | Financial analysis,108 | 659 | 660,,1,348/1/1,A,658.1511,17926,0,,,,digi1.DB:BOOK_OTHER_TITLES | digi1.DB:BOOK_SUBJECT | digi1.DB:COPIES_VOLUMES | digi1.DB:EDITOR_BOOK | digi1.DB:PUBL_BOOK,MASTER_TITLE_MISSING_RELATIONS_RECOVERED
349,,Missing from available BOOK master records,,,,,,,,,,Jerry J. Weygandt | Paul D. Kimmel | Donald E. Kieso,365 | 366 | 367,,"John Wiley&Sons, Inc",12,,Financial Accounting | Accounting | Investments,69 | 107 | 690,,1,349/1/1,A,657.48,17924,0,,,,digi1.DB:BOOK_OTHER_TITLES | digi1.DB:BOOK_SUBJECT | digi1.DB:COPIES_VOLUMES | digi1.DB:EDITOR_BOOK | digi1.DB:PUBL_BOOK,MASTER_TITLE_MISSING_RELATIONS_RECOVERED
350,,Missing from available BOOK master records,,,,,,,,,,Kenneth C. Laudon | Jane P. Laudon,281 | 368,,Pearson prentice Hall,16,,Management infiormation systems,76,,1,350/1/1,A,658.4038,17928,0,,,,digi1.DB:BOOK_OTHER_TITLES | digi1.DB:BOOK_SUBJECT | digi1.DB:COPIES_VOLUMES | digi1.DB:EDITOR_BOOK | digi1.DB:PUBL_BOOK,MASTER_TITLE_MISSING_RELATIONS_RECOVERED
351,,Missing from available BOOK master records,,,,,,,,,,Loon ching tang | Thong Ngee Goh | Hong see Yam | Timothy Yoap,369 | 370 | 371 | 372,,"John Wiley&Sons, Inc",12,,Six Sigma (quality control Standard) | Total Quality Management,661 | 662,,1,351/1/1,A,658.562,17920,0,,,,digi1.DB:BOOK_OTHER_TITLES | digi1.DB:BOOK_SUBJECT | digi1.DB:COPIES_VOLUMES | digi1.DB:EDITOR_BOOK | digi1.DB:PUBL_BOOK,MASTER_TITLE_MISSING_RELATIONS_RECOVERED
352,,Missing from available BOOK master records,,,,,,,,,,Verite Reily Collins,373,,The Tourism Society,69,,Tourism-Dictionaries,663,,1,352/1/1,A,910.3,17918,0,,,,digi1.DB:BOOK_OTHER_TITLES | digi1.DB:BOOK_SUBJECT | digi1.DB:COPIES_VOLUMES | digi1.DB:EDITOR_BOOK | digi1.DB:PUBL_BOOK,MASTER_TITLE_MISSING_RELATIONS_RECOVERED
353,,Missing from available BOOK master records,,,,,,,,,,Robert M. Grant,144,,"John Wiley&Sons, Inc",12,,Innovation,664,,1,353/1/1,A,658.4012,17891,0,,,,digi1.DB:BOOK_OTHER_TITLES | digi1.DB:BOOK_SUBJECT | digi1.DB:COPIES_VOLUMES | digi1.DB:EDITOR_BOOK | digi1.DB:PUBL_BOOK,MASTER_TITLE_MISSING_RELATIONS_RECOVERED
354,,Missing from available BOOK master records,,,,,,,,,,السبتى وسيلة,374,,إيتراك للطباعة والنشر والتوزيع,10,,التنمية الادارية | التنمية المحلية | الدول النامية | الجزائر,665 | 666 | 668 | 667,,2,354/1/1 | 354/2/1,A,354.2,18022 | 18023,0,,,,digi1.DB:BOOK_OTHER_TITLES | digi1.DB:BOOK_SUBJECT | digi1.DB:COPIES_VOLUMES | digi1.DB:EDITOR_BOOK | digi1.DB:PUBL_BOOK,MASTER_TITLE_MISSING_RELATIONS_RECOVERED
355,,Missing from available BOOK master records,,,,,,,,,,غادة صالح حسن,375,,دار الوفاء لدنيا الطباعة والنشر,64,,العرض والطلب | اقتصاديات السياحة | السياحة,590 | 670 | 669,,2,355/1/1 | 355/2/1,A,338.521,18239 | 18240,0,,,,digi1.DB:BOOK_OTHER_TITLES | digi1.DB:BOOK_SUBJECT | digi1.DB:COPIES_VOLUMES | digi1.DB:EDITOR_BOOK | digi1.DB:PUBL_BOOK,MASTER_TITLE_MISSING_RELATIONS_RECOVERED
356,,Missing from available BOOK master records,,,,,,,,,,وحيد مهدى عامر,376,,الدار الجامعية,1,,النقود | النقود - نظريات | الاسعار,117 | 671 | 672,,2,356/1/1 | 356/2/1,A,332.1,18090 | 18091,0,,,,digi1.DB:BOOK_OTHER_TITLES | digi1.DB:BOOK_SUBJECT | digi1.DB:COPIES_VOLUMES | digi1.DB:EDITOR_BOOK | digi1.DB:PUBL_BOOK,MASTER_TITLE_MISSING_RELATIONS_RECOVERED
357,,Missing from available BOOK master records,,,,,,,,,,محمد عبده حافظ,377,,دار الفجر للنشر والتوزيع,54,,الدعاية | الباعة وفن البيع | وسائل الاعلام,206 | 429 | 673,,2,357/1/1 | 357/2/1,A,659.1,17976 | 17977,0,,,,digi1.DB:BOOK_OTHER_TITLES | digi1.DB:BOOK_SUBJECT | digi1.DB:COPIES_VOLUMES | digi1.DB:EDITOR_BOOK | digi1.DB:PUBL_BOOK,MASTER_TITLE_MISSING_RELATIONS_RECOVERED
358,,Missing from available BOOK master records,,,,,,,,,,حسين عبد الله,378,,المكتبة الاكاديمية,2,,مصر | البترول - اقتصاديات,177 | 674,,1,358/1/1,A,338.272,18218,0,,,,digi1.DB:BOOK_OTHER_TITLES | digi1.DB:BOOK_SUBJECT | digi1.DB:COPIES_VOLUMES | digi1.DB:EDITOR_BOOK | digi1.DB:PUBL_BOOK,MASTER_TITLE_MISSING_RELATIONS_RECOVERED
359,,Missing from available BOOK master records,,,,,,,,,,طلعت الدمرداش ابراهيم,309,,مكتب القدس,70,,الاقتصاد | العرض والطلب | المشاكل الاقتصادية | المستهلكون - سلوك | الارباح و الفوائد,34 | 590 | 317 | 675 | 676,,2,359/1/1 | 359/2/1,A,330,17940 | 17941,0,,,,digi1.DB:BOOK_OTHER_TITLES | digi1.DB:BOOK_SUBJECT | digi1.DB:COPIES_VOLUMES | digi1.DB:EDITOR_BOOK | digi1.DB:PUBL_BOOK,MASTER_TITLE_MISSING_RELATIONS_RECOVERED
360,,Missing from available BOOK master records,,,,,,,,,,محمد صفوت قابل,25,,المؤلف,8,,التجارة الخارجية | التجارة الحرة | الاتفاقيات التجارية,59 | 677 | 678,,2,360/1/1 | 360/2/1,A,382.71,17942 | 17943,0,,,,digi1.DB:BOOK_OTHER_TITLES | digi1.DB:BOOK_SUBJECT | digi1.DB:COPIES_VOLUMES | digi1.DB:EDITOR_BOOK | digi1.DB:PUBL_BOOK,MASTER_TITLE_MISSING_RELATIONS_RECOVERED
361,,Missing from available BOOK master records,,,,,,,,,,حمدى شعبان,379,,الشركة العربية المتحدة للتسويق والتوريدات,39,,العلاقات العامة | ادارة الازمات | الحملات الاعلانية,204 | 270 | 538,,2,361/1/1 | 361/2/1,A,659.2,18178 | 18179,0,,,,digi1.DB:BOOK_OTHER_TITLES | digi1.DB:BOOK_SUBJECT | digi1.DB:COPIES_VOLUMES | digi1.DB:EDITOR_BOOK | digi1.DB:PUBL_BOOK,MASTER_TITLE_MISSING_RELATIONS_RECOVERED
362,,Missing from available BOOK master records,,,,,,,,,,ستيف بينسون | كريج ستاندينج,380 | 381,,مجموعة النيل العربية,40,,نظم المعلومات | البرمجة ( حاسبات الكترونية),679 | 680,,1,362/1/1,A,005.74,18011,0,,,,digi1.DB:BOOK_OTHER_TITLES | digi1.DB:BOOK_SUBJECT | digi1.DB:COPIES_VOLUMES | digi1.DB:EDITOR_BOOK | digi1.DB:PUBL_BOOK,MASTER_TITLE_MISSING_RELATIONS_RECOVERED
363,,Missing from available BOOK master records,,,,,,,,,,أحمد ماهر,918,,الدار الجامعية,1,,التخطيط | التخطيط الاستراتيجى | الرقابة,155 | 254 | 334,,4,363/1/1 | 363/2/1 | 363/3/1 | 363/4/1,A,658.401,18106 | 18107 | 14952,0,,0,,digi1.DB:BOOK_OTHER_TITLES | digi1.DB:BOOK_SUBJECT | digi1.DB:COPIES_VOLUMES | digi1.DB:EDITOR_BOOK | digi1.DB:PUBL_BOOK | digi1.DB:SERIAL_BOOK,MASTER_TITLE_MISSING_RELATIONS_RECOVERED
364,,Missing from available BOOK master records,,,,,,,,,,نهلة جابر عامر,382,,دار الوفاء لدنيا الطباعة والنشر,64,,الفنادق و السياحة | المكاتب الامامية,614 | 681,,2,364/1/1 | 364/2/1,A,338.479,18282 | 18283,0,,,,digi1.DB:BOOK_OTHER_TITLES | digi1.DB:BOOK_SUBJECT | digi1.DB:COPIES_VOLUMES | digi1.DB:EDITOR_BOOK | digi1.DB:PUBL_BOOK,MASTER_TITLE_MISSING_RELATIONS_RECOVERED
365,,Missing from available BOOK master records,,,,,,,,,,Tena B. Crews,383,,South-western,14,,,,,1,365/1/1,A,368,17879,0,,,,digi1.DB:BOOK_OTHER_TITLES | digi1.DB:COPIES_VOLUMES | digi1.DB:EDITOR_BOOK | digi1.DB:PUBL_BOOK,MASTER_TITLE_MISSING_RELATIONS_RECOVERED
366,,Missing from available BOOK master records,,,,,,,,,,Charles H. Gibson,384,,South-western,14,,,,,1,366/1/1,A,657.3,17882,0,,,,digi1.DB:BOOK_OTHER_TITLES | digi1.DB:COPIES_VOLUMES | digi1.DB:EDITOR_BOOK | digi1.DB:PUBL_BOOK,MASTER_TITLE_MISSING_RELATIONS_RECOVERED
367,,Missing from available BOOK master records,,,,,,,,,,Paul Goodwin | George Wright,385 | 386,,"John Wiley&Sons, Inc",12,,Decision making | Management,99 | 98,,1,367/1/1,A,658.403,17875,0,,,,digi1.DB:BOOK_OTHER_TITLES | digi1.DB:BOOK_SUBJECT | digi1.DB:COPIES_VOLUMES | digi1.DB:EDITOR_BOOK | digi1.DB:PUBL_BOOK,MASTER_TITLE_MISSING_RELATIONS_RECOVERED
368,,Missing from available BOOK master records,,,,,,,,,,Gregory Moorhead | Ricky W. Griffin,387 | 52,,South-western,14,,Organizational behavior | Organizations,308 | 688,,1,368/1/1,A,658.3,17860,0,,,,digi1.DB:BOOK_OTHER_TITLES | digi1.DB:BOOK_SUBJECT | digi1.DB:COPIES_VOLUMES | digi1.DB:EDITOR_BOOK | digi1.DB:PUBL_BOOK,MASTER_TITLE_MISSING_RELATIONS_RECOVERED
369,,Missing from available BOOK master records,,,,,,,,,,Roy J. Lewicki | Bruce Barry | David M. Saunders,388 | 389 | 390,,McGraw-Hill,59,,,,,1,369/1/1,A,658.4052,17863,0,,,,digi1.DB:BOOK_OTHER_TITLES | digi1.DB:COPIES_VOLUMES | digi1.DB:EDITOR_BOOK | digi1.DB:PUBL_BOOK,MASTER_TITLE_MISSING_RELATIONS_RECOVERED
370,,Missing from available BOOK master records,,,,,,,,,,James R. McGuigan | William J. Kretlow | Charles Moyer,391 | 392 | 393,,South-western,14,,Finance | Investments | Capital,85 | 690 | 691,,1,370/1/1,A,332,17873,0,,,,digi1.DB:BOOK_OTHER_TITLES | digi1.DB:BOOK_SUBJECT | digi1.DB:COPIES_VOLUMES | digi1.DB:EDITOR_BOOK | digi1.DB:PUBL_BOOK,MASTER_TITLE_MISSING_RELATIONS_RECOVERED
371,,Missing from available BOOK master records,,,,,,,,,,عبد المطلب عبد الحميد,77,,الشركة العربية المتحدة للتسويق والتوريدات,39,,البورصات | الاسهم | الاستثمار | الاوراق المالية | الاسهم - اسعار,238 | 115 | 37 | 167 | 692,,2,371/1/1 | 371/2/1,A,332.642,18206 | 18207,0,,1,,digi1.DB:BOOK_OTHER_TITLES | digi1.DB:BOOK_SUBJECT | digi1.DB:COPIES_VOLUMES | digi1.DB:EDITOR_BOOK | digi1.DB:PUBL_BOOK | digi1.DB:SERIAL_BOOK,MASTER_TITLE_MISSING_RELATIONS_RECOVERED
372,,Missing from available BOOK master records,,,,,,,,,,ادريس عزام,394,,الشركة العربية المتحدة للتسويق والتوريدات,39,,التنمية الادارية | القطاع العام | القطاع الخاص | المشروعات التجارية,665 | 435 | 436 | 387,,2,372/1/1 | 372/2/1,A,658.4,18186 | 18187,0,,,,digi1.DB:BOOK_OTHER_TITLES | digi1.DB:BOOK_SUBJECT | digi1.DB:COPIES_VOLUMES | digi1.DB:EDITOR_BOOK | digi1.DB:PUBL_BOOK,MASTER_TITLE_MISSING_RELATIONS_RECOVERED
373,,Missing from available BOOK master records,,,,,,,,,,صالح ابو اصبع | تيسير ابو عزاجة,395 | 396,,الشركة العربية المتحدة للتسويق والتوريدات,39,,العلاقات العامة | الاتصالات (علم اجتماع),204 | 693,,2,373/1/1 | 373/2/1,A,302.2,18172 | 18173,0,,,,digi1.DB:BOOK_OTHER_TITLES | digi1.DB:BOOK_SUBJECT | digi1.DB:COPIES_VOLUMES | digi1.DB:EDITOR_BOOK | digi1.DB:PUBL_BOOK,MASTER_TITLE_MISSING_RELATIONS_RECOVERED
375,,Missing from available BOOK master records,,,,,,,,,,اسلام احمد فتحى,397,,دار الوفاء لدنيا الطباعة والنشر,64,,الطهى للفنادق | الفنادق - خدمات الوجبات,694 | 695,,2,375/1/1 | 375/2/1,A,647.9,18276 | 18277,0,,,,digi1.DB:BOOK_OTHER_TITLES | digi1.DB:BOOK_SUBJECT | digi1.DB:COPIES_VOLUMES | digi1.DB:EDITOR_BOOK | digi1.DB:PUBL_BOOK,MASTER_TITLE_MISSING_RELATIONS_RECOVERED
376,,Missing from available BOOK master records,,,,,,,,,,عبد المطلب عبد الحميد,77,,الشركة العربية المتحدة للتسويق والتوريدات,39,,الائتمان المصرفى,137,,1,376/1/1,A,332.17,18337,0,,1,,digi1.DB:BOOK_OTHER_TITLES | digi1.DB:BOOK_SUBJECT | digi1.DB:COPIES_VOLUMES | digi1.DB:EDITOR_BOOK | digi1.DB:PUBL_BOOK | digi1.DB:SERIAL_BOOK,MASTER_TITLE_MISSING_RELATIONS_RECOVERED
377,,Missing from available BOOK master records,,,,,,,,,,عبد الحميد عبد الفتاح المغربى,301,,كلية التجارة - جامعة المنصورة,23,,ادارة الافراد | توصيف الوظائف | التخطيط | تقييم الاداء | الاختيار,18 | 132 | 155 | 12 | 696,,2,377/1/1 | 377/2/1,A,658.3,18033 | 18034,0,,,,digi1.DB:BOOK_OTHER_TITLES | digi1.DB:BOOK_SUBJECT | digi1.DB:COPIES_VOLUMES | digi1.DB:EDITOR_BOOK | digi1.DB:PUBL_BOOK,MASTER_TITLE_MISSING_RELATIONS_RECOVERED
378,,Missing from available BOOK master records,,,,,,,,,,محمد عبده حافظ,377,,دار الفجر للنشر والتوزيع,54,,التسويق-خدمات المعلومات | الانترنت | التسويق عبر الانترنت | حقوق التأليف والنشر | الشفرة,348 | 314 | 697 | 698 | 699,,1,378/1/1,A,658.801,17975,0,,,,digi1.DB:BOOK_OTHER_TITLES | digi1.DB:BOOK_SUBJECT | digi1.DB:COPIES_VOLUMES | digi1.DB:EDITOR_BOOK | digi1.DB:PUBL_BOOK,MASTER_TITLE_MISSING_RELATIONS_RECOVERED
379,,Missing from available BOOK master records,,,,,,,,,,على احمد عبد النبى | ليلى محمد صابر الزلاقى,341 | 289,,دار الوفاء لدنيا الطباعة والنشر,64,,التغذية | الطهى للفنادق | الطهى للمجموعات | المطابخ - تجيهزات,531 | 694 | 701 | 700,,1,379/1/1,A,647.9,18262,0,,,,digi1.DB:BOOK_OTHER_TITLES | digi1.DB:BOOK_SUBJECT | digi1.DB:COPIES_VOLUMES | digi1.DB:EDITOR_BOOK | digi1.DB:PUBL_BOOK,MASTER_TITLE_MISSING_RELATIONS_RECOVERED
380,,Missing from available BOOK master records,,,,,,,,,,عبد الله عبد الحميد الخطيب,398,,د.ن,24,,العمل الاجتماعى | العمل الجماعى التطوعى | الخدمة الاجتماعية التطوعية,703 | 702 | 704,,2,380/1/1 | 380/2/1,A,361.3,18031 | 18032,0,,,,digi1.DB:BOOK_OTHER_TITLES | digi1.DB:BOOK_SUBJECT | digi1.DB:COPIES_VOLUMES | digi1.DB:EDITOR_BOOK | digi1.DB:PUBL_BOOK,MASTER_TITLE_MISSING_RELATIONS_RECOVERED
381,,Missing from available BOOK master records,,,,,,,,,,رجب عبد الحميد,28,,د.ن,24,,ادارة الاعمال | ادارة المستشفيات | سياحة وفنادق,705 | 706 | 707,,1,381/1/1,A,658.404,18260,0,,,,digi1.DB:BOOK_OTHER_TITLES | digi1.DB:BOOK_SUBJECT | digi1.DB:COPIES_VOLUMES | digi1.DB:EDITOR_BOOK | digi1.DB:PUBL_BOOK,MASTER_TITLE_MISSING_RELATIONS_RECOVERED
382,,Missing from available BOOK master records,,,,,,,,,,زياد رمضان | مروان شموط,399 | 400,,الشركة العربية المتحدة للتسويق والتوريدات,39,,البنوك | الاسهم - اسعار | البورصات | الاوراق المالية,135 | 692 | 238 | 167,,4,382/1/1 | 382/2/1 | 382/3/1 | 382/4/1,A,332.1,18142 | 18143 | 17454,0,,,,digi1.DB:BOOK_OTHER_TITLES | digi1.DB:BOOK_SUBJECT | digi1.DB:COPIES_VOLUMES | digi1.DB:EDITOR_BOOK | digi1.DB:PUBL_BOOK,MASTER_TITLE_MISSING_RELATIONS_RECOVERED
383,,Missing from available BOOK master records,,,,,,,,,,سيد محمد جاد الرب,168,,المؤلف,8,,ادارة الاعمال | ادارة الجودة الشاملة | ادارة المعرفة | ستة سيجما,705 | 608 | 602 | 20,,2,383/1/1 | 383/2/1,A,658.4,18157,0,,2,,digi1.DB:BOOK_OTHER_TITLES | digi1.DB:BOOK_SUBJECT | digi1.DB:COPIES_VOLUMES | digi1.DB:EDITOR_BOOK | digi1.DB:PUBL_BOOK | digi1.DB:SERIAL_BOOK,MASTER_TITLE_MISSING_RELATIONS_RECOVERED
384,,Missing from available BOOK master records,,,,,,,,,,فؤاد حمد رزق فرسونى,401,,الدار الجامعية,1,,الفهرسه | المواد الالكترونية - فهرسة,708 | 711,,1,384/1/1,A,025.3,18161,0,,,,digi1.DB:BOOK_OTHER_TITLES | digi1.DB:BOOK_SUBJECT | digi1.DB:COPIES_VOLUMES | digi1.DB:EDITOR_BOOK | digi1.DB:PUBL_BOOK,MASTER_TITLE_MISSING_RELATIONS_RECOVERED
385,,Missing from available BOOK master records,,,,,,,,,,جلال جويدة القصاص,314,,الدار الجامعية,1,,دراسة الجدوى | التخطيط الاقتصادى | التمويل | المشروعات الاقتصادية - ادارة | تخطيط المشروعات ودراسات الجدوى الاقتصادية,7 | 327 | 1 | 712 | 713,,1,385/1/1,A,338.514,18074,0,,,,digi1.DB:BOOK_OTHER_TITLES | digi1.DB:BOOK_SUBJECT | digi1.DB:COPIES_VOLUMES | digi1.DB:EDITOR_BOOK | digi1.DB:PUBL_BOOK,MASTER_TITLE_MISSING_RELATIONS_RECOVERED
386,,Missing from available BOOK master records,,,,,,,,,,مصطفى محمود ابو بكر,76,,الدار الجامعية,1,,البيع | البيع الفردى | ادارة التسويق | المنتجات - تسويق | التجارة الالكترونية,133 | 716 | 714 | 715 | 111,,2,386/1/1 | 386/2/1,A,658.8,18154 | 18155,0,,,,digi1.DB:BOOK_OTHER_TITLES | digi1.DB:BOOK_SUBJECT | digi1.DB:COPIES_VOLUMES | digi1.DB:EDITOR_BOOK | digi1.DB:PUBL_BOOK,MASTER_TITLE_MISSING_RELATIONS_RECOVERED
387,,Missing from available BOOK master records,,,,,,,,,,زكريا طاحون,300,,المؤلف,8,,كتابة التقارير | التقارير - ادارة,718 | 717,,2,387/1/1 | 387/2/1,A,658.45,18140 | 18141,0,,,,digi1.DB:BOOK_OTHER_TITLES | digi1.DB:BOOK_SUBJECT | digi1.DB:COPIES_VOLUMES | digi1.DB:EDITOR_BOOK | digi1.DB:PUBL_BOOK,MASTER_TITLE_MISSING_RELATIONS_RECOVERED
388,,Missing from available BOOK master records,,,,,,,,,,فريد النجار,1,,الدار الجامعية,1,,الازمات الاقتصادية | الاقتصاد الدولى | التغير الادارى,611 | 57 | 719,,1,388/1/1,A,658.406,18159,0,,,,digi1.DB:BOOK_OTHER_TITLES | digi1.DB:BOOK_SUBJECT | digi1.DB:COPIES_VOLUMES | digi1.DB:EDITOR_BOOK | digi1.DB:PUBL_BOOK,MASTER_TITLE_MISSING_RELATIONS_RECOVERED
389,,Missing from available BOOK master records,,,,,,,,,,سيد محمد جاد الرب,168,,دار الفجر للنشر والتوزيع,54,,ادارة المشتريات | ادارة المخازن | المخزون - مراقبة | الشراء,720 | 721 | 722 | 723,,2,389/1/1 | 389/2/1,A,658.785,18007 | 18008,0,,,,digi1.DB:BOOK_OTHER_TITLES | digi1.DB:BOOK_SUBJECT | digi1.DB:COPIES_VOLUMES | digi1.DB:EDITOR_BOOK | digi1.DB:PUBL_BOOK,MASTER_TITLE_MISSING_RELATIONS_RECOVERED
390,,Missing from available BOOK master records,,,,,,,,,,حنان محمد لطفى الجمل,292,,دار الوفاء لدنيا الطباعة والنشر,64,,الفنادق | مرافق المياه - صيانة | الصرف الصحى - صيانه | حمامات السباحة - صيانة | اجهزة المطبخ - صيانة | الحدائق و المسطحات الخضراء - صيانة,554 | 724 | 725 | 726 | 727 | 728,,2,390/1/1 | 390/2/1,A,647.9,18284 | 18285,0,,,,digi1.DB:BOOK_OTHER_TITLES | digi1.DB:BOOK_SUBJECT | digi1.DB:COPIES_VOLUMES | digi1.DB:EDITOR_BOOK | digi1.DB:PUBL_BOOK,MASTER_TITLE_MISSING_RELATIONS_RECOVERED
391,,Missing from available BOOK master records,,,,,,,,,,William J. Baumol | Alan S. Blinder,402 | 403,,South-western,14,,,,,1,391/1/1,A,330,17880,0,,,,digi1.DB:BOOK_OTHER_TITLES | digi1.DB:COPIES_VOLUMES | digi1.DB:EDITOR_BOOK | digi1.DB:PUBL_BOOK,MASTER_TITLE_MISSING_RELATIONS_RECOVERED
392,,Missing from available BOOK master records,,,,,,,,,,Robert Brechner,404,,South-western,14,,Mathematics | Insurance | Taxes | Inventory | Investments,729 | 682 | 730 | 731 | 690,,1,392/1/1,A,510,17869,0,,,,digi1.DB:BOOK_OTHER_TITLES | digi1.DB:BOOK_SUBJECT | digi1.DB:COPIES_VOLUMES | digi1.DB:EDITOR_BOOK | digi1.DB:PUBL_BOOK,MASTER_TITLE_MISSING_RELATIONS_RECOVERED
393,,Missing from available BOOK master records,,,,,,,,,,George T. Haley | Usha C. V. Haley | Chin Tiong Tan,405 | 406 | 407,,"John Wiley&Sons, Inc",12,,Emperors | China | Business | Strategic planning,732 | 733 | 82 | 74,,1,393/1/1,A,658.4,17861,0,,,,digi1.DB:BOOK_OTHER_TITLES | digi1.DB:BOOK_SUBJECT | digi1.DB:COPIES_VOLUMES | digi1.DB:EDITOR_BOOK | digi1.DB:PUBL_BOOK,MASTER_TITLE_MISSING_RELATIONS_RECOVERED
394,,Missing from available BOOK master records,,,,,,,,,,Robert N. Lussier,408,,McGraw -Hill Irwin,42,,Interpersonal relations | leadership | Organizational behavior,734 | 312 | 308,,1,394/1/1,A,L.N.382,17865,0,,,,digi1.DB:BOOK_OTHER_TITLES | digi1.DB:BOOK_SUBJECT | digi1.DB:COPIES_VOLUMES | digi1.DB:EDITOR_BOOK | digi1.DB:PUBL_BOOK,MASTER_TITLE_MISSING_RELATIONS_RECOVERED
395,,Missing from available BOOK master records,,,,,,,,,,Mark W. Johnston | Greg W. Marshall,346 | 345,,McGraw -Hill Irwin,42,,Marketing | Selling,84 | 735,,1,395/1/1,A,658.8,17870,0,,,,digi1.DB:BOOK_OTHER_TITLES | digi1.DB:BOOK_SUBJECT | digi1.DB:COPIES_VOLUMES | digi1.DB:EDITOR_BOOK | digi1.DB:PUBL_BOOK,MASTER_TITLE_MISSING_RELATIONS_RECOVERED
396,,Missing from available BOOK master records,,,,,,,,,,George J. Borjas,409,,McGraw -Hill Irwin,42,,Labor economics | Labor supply | Labor unions | Human capital,736 | 737 | 738 | 739,,1,396/1/1,A,331,17899,0,,,,digi1.DB:BOOK_OTHER_TITLES | digi1.DB:BOOK_SUBJECT | digi1.DB:COPIES_VOLUMES | digi1.DB:EDITOR_BOOK | digi1.DB:PUBL_BOOK,MASTER_TITLE_MISSING_RELATIONS_RECOVERED
397,,Missing from available BOOK master records,,,,,,,,,,كايد قرعوش | طاهر البيانى | فؤاد السرطاوى | جمال عبده,410 | 411 | 412 | 413,,الشركة العربية المتحدة للتسويق والتوريدات,39,,التنمية الاقتصادية | الاقتصاد الاسلامى,27 | 740,,2,397/1/1 | 397/2/1,A,330.121,18050 | 18051,0,,,,digi1.DB:BOOK_OTHER_TITLES | digi1.DB:BOOK_SUBJECT | digi1.DB:COPIES_VOLUMES | digi1.DB:EDITOR_BOOK | digi1.DB:PUBL_BOOK,MASTER_TITLE_MISSING_RELATIONS_RECOVERED
398,,Missing from available BOOK master records,,,,,,,,,,عبد الرحمن توفيق,10,,مركز الخبرات المهنية للادارة (بميك),6,,ادارة الاعمال | التفكير | القيادة | ادارة التسويق | ادارة المستقبل,705 | 390 | 598 | 714 | 741,,2,398/1/1 | 398/2/1,A,658.405,17999 | 18000,0,,52,,digi1.DB:BOOK_OTHER_TITLES | digi1.DB:BOOK_SUBJECT | digi1.DB:COPIES_VOLUMES | digi1.DB:EDITOR_BOOK | digi1.DB:PUBL_BOOK | digi1.DB:SERIAL_BOOK,MASTER_TITLE_MISSING_RELATIONS_RECOVERED
399,,Missing from available BOOK master records,,,,,,,,,,وليد محمد السيفو | احمد محمد مشعل,414 | 415,,الشركة العربية المتحدة للتسويق والتوريدات,39,,الاقتصاد القياسى | التنبؤ(رياضيات),742 | 743,,2,399/1/1 | 399/2/1,A,330.151,18048 | 18049,0,,,,digi1.DB:BOOK_OTHER_TITLES | digi1.DB:BOOK_SUBJECT | digi1.DB:COPIES_VOLUMES | digi1.DB:EDITOR_BOOK | digi1.DB:PUBL_BOOK,MASTER_TITLE_MISSING_RELATIONS_RECOVERED
400,,Missing from available BOOK master records,,,,,,,,,,عادل رزق,416,,مجموعة النيل العربية,40,,الازمات الاقتصادية | التنمية الاقتصادية | البنوك | الخصخصة | تقييم الاداء | الاصلاح النقدى,611 | 27 | 135 | 433 | 12 | 744,,1,400/1/1,A,338.54,18064,0,,,,digi1.DB:BOOK_OTHER_TITLES | digi1.DB:BOOK_SUBJECT | digi1.DB:COPIES_VOLUMES | digi1.DB:EDITOR_BOOK | digi1.DB:PUBL_BOOK,MASTER_TITLE_MISSING_RELATIONS_RECOVERED
401,,Missing from available BOOK master records,,,,,,,,,,Steve Williams | Derek Adam-Smith,417 | 418,,Oxford university press,41,,Industrial relations | Labor unions | Interpersonal relations | Employment | Labor contract,458 | 738 | 734 | 747 | 745,,1,401/1/1,A,658.3,17866,0,,,,digi1.DB:BOOK_OTHER_TITLES | digi1.DB:BOOK_SUBJECT | digi1.DB:COPIES_VOLUMES | digi1.DB:EDITOR_BOOK | digi1.DB:PUBL_BOOK,MASTER_TITLE_MISSING_RELATIONS_RECOVERED
402,,Missing from available BOOK master records,,,,,,,,,,هالة حسن السيد,473,,دار الوفاء لدنيا الطباعة والنشر,64,,الشراء | ادارة المشتريات | المواصفات القياسية,723 | 720 | 746,,2,402/1/1 | 402/2/1,A,658.72,18288 | 18289,0,,,,digi1.DB:BOOK_OTHER_TITLES | digi1.DB:BOOK_SUBJECT | digi1.DB:COPIES_VOLUMES | digi1.DB:EDITOR_BOOK | digi1.DB:PUBL_BOOK,MASTER_TITLE_MISSING_RELATIONS_RECOVERED
403,,Missing from available BOOK master records,,,,,,,,,,ايهاب فتحى عبد العزيز,420,,مركز المهارات الفندقية,72,,الفنادق - تنظيم وادارة | الاغذية - رقابة | الاغذية - مواصفات الامان | المواصفات القياسية,749 | 748 | 750 | 746,,2,403/1/1 | 403/2/1,A,613.2,18290 | 18291,0,,,,digi1.DB:BOOK_OTHER_TITLES | digi1.DB:BOOK_SUBJECT | digi1.DB:COPIES_VOLUMES | digi1.DB:EDITOR_BOOK | digi1.DB:PUBL_BOOK,MASTER_TITLE_MISSING_RELATIONS_RECOVERED
404,,Missing from available BOOK master records,,,,,,,,,,اسماعيل محمد السيد | محمد احمد حسان,421 | 422,,الدار الجامعية,1,,ادارة التسويق | المستهلكون - سلوك | التسعير,714 | 675 | 752,,2,404/1/1 | 404/2/1,A,658.8,18065 | 18066,0,,,,digi1.DB:BOOK_OTHER_TITLES | digi1.DB:BOOK_SUBJECT | digi1.DB:COPIES_VOLUMES | digi1.DB:EDITOR_BOOK | digi1.DB:PUBL_BOOK,MASTER_TITLE_MISSING_RELATIONS_RECOVERED
405,,Missing from available BOOK master records,,,,,,,,,,عماد الدين جمال جمعة,288,,دار الوفاء لدنيا الطباعة والنشر,64,,الاغذية | المشروبات | الاغذية النباتية | الاغذية الحيوانية | المشروبات الروحية | المشروبات الساخنة | المشروبات الباردة,533 | 532 | 754 | 753 | 755 | 756 | 757,,2,405/1/1 | 405/2/1,A,647.9,18294 | 18295,0,,,,digi1.DB:BOOK_OTHER_TITLES | digi1.DB:BOOK_SUBJECT | digi1.DB:COPIES_VOLUMES | digi1.DB:EDITOR_BOOK | digi1.DB:PUBL_BOOK,MASTER_TITLE_MISSING_RELATIONS_RECOVERED
406,,Missing from available BOOK master records,,,,,,,,,,طلعت اسعد عبد الحميد,423,,دار الفجر للنشر والتوزيع,54,,ادارة التسويق | الاسعار | المستهلكون - سلوك | التفكير الابتكارى | الاسواق - بحوث,714 | 672 | 675 | 758 | 1173,,4,406/1/1 | 406/2/1 | 406/3/1 | 406/4/1,A,658.8,18130 | 18131,0,,,,digi1.DB:BOOK_OTHER_TITLES | digi1.DB:BOOK_SUBJECT | digi1.DB:COPIES_VOLUMES | digi1.DB:EDITOR_BOOK | digi1.DB:PUBL_BOOK,MASTER_TITLE_MISSING_RELATIONS_RECOVERED
407,,Missing from available BOOK master records,,,,,,,,,,لمياء حفنى,424,,دار الوفاء لدنيا الطباعة والنشر,64,,السياحة | شركات السياحة | المنشأت السياحية,669 | 760 | 761,,2,407/1/1 | 407/2/1,A,338.479,18335 | 18336,0,,,,digi1.DB:BOOK_OTHER_TITLES | digi1.DB:BOOK_SUBJECT | digi1.DB:COPIES_VOLUMES | digi1.DB:EDITOR_BOOK | digi1.DB:PUBL_BOOK,MASTER_TITLE_MISSING_RELATIONS_RECOVERED
408,,Missing from available BOOK master records,,,,,,,,,,رمضان مبروك رمضان,425,,دار الوفاء لدنيا الطباعة والنشر,64,,الفنادق - اثاث | المطاعم - تجهيزات | حمامات السباحة - صيانة | المطاعم - حرائق واتقاء الحرائق | تكييف الهواء,555 | 615 | 726 | 762 | 763,,2,408/1/1 | 408/2/1,A,647.9,18267 | 18268,0,,,,digi1.DB:BOOK_OTHER_TITLES | digi1.DB:BOOK_SUBJECT | digi1.DB:COPIES_VOLUMES | digi1.DB:EDITOR_BOOK | digi1.DB:PUBL_BOOK,MASTER_TITLE_MISSING_RELATIONS_RECOVERED
409,,Missing from available BOOK master records,,,,,,,,,,سيد محمد جاد الرب,168,,المؤلف,8,,المنظمات - سلوك تنظيمى | المسئولية الاجتماعية - تنظيم وادارة,765 | 764,,2,409/1/1 | 409/2/1,A,658.408,18150 | 18151,0,,,,digi1.DB:BOOK_OTHER_TITLES | digi1.DB:BOOK_SUBJECT | digi1.DB:COPIES_VOLUMES | digi1.DB:EDITOR_BOOK | digi1.DB:PUBL_BOOK,MASTER_TITLE_MISSING_RELATIONS_RECOVERED
410,,Missing from available BOOK master records,,,,,,,,,,O. Ray Whittington | Kurt Pany,426 | 427,,McGraw -Hill Irwin,42,,Auditing | Accounting,388 | 107,,1,410/1/1,A,657,17867,0,,,,digi1.DB:BOOK_OTHER_TITLES | digi1.DB:BOOK_SUBJECT | digi1.DB:COPIES_VOLUMES | digi1.DB:EDITOR_BOOK | digi1.DB:PUBL_BOOK,MASTER_TITLE_MISSING_RELATIONS_RECOVERED
411,,Missing from available BOOK master records,,,,,,,,,,مروان شموط | كنجود عبود كنجو,400 | 428,,الشركة العربية المتحدة للتسويق والتوريدات,39,,الاستثمار | الاستثمار - اشكال,37 | 766,,2,411/1/1 | 411/2/1,A,332.6,18062 | 18063,0,,,,digi1.DB:BOOK_OTHER_TITLES | digi1.DB:BOOK_SUBJECT | digi1.DB:COPIES_VOLUMES | digi1.DB:EDITOR_BOOK | digi1.DB:PUBL_BOOK,MASTER_TITLE_MISSING_RELATIONS_RECOVERED
412,,Missing from available BOOK master records,,,,,,,,,,Paul D. Kimmel | Jerry J. Weygandt | Donald E. Kieso,366 | 365 | 367,,"John Wiley&Sons, Inc",12,,Accounting | Inventory | Financial Accounting,107 | 731 | 69,,1,412/1/1,A,657,17872,0,,,,digi1.DB:BOOK_OTHER_TITLES | digi1.DB:BOOK_SUBJECT | digi1.DB:COPIES_VOLUMES | digi1.DB:EDITOR_BOOK | digi1.DB:PUBL_BOOK,MASTER_TITLE_MISSING_RELATIONS_RECOVERED
413,,Missing from available BOOK master records,,,,,,,,,,اشرف محمد ابراهيم عوض,431,,المؤلف,8,,المالية العامة | المشروعات الصغيرة | المشروعات التجارية الصغيرة | المشروعات التجارية - تنظيم وادارة,525 | 768 | 408 | 771,,2,413/1/1 | 413/2/1,A,338.6,18098 | 18099,0,,3,,digi1.DB:BOOK_OTHER_TITLES | digi1.DB:BOOK_SUBJECT | digi1.DB:COPIES_VOLUMES | digi1.DB:EDITOR_BOOK | digi1.DB:PUBL_BOOK | digi1.DB:SERIAL_BOOK,MASTER_TITLE_MISSING_RELATIONS_RECOVERED
414,,Missing from available BOOK master records,,,,,,,,,,Robert F. Bruner | Kenneth M. Eades | Michael J. Schill,429 | 430 | 432,,McGraw-Hill,59,,Finance | Case studies,85 | 770,,1,414/1/1,A,332,17862,0,,,,digi1.DB:BOOK_OTHER_TITLES | digi1.DB:BOOK_SUBJECT | digi1.DB:COPIES_VOLUMES | digi1.DB:EDITOR_BOOK | digi1.DB:PUBL_BOOK,MASTER_TITLE_MISSING_RELATIONS_RECOVERED
415,,Missing from available BOOK master records,,,,,,,,,,Damodar N. Gujarati | Dawn C. Porter,433 | 434,,McGraw-Hill,59,,,,,1,415/1/1,A,330.015195,17864,0,,,,digi1.DB:BOOK_OTHER_TITLES | digi1.DB:COPIES_VOLUMES | digi1.DB:EDITOR_BOOK | digi1.DB:PUBL_BOOK,MASTER_TITLE_MISSING_RELATIONS_RECOVERED
416,,Missing from available BOOK master records,,,,,,,,,,السيد محمد أحمد السريتى,27,,الدار الجامعية,1,,الاقتصاد | الهندسة | ادارة المشروعات الصغيرة,34 | 773 | 772,,1,416/1/1,A,338.5,18082,0,,,,digi1.DB:BOOK_OTHER_TITLES | digi1.DB:BOOK_SUBJECT | digi1.DB:COPIES_VOLUMES | digi1.DB:EDITOR_BOOK | digi1.DB:PUBL_BOOK,MASTER_TITLE_MISSING_RELATIONS_RECOVERED
417,,Missing from available BOOK master records,,,,,,,,,,J. Chris Leach | Ronald W. Melicher,435 | 436,,South-western,14,,Finance | Venture Capital,85 | 774,,1,417/1/1,A,,17871,0,,,,digi1.DB:BOOK_OTHER_TITLES | digi1.DB:BOOK_SUBJECT | digi1.DB:COPIES_VOLUMES | digi1.DB:EDITOR_BOOK | digi1.DB:PUBL_BOOK,MASTER_TITLE_MISSING_RELATIONS_RECOVERED
418,,Missing from available BOOK master records,,,,,,,,,,Shahidur R. Khandker | Gayatri B. Koolwal | Hussain A. Samad,437 | 438 | 439,,The World Bank,73,,Economic development-Evaluation | Demostic economic assistance,775 | 776,,1,418/1/1,A,338.9,17881,0,,,,digi1.DB:BOOK_OTHER_TITLES | digi1.DB:BOOK_SUBJECT | digi1.DB:COPIES_VOLUMES | digi1.DB:EDITOR_BOOK | digi1.DB:PUBL_BOOK,MASTER_TITLE_MISSING_RELATIONS_RECOVERED
419,,Missing from available BOOK master records,,,,,,,,,,J. D. Ryan | Gail P. Hiduke,440 | 441,,South-western,14,,Small business,777,,1,419/1/1,A,338.6,17868,0,,,,digi1.DB:BOOK_OTHER_TITLES | digi1.DB:BOOK_SUBJECT | digi1.DB:COPIES_VOLUMES | digi1.DB:EDITOR_BOOK | digi1.DB:PUBL_BOOK,MASTER_TITLE_MISSING_RELATIONS_RECOVERED
420,,Missing from available BOOK master records,,,,,,,,,,Audrey A. Gramling | Larry E. Rittenberg | Karla M. Johnstone,442 | 443 | 444,,South-western,14,,Auditing | Accounting,388 | 107,,1,420/1/1,A,657.45,17905,0,,,,digi1.DB:BOOK_OTHER_TITLES | digi1.DB:BOOK_SUBJECT | digi1.DB:COPIES_VOLUMES | digi1.DB:EDITOR_BOOK | digi1.DB:PUBL_BOOK,MASTER_TITLE_MISSING_RELATIONS_RECOVERED
421,,Missing from available BOOK master records,,,,,,,,,,Graham W. Cosserat | Neil Rodda,445 | 446,,"John Wiley&Sons, Inc",12,,Auditing | Accounting | Investments | E-Commerce,388 | 107 | 690 | 778,,1,421/1/1,A,657.45,17904,0,,,,digi1.DB:BOOK_OTHER_TITLES | digi1.DB:BOOK_SUBJECT | digi1.DB:COPIES_VOLUMES | digi1.DB:EDITOR_BOOK | digi1.DB:PUBL_BOOK,MASTER_TITLE_MISSING_RELATIONS_RECOVERED
422,,Missing from available BOOK master records,,,,,,,,,,ياسين الكحلى,447,,دار الوفاء لدنيا الطباعة والنشر,64,,الفنادق | القرى السياحية,554 | 779,,1,422/1/1,A,647.94,18269,0,,,,digi1.DB:BOOK_OTHER_TITLES | digi1.DB:BOOK_SUBJECT | digi1.DB:COPIES_VOLUMES | digi1.DB:EDITOR_BOOK | digi1.DB:PUBL_BOOK,MASTER_TITLE_MISSING_RELATIONS_RECOVERED
423,,Missing from available BOOK master records,,,,,,,,,,ابراهيم الفقى,217,,دار الراية للنشر والتوزيع,74,,التفكير,390,,1,423/1/1,A,153.42,18211,0,,,,digi1.DB:BOOK_OTHER_TITLES | digi1.DB:BOOK_SUBJECT | digi1.DB:COPIES_VOLUMES | digi1.DB:EDITOR_BOOK | digi1.DB:PUBL_BOOK,MASTER_TITLE_MISSING_RELATIONS_RECOVERED
424,,Missing from available BOOK master records,,,,,,,,,,شريف حسن على,448,,شركة تريند للاستثمارات,22,,البورصات | البنوك,238 | 135,,2,424/1/1 | 424/2/1,A,332.642,17969 | 17970,0,,,,digi1.DB:BOOK_OTHER_TITLES | digi1.DB:BOOK_SUBJECT | digi1.DB:COPIES_VOLUMES | digi1.DB:EDITOR_BOOK | digi1.DB:PUBL_BOOK,MASTER_TITLE_MISSING_RELATIONS_RECOVERED
425,,Missing from available BOOK master records,,,,,,,,,,مروة احمد | نسيم برهم,325 | 449,,الشركة العربية المتحدة للتسويق والتوريدات,39,,المشروعات العامة | الريادة,780 | 781,,2,425/1/1 | 425/2/1,A,338.74,18192 | 18193,0,,,,digi1.DB:BOOK_OTHER_TITLES | digi1.DB:BOOK_SUBJECT | digi1.DB:COPIES_VOLUMES | digi1.DB:EDITOR_BOOK | digi1.DB:PUBL_BOOK,MASTER_TITLE_MISSING_RELATIONS_RECOVERED
426,,Missing from available BOOK master records,,,,,,,,,,ميخائيل جونسون | عبد الحكم أحمد الخزامى,450 | 451,,الدار الأكاديمية للعلوم,75,,الفساد الادارى | الاصلاح الادارى,163 | 782,,2,426/1/1 | 426/2/1,A,353.46,17948 | 17949,0,,,,digi1.DB:BOOK_OTHER_TITLES | digi1.DB:BOOK_SUBJECT | digi1.DB:COPIES_VOLUMES | digi1.DB:EDITOR_BOOK | digi1.DB:PUBL_BOOK,MASTER_TITLE_MISSING_RELATIONS_RECOVERED
427,,Missing from available BOOK master records,,,,,,,,,,عبدالله الحسينى السعيد السنباطى,452,,المكتبة الاكاديمية,2,,التخطيط الاستراتيجى | الادارة الاستراتيجية,254 | 512,,2,427/1/1 | 427/2/1,A,658.401,18168 | 18169,0,,0,,digi1.DB:BOOK_OTHER_TITLES | digi1.DB:BOOK_SUBJECT | digi1.DB:COPIES_VOLUMES | digi1.DB:EDITOR_BOOK | digi1.DB:PUBL_BOOK | digi1.DB:SERIAL_BOOK,MASTER_TITLE_MISSING_RELATIONS_RECOVERED
428,,Missing from available BOOK master records,,,,,,,,,,دانا جاينس روبنسون | جيمس روبنسون | عبد الرحمن توفيق,453 | 454 | 10,,مركز الخبرات المهنية للادارة (بميك),6,,التغير الادارى | القوى البشرية,719 | 25,,2,428/1/1 | 428/2/1,A,658.406,17932 | 17933,0,,,,digi1.DB:BOOK_OTHER_TITLES | digi1.DB:BOOK_SUBJECT | digi1.DB:COPIES_VOLUMES | digi1.DB:EDITOR_BOOK | digi1.DB:PUBL_BOOK,MASTER_TITLE_MISSING_RELATIONS_RECOVERED
429,,Missing from available BOOK master records,,,,,,,,,,طلعت عبد العظيم متولى,455,,المؤلف,8,,نظم المعلومات المحاسبية | المحاسبة | النظم الخبيرة,509 | 505 | 783,,2,429/1/1 | 429/2/1,A,657.028,18208 | 18209,0,,2,,digi1.DB:BOOK_OTHER_TITLES | digi1.DB:BOOK_SUBJECT | digi1.DB:COPIES_VOLUMES | digi1.DB:EDITOR_BOOK | digi1.DB:PUBL_BOOK | digi1.DB:SERIAL_BOOK,MASTER_TITLE_MISSING_RELATIONS_RECOVERED
430,,Missing from available BOOK master records,,,,,,,,,,فريد النجار,1,,الدار الجامعية,1,,الإدارة المالية | المخاطر المالية | التمويل,302 | 784 | 1,,2,430/1/1 | 430/2/1,A,658.15,18015 | 18016,0,,,,digi1.DB:BOOK_OTHER_TITLES | digi1.DB:BOOK_SUBJECT | digi1.DB:COPIES_VOLUMES | digi1.DB:EDITOR_BOOK | digi1.DB:PUBL_BOOK,MASTER_TITLE_MISSING_RELATIONS_RECOVERED
431,,Missing from available BOOK master records,,,,,,,,,,أسامة عبد المنعم بسيونى,456,,الشركة العربية المتحدة للتسويق والتوريدات,39,,البنوك | التصدير | التجارة الخارجية | الخدمات المصرفية | الحسابات المصرفية,135 | 180 | 59 | 785 | 786,,2,431/1/1 | 431/2/1,A,382.6,18148 | 18149,0,,,,digi1.DB:BOOK_OTHER_TITLES | digi1.DB:BOOK_SUBJECT | digi1.DB:COPIES_VOLUMES | digi1.DB:EDITOR_BOOK | digi1.DB:PUBL_BOOK,MASTER_TITLE_MISSING_RELATIONS_RECOVERED
432,,Missing from available BOOK master records,,,,,,,,,,عبد البارى درة | زهير الصباغ | ياسر العدوان | مروة احمد,457 | 317 | 458 | 325,,الشركة العربية المتحدة للتسويق والتوريدات,39,,ادارة الافراد | القوى العاملة | التوظيف | التدريب | تقييم الاداء | الأجور | التنمية الادارية,18 | 186 | 160 | 232 | 12 | 45 | 665,,2,432/1/1 | 432/2/1,A,658.3,18176 | 18177,0,,,,digi1.DB:BOOK_OTHER_TITLES | digi1.DB:BOOK_SUBJECT | digi1.DB:COPIES_VOLUMES | digi1.DB:EDITOR_BOOK | digi1.DB:PUBL_BOOK,MASTER_TITLE_MISSING_RELATIONS_RECOVERED
433,,Missing from available BOOK master records,,,,,,,,,,فيل هاركر | تيد سكوت | دار الفاروق . قسم الترجمة,459 | 460 | 461,,دار الفاروق للاستثمارات الثقافية,47,,علم النفس الإدارى | الانفعالات | التوظيف | القيادة | التعلم | بيئة العمل,787 | 788 | 160 | 598 | 789 | 790,,1,433/1/1,A,658.38,17947,0,,,,digi1.DB:BOOK_OTHER_TITLES | digi1.DB:BOOK_SUBJECT | digi1.DB:COPIES_VOLUMES | digi1.DB:EDITOR_BOOK | digi1.DB:PUBL_BOOK,MASTER_TITLE_MISSING_RELATIONS_RECOVERED
434,,Missing from available BOOK master records,,,,,,,,,,جوديث كاتز | فردريك ميلر | دار الفاروق . قسم الترجمة,462 | 463 | 461,,دار الفاروق للاستثمارات الثقافية,47,,العلاقات الشخصية | علم النفس التطبيقى,791 | 792,,1,434/1/1,A,158,17966,0,,,,digi1.DB:BOOK_OTHER_TITLES | digi1.DB:BOOK_SUBJECT | digi1.DB:COPIES_VOLUMES | digi1.DB:EDITOR_BOOK | digi1.DB:PUBL_BOOK,MASTER_TITLE_MISSING_RELATIONS_RECOVERED
435,,Missing from available BOOK master records,,,,,,,,,,شارلز مانز | دار الفاروق . قسم الترجمة,464 | 461,,دار الفاروق للاستثمارات الثقافية,47,,الفشل,793,,1,435/1/1,A,179.8,17965,0,,,,digi1.DB:BOOK_OTHER_TITLES | digi1.DB:BOOK_SUBJECT | digi1.DB:COPIES_VOLUMES | digi1.DB:EDITOR_BOOK | digi1.DB:PUBL_BOOK,MASTER_TITLE_MISSING_RELATIONS_RECOVERED
436,,Missing from available BOOK master records,,,,,,,,,,عبد القادر رزيق المخادمى,465,,دار الفجر للنشر والتوزيع,54,,الاغذية | الموارد الطبيعية | الغذاء الكامل | الامن الغذائى | التكامل الاقتصادى الدولى,533 | 23 | 794 | 795 | 796,,1,436/1/1,A,337.1,17935,0,,,,digi1.DB:BOOK_OTHER_TITLES | digi1.DB:BOOK_SUBJECT | digi1.DB:COPIES_VOLUMES | digi1.DB:EDITOR_BOOK | digi1.DB:PUBL_BOOK,MASTER_TITLE_MISSING_RELATIONS_RECOVERED
437,,Missing from available BOOK master records,,,,,,,,,,كولين بارو | علا احمد اصلاح,466 | 323,,مجموعة النيل العربية,40,,العقارات | الايجار | التمليك,624 | 797 | 798,,2,437/1/1 | 437/2/1,A,333.3,18118 | 18119,0,,,,digi1.DB:BOOK_OTHER_TITLES | digi1.DB:BOOK_SUBJECT | digi1.DB:COPIES_VOLUMES | digi1.DB:EDITOR_BOOK | digi1.DB:PUBL_BOOK,MASTER_TITLE_MISSING_RELATIONS_RECOVERED
438,,Missing from available BOOK master records,,,,,,,,,,خالد مصطفى قاسم,467,,الدار الجامعية,1,,البيئة | التنمية الاقتصادية | تلوث البيئة | السياحة البيئية,799 | 27 | 24 | 800,,2,438/1/1 | 438/2/1,A,338.9,18124 | 18125,0,,,,digi1.DB:BOOK_OTHER_TITLES | digi1.DB:BOOK_SUBJECT | digi1.DB:COPIES_VOLUMES | digi1.DB:EDITOR_BOOK | digi1.DB:PUBL_BOOK,MASTER_TITLE_MISSING_RELATIONS_RECOVERED
439,,Missing from available BOOK master records,,,,,,,,,,حسنى عبد الرحمن الشيمى,468,,دار الفجر للنشر والتوزيع,54,,ادارة المعرفة | القوى البشرية | المعرفة,602 | 25 | 801,,2,439/1/1 | 439/2/1,A,658.4,17984 | 17985,0,,,,digi1.DB:BOOK_OTHER_TITLES | digi1.DB:BOOK_SUBJECT | digi1.DB:COPIES_VOLUMES | digi1.DB:EDITOR_BOOK | digi1.DB:PUBL_BOOK,MASTER_TITLE_MISSING_RELATIONS_RECOVERED
440,,Missing from available BOOK master records,,,,,,,,,,ايهاب فتحى عبد العزيز,420,,دار الوفاء لدنيا الطباعة والنشر,64,,الفنادق | الشراء | التخزين | ادارة المخازن | ادارة المشتريات,554 | 723 | 65 | 721 | 720,,2,440/1/1 | 440/2/1,A,658.7,18302 | 18303,0,,,,digi1.DB:BOOK_OTHER_TITLES | digi1.DB:BOOK_SUBJECT | digi1.DB:COPIES_VOLUMES | digi1.DB:EDITOR_BOOK | digi1.DB:PUBL_BOOK,MASTER_TITLE_MISSING_RELATIONS_RECOVERED
441,,Missing from available BOOK master records,,,,,,,,,,صلاح الدين حسن السيسى,469,,دار الفكر العربى,76,,المشروعات الاقتصادية | دراسة الجدوى | التنمية الاقتصادية | التنمية الاجتماعية,802 | 7 | 27 | 420,,2,441/1/1 | 441/2/1,A,338.64,18088 | 18089,0,,0,,digi1.DB:BOOK_OTHER_TITLES | digi1.DB:BOOK_SUBJECT | digi1.DB:COPIES_VOLUMES | digi1.DB:EDITOR_BOOK | digi1.DB:PUBL_BOOK | digi1.DB:SERIAL_BOOK,MASTER_TITLE_MISSING_RELATIONS_RECOVERED
442,,Missing from available BOOK master records,,,,,,,,,,غادة صالح حسن,375,,دار الوفاء لدنيا الطباعة والنشر,64,,الاحصاء التطبيقى | الاحتمالات | الاحصاء التحليلى | السياحة-الطرق الإحصائية,803 | 179 | 804 | 805,,2,442/1/1 | 442/2/1,A,519.5,18306 | 18307,0,,,,digi1.DB:BOOK_OTHER_TITLES | digi1.DB:BOOK_SUBJECT | digi1.DB:COPIES_VOLUMES | digi1.DB:EDITOR_BOOK | digi1.DB:PUBL_BOOK,MASTER_TITLE_MISSING_RELATIONS_RECOVERED
444,,Missing from available BOOK master records,,,,,,,,,,فريد النجار,1,,الدار الجامعية,1,,العقارات - تمويل | الرهن العقارى | تخطيط العقارات,6 | 807 | 808,,2,444/1/1 | 444/2/1,A,333.3,17992 | 17993,0,,,,digi1.DB:BOOK_OTHER_TITLES | digi1.DB:BOOK_SUBJECT | digi1.DB:COPIES_VOLUMES | digi1.DB:EDITOR_BOOK | digi1.DB:PUBL_BOOK,MASTER_TITLE_MISSING_RELATIONS_RECOVERED
445,,Missing from available BOOK master records,,,,,,,,,,فردوس محمد محمد حسن | يحيى زكريا السيد,291 | 470,,دار الوفاء لدنيا الطباعة والنشر,64,,الفنادق | المطاعم | المطاعم - ادارة عامة,554 | 809 | 810,,2,445/1/1 | 445/2/1,A,647.94,18323 | 18324,0,,,,digi1.DB:BOOK_OTHER_TITLES | digi1.DB:BOOK_SUBJECT | digi1.DB:COPIES_VOLUMES | digi1.DB:EDITOR_BOOK | digi1.DB:PUBL_BOOK,MASTER_TITLE_MISSING_RELATIONS_RECOVERED
446,,Missing from available BOOK master records,,,,,,,,,,طلعت اسعد عبد الحميد,423,,تنوير للترجمة والنشر والتوزيع,124,,التسويق,39,,2,446/1/1 | 446/2/1,A,658.8,18108 | 18109,0,,,,digi1.DB:BOOK_OTHER_TITLES | digi1.DB:BOOK_SUBJECT | digi1.DB:COPIES_VOLUMES | digi1.DB:EDITOR_BOOK | digi1.DB:PUBL_BOOK,MASTER_TITLE_MISSING_RELATIONS_RECOVERED
447,,Missing from available BOOK master records,,,,,,,,,,محمد محمد إبراهيم,78,,الدار الجامعية,1,,الاصلاح الادارى | الكفاءة الادارية | ادارة عامة | الهندرة,782 | 418 | 811 | 812,,2,447/1/1 | 447/2/1,A,352.3,18039 | 18040,0,,,,digi1.DB:BOOK_OTHER_TITLES | digi1.DB:BOOK_SUBJECT | digi1.DB:COPIES_VOLUMES | digi1.DB:EDITOR_BOOK | digi1.DB:PUBL_BOOK,MASTER_TITLE_MISSING_RELATIONS_RECOVERED
448,,Missing from available BOOK master records,,,,,,,,,,محمد عبد الفتاح السيد,471,,دار الوفاء لدنيا الطباعة والنشر,64,,السياحة | الاثار,669 | 813,,2,448/1/1 | 448/2/1,A,338.479,18292 | 18293,0,,,,digi1.DB:BOOK_OTHER_TITLES | digi1.DB:BOOK_SUBJECT | digi1.DB:COPIES_VOLUMES | digi1.DB:EDITOR_BOOK | digi1.DB:PUBL_BOOK,MASTER_TITLE_MISSING_RELATIONS_RECOVERED
449,,Missing from available BOOK master records,,,,,,,,,,أحمد عبد السميع علام,472,,دار الوفاء لدنيا الطباعة والنشر,64,,السياحة | التخطيط الاقتصادى | الدخل القومى | السياحة والدولة,669 | 327 | 35 | 814,,2,449/1/1 | 449/2/1,A,338.479,18274 | 18275,0,,,,digi1.DB:BOOK_OTHER_TITLES | digi1.DB:BOOK_SUBJECT | digi1.DB:COPIES_VOLUMES | digi1.DB:EDITOR_BOOK | digi1.DB:PUBL_BOOK,MASTER_TITLE_MISSING_RELATIONS_RECOVERED
450,,Missing from available BOOK master records,,,,,,,,,,هالة حسن السيد,473,,دار الوفاء لدنيا الطباعة والنشر,64,,التغذية | المطاعم - تجهيزات | المطاعم - ادارة مؤسسات | المطاعم - طهى,531 | 615 | 815 | 816,,2,450/1/1 | 450/2/1,A,647.95,18278 | 18279,0,,,,digi1.DB:BOOK_OTHER_TITLES | digi1.DB:BOOK_SUBJECT | digi1.DB:COPIES_VOLUMES | digi1.DB:EDITOR_BOOK | digi1.DB:PUBL_BOOK,MASTER_TITLE_MISSING_RELATIONS_RECOVERED
451,,Missing from available BOOK master records,,,,,,,,,,ايهاب فتحى عبد العزيز,420,,دار الوفاء لدنيا الطباعة والنشر,64,,المشروعات الاقتصادية | السياحة | الاغذية | المشروبات | المطاعم - ادارة مؤسسات,802 | 669 | 533 | 532 | 815,,2,451/1/1 | 451/2/1,A,647.95,18298 | 18299,0,,,,digi1.DB:BOOK_OTHER_TITLES | digi1.DB:BOOK_SUBJECT | digi1.DB:COPIES_VOLUMES | digi1.DB:EDITOR_BOOK | digi1.DB:PUBL_BOOK,MASTER_TITLE_MISSING_RELATIONS_RECOVERED
452,,Missing from available BOOK master records,,,,,,,,,,منال شوقى عبد المعطى احمد,302,,دار الوفاء لدنيا الطباعة والنشر,64,,السياحة | مصر,669 | 177,,3,452/1/1 | 452/2/1 | 452/3/1,A,338.479,18325 | 18326 | 18327,0,,,,digi1.DB:BOOK_OTHER_TITLES | digi1.DB:BOOK_SUBJECT | digi1.DB:COPIES_VOLUMES | digi1.DB:EDITOR_BOOK | digi1.DB:PUBL_BOOK,MASTER_TITLE_MISSING_RELATIONS_RECOVERED
453,,Missing from available BOOK master records,,,,,,,,,,دافيد ميرمان سكوت | عبد الحكم أحمد الخزامى,474 | 451,,الدار الأكاديمية للعلوم,75,,التسويق | العلاقات العامة | وسائل الاعلام | الانترنت,39 | 204 | 673 | 314,,2,453/1/1 | 453/2/1,A,659.2,18079 | 18080,0,,,,digi1.DB:BOOK_OTHER_TITLES | digi1.DB:BOOK_SUBJECT | digi1.DB:COPIES_VOLUMES | digi1.DB:EDITOR_BOOK | digi1.DB:PUBL_BOOK,MASTER_TITLE_MISSING_RELATIONS_RECOVERED
454,,Missing from available BOOK master records,,,,,,,,,,خالد ممدوح ابراهيم,215,,الدار الجامعية,1,,الادارة | الإدارة التنفيذية | الإدارة الإلكترونية | الانترنت | التسويق الالكترونى | التجارة الالكترونية | الحكومة,154 | 301 | 29 | 314 | 547 | 111 | 817,,2,454/1/1 | 454/2/1,A,658.4,18029 | 18030,0,,,,digi1.DB:BOOK_OTHER_TITLES | digi1.DB:BOOK_SUBJECT | digi1.DB:COPIES_VOLUMES | digi1.DB:EDITOR_BOOK | digi1.DB:PUBL_BOOK,MASTER_TITLE_MISSING_RELATIONS_RECOVERED
455,,Missing from available BOOK master records,,,,,,,,,,محمد الهادى عفيفى,475,,المكتبة الاكاديمية,2,,التسويق | البيع | العلاقات العامة | برامج التدريب | الموظفون,39 | 133 | 204 | 234 | 16,,1,455/1/1,A,658.312,18341,0,,,,digi1.DB:BOOK_OTHER_TITLES | digi1.DB:BOOK_SUBJECT | digi1.DB:COPIES_VOLUMES | digi1.DB:EDITOR_BOOK | digi1.DB:PUBL_BOOK,MASTER_TITLE_MISSING_RELATIONS_RECOVERED
456,,Missing from available BOOK master records,,,,,,,,,,عبد المجيد المهيلمى,476,,المؤلف,8,,البورصات | الاستثمار,238 | 37,,3,456/1/1 | 456/2/1 | 456/3/1,A,332.6,17304,0,,,,digi1.DB:BOOK_OTHER_TITLES | digi1.DB:BOOK_SUBJECT | digi1.DB:COPIES_VOLUMES | digi1.DB:EDITOR_BOOK | digi1.DB:PUBL_BOOK,MASTER_TITLE_MISSING_RELATIONS_RECOVERED
457,,Missing from available BOOK master records,,,,,,,,,,مدحت محمد ابو النصر,83,,المجموعة العربية للتدريب والنشر,27,,التخطيط | التخطيط الاستراتيجى | الادارة الاستراتيجية,155 | 254 | 512,,2,457/1/1 | 457/2/1,A,658.401,18017 | 18018,0,,,,digi1.DB:BOOK_OTHER_TITLES | digi1.DB:BOOK_SUBJECT | digi1.DB:COPIES_VOLUMES | digi1.DB:EDITOR_BOOK | digi1.DB:PUBL_BOOK,MASTER_TITLE_MISSING_RELATIONS_RECOVERED
458,,Missing from available BOOK master records,,,,,,,,,,جيهان جمال,339,,المؤلف,8,,البورصات | المضاربات,238 | 818,,2,458/1/1 | 458/2/1,A,332.645,18046 | 18047,0,,,,digi1.DB:BOOK_OTHER_TITLES | digi1.DB:BOOK_SUBJECT | digi1.DB:COPIES_VOLUMES | digi1.DB:EDITOR_BOOK | digi1.DB:PUBL_BOOK,MASTER_TITLE_MISSING_RELATIONS_RECOVERED
459,,Missing from available BOOK master records,,,,,,,,,,Kitty o.locker | Donna s.kienzler,477 | 478,,McGraw -Hill Irwin,42,,Business | communication | administration,82 | 210 | 819,,1,459/1/1,A,658.4,17896,0,,,,digi1.DB:BOOK_OTHER_TITLES | digi1.DB:BOOK_SUBJECT | digi1.DB:COPIES_VOLUMES | digi1.DB:EDITOR_BOOK | digi1.DB:PUBL_BOOK,MASTER_TITLE_MISSING_RELATIONS_RECOVERED
460,,Missing from available BOOK master records,,,,,,,,,,بشير الخضرا | مروة احمد | أحمد أبو هنطش | حنان الظاهر,479 | 325 | 480 | 481,,الشركة العربية المتحدة للتسويق والتوريدات,39,,السلوك الادارى | ادارة الافراد | الرضا الوظيفى | الدافعية,820 | 18 | 821 | 822,,2,460/1/1 | 460/2/1,A,658.314,18056 | 18057,0,,,,digi1.DB:BOOK_OTHER_TITLES | digi1.DB:BOOK_SUBJECT | digi1.DB:COPIES_VOLUMES | digi1.DB:EDITOR_BOOK | digi1.DB:PUBL_BOOK,MASTER_TITLE_MISSING_RELATIONS_RECOVERED
461,,Missing from available BOOK master records,,,,,,,,,,Stanley L.brue | Campbell R. mcConnell,482 | 483,,McGraw -Hill Irwin,42,,Banking | Economics | Prices,828 | 393 | 466,,1,461/1/1,A,330,17895,0,,,,digi1.DB:BOOK_OTHER_TITLES | digi1.DB:BOOK_SUBJECT | digi1.DB:COPIES_VOLUMES | digi1.DB:EDITOR_BOOK | digi1.DB:PUBL_BOOK,MASTER_TITLE_MISSING_RELATIONS_RECOVERED
462,,Missing from available BOOK master records,,,,,,,,,,هالة حسن السيد,473,,دار الوفاء لدنيا الطباعة والنشر,64,,الحفلات | المؤتمرات - تنظيم وادارة | المهرجانات | المعارض | الفنادق و السياحة,823 | 824 | 825 | 826 | 614,,2,462/1/1 | 462/2/1,A,647.94,18286 | 18287,0,,,,digi1.DB:BOOK_OTHER_TITLES | digi1.DB:BOOK_SUBJECT | digi1.DB:COPIES_VOLUMES | digi1.DB:EDITOR_BOOK | digi1.DB:PUBL_BOOK,MASTER_TITLE_MISSING_RELATIONS_RECOVERED
463,,Missing from available BOOK master records,,,,,,,,,,Joseph W.weiss,485,,South-western,14,,Making decision | Business ethics | Professional Ethics,212 | 833 | 834,,1,463/1/1,A,174,17893,0,,,,digi1.DB:BOOK_OTHER_TITLES | digi1.DB:BOOK_SUBJECT | digi1.DB:COPIES_VOLUMES | digi1.DB:EDITOR_BOOK | digi1.DB:PUBL_BOOK,MASTER_TITLE_MISSING_RELATIONS_RECOVERED
464,,Missing from available BOOK master records,,,,,,,,,,هشام جبر,484,,الشركة العربية المتحدة للتسويق والتوريدات,39,,البنوك | البنوك - تنظيم وادارة | البنوك التجارية | الاستثمار | القروض,135 | 144 | 136 | 37 | 528,,2,464/1/1 | 464/2/1,A,332.1,18060 | 18061,0,,,,digi1.DB:BOOK_OTHER_TITLES | digi1.DB:BOOK_SUBJECT | digi1.DB:COPIES_VOLUMES | digi1.DB:EDITOR_BOOK | digi1.DB:PUBL_BOOK,MASTER_TITLE_MISSING_RELATIONS_RECOVERED
466,,Missing from available BOOK master records,,,,,,,,,,خالد ممدوح ابراهيم,215,,الدار الجامعية,1,,القانون | القانون - خدمات | القانون - إجراءات | القانون - عمليات | القانون الادارى | التوقيع الإلكترونى | الحكومة الإلكترونية,356 | 829 | 830 | 831 | 15 | 832 | 30,,2,466/1/1 | 466/2/1,A,347.05,,0,,,,digi1.DB:BOOK_OTHER_TITLES | digi1.DB:BOOK_SUBJECT | digi1.DB:COPIES_VOLUMES | digi1.DB:EDITOR_BOOK | digi1.DB:PUBL_BOOK,MASTER_TITLE_MISSING_RELATIONS_RECOVERED
467,,Missing from available BOOK master records,,,,,,,,,,عصام الدين أحمد أباظة,487,,دار النهضة العربية,28,,العولمة | البنوك | الاندماج المصرفى,198 | 135 | 836,,2,467/1/1 | 467/2/1,A,332.1,18234 | 18235,0,,,,digi1.DB:BOOK_OTHER_TITLES | digi1.DB:BOOK_SUBJECT | digi1.DB:COPIES_VOLUMES | digi1.DB:EDITOR_BOOK | digi1.DB:PUBL_BOOK,MASTER_TITLE_MISSING_RELATIONS_RECOVERED
468,,Missing from available BOOK master records,,,,,,,,,,Arthur A.thompson,486,,McGraw -Hill Irwin,42,,,,,1,468/1/1,A,658.4,17885,0,,,,digi1.DB:BOOK_OTHER_TITLES | digi1.DB:COPIES_VOLUMES | digi1.DB:EDITOR_BOOK | digi1.DB:PUBL_BOOK,MASTER_TITLE_MISSING_RELATIONS_RECOVERED
469,,Missing from available BOOK master records,,,,,,,,,,JaneP.mallor,488,,McGraw -Hill Irwin,42,,Business | law | American law,82 | 837 | 838,,1,469/1/1,A,343.052,17859,0,,,,digi1.DB:BOOK_OTHER_TITLES | digi1.DB:BOOK_SUBJECT | digi1.DB:COPIES_VOLUMES | digi1.DB:EDITOR_BOOK | digi1.DB:PUBL_BOOK,MASTER_TITLE_MISSING_RELATIONS_RECOVERED
471,,Missing from available BOOK master records,,,,,,,,,,Raymond A.noe | John R.Hollenbeck,489 | 490,,McGraw -Hill Irwin,42,,Personnel Management | Employment | Training,1979 | 747 | 295,,1,471/1/1,A,658.3,17839,0,,,,digi1.DB:BOOK_OTHER_TITLES | digi1.DB:BOOK_SUBJECT | digi1.DB:COPIES_VOLUMES | digi1.DB:EDITOR_BOOK | digi1.DB:PUBL_BOOK,MASTER_TITLE_MISSING_RELATIONS_RECOVERED
472,,Missing from available BOOK master records,,,,,,,,,,Robert B.handfield,102,,South-western,14,,,,,1,472/1/1,A,658.7,17877,0,,,,digi1.DB:BOOK_OTHER_TITLES | digi1.DB:COPIES_VOLUMES | digi1.DB:EDITOR_BOOK | digi1.DB:PUBL_BOOK,MASTER_TITLE_MISSING_RELATIONS_RECOVERED
473,,Missing from available BOOK master records,,,,,,,,,,عبد الحميد عبد الفتاح المغربى | عبد العزيز على عبد المنصف مرزوق,301 | 491,,المؤلف,8,,ادارة المعرفة | الخصخصة | الهندرة | العولمة | الإدارة الإلكترونية | الحوكمة,602 | 433 | 812 | 198 | 29 | 839,,2,473/1/1 | 473/2/1,A,658.4,18216 | 18217,0,,,,digi1.DB:BOOK_OTHER_TITLES | digi1.DB:BOOK_SUBJECT | digi1.DB:COPIES_VOLUMES | digi1.DB:EDITOR_BOOK | digi1.DB:PUBL_BOOK,MASTER_TITLE_MISSING_RELATIONS_RECOVERED
474,,Missing from available BOOK master records,,,,,,,,,,أدريان بالمر | بهاء شاهين | علا احمد اصلاح | دعاء شراقى,493 | 494 | 323 | 495,,مجموعة النيل العربية,40,,التسويق | العلامات التجارية | المستهلكون,39 | 842 | 841,,2,474/1/1 | 474/2/1,A,658.8,18114 | 18115,0,,,,digi1.DB:BOOK_OTHER_TITLES | digi1.DB:BOOK_SUBJECT | digi1.DB:COPIES_VOLUMES | digi1.DB:EDITOR_BOOK | digi1.DB:PUBL_BOOK,MASTER_TITLE_MISSING_RELATIONS_RECOVERED
475,,Missing from available BOOK master records,,,,,,,,,,Terence A.Shimp,496,,South-western,14,,Marketing | Communication -marketing | Advertising | Promotion,84 | 843 | 286 | 844,,1,475/1/1,A,658.8,17855,0,,,,digi1.DB:BOOK_OTHER_TITLES | digi1.DB:BOOK_SUBJECT | digi1.DB:COPIES_VOLUMES | digi1.DB:EDITOR_BOOK | digi1.DB:PUBL_BOOK,MASTER_TITLE_MISSING_RELATIONS_RECOVERED
476,,Missing from available BOOK master records,,,,,,,,,,أسامة راشد أبو سماحة | نهلة جابر عامر,497 | 382,,دار الوفاء لدنيا الطباعة والنشر,64,,الفنادق | الطهى,554 | 845,,2,476/1/1 | 476/2/1,A,641.5,18308 | 18309,0,,,,digi1.DB:BOOK_OTHER_TITLES | digi1.DB:BOOK_SUBJECT | digi1.DB:COPIES_VOLUMES | digi1.DB:EDITOR_BOOK | digi1.DB:PUBL_BOOK,MASTER_TITLE_MISSING_RELATIONS_RECOVERED
477,,Missing from available BOOK master records,,,,,,,,,,Gareth R. Jones | Jennifer M.george,39 | 498,,McGraw -Hill Irwin,42,,,,,1,477/1/1,A,658.3,17838,0,,,,digi1.DB:BOOK_OTHER_TITLES | digi1.DB:COPIES_VOLUMES | digi1.DB:EDITOR_BOOK | digi1.DB:PUBL_BOOK,MASTER_TITLE_MISSING_RELATIONS_RECOVERED
478,,Missing from available BOOK master records,,,,,,,,,,سعيد السيد على,129,,المؤلف,8,,الادارة العامة | التخطيط | التنظيم | الرقابة | الاتصالات الادارية | القيادة الادارية,13 | 155 | 190 | 334 | 268 | 846,,1,478/1/1,A,350,17986,0,,,,digi1.DB:BOOK_OTHER_TITLES | digi1.DB:BOOK_SUBJECT | digi1.DB:COPIES_VOLUMES | digi1.DB:EDITOR_BOOK | digi1.DB:PUBL_BOOK,MASTER_TITLE_MISSING_RELATIONS_RECOVERED
479,,Missing from available BOOK master records,,,,,,,,,,سمير عبد الحميد رضوان,499,,دار النشر للجامعات,55,,الاوراق المالية | البورصات | الاستثمار | الازمات الاقتصادية,167 | 238 | 37 | 611,,2,479/1/1 | 479/2/1,A,332.404,17937 | 17938,0,,,,digi1.DB:BOOK_OTHER_TITLES | digi1.DB:BOOK_SUBJECT | digi1.DB:COPIES_VOLUMES | digi1.DB:EDITOR_BOOK | digi1.DB:PUBL_BOOK,MASTER_TITLE_MISSING_RELATIONS_RECOVERED
480,,Missing from available BOOK master records,,,,,,,,,,Bel I-Hawkins,500,,McGraw -Hill Irwin,42,,Consumer behavior | Marketing,478 | 84,,1,480/1/1,A,658.8,17850,0,,,,digi1.DB:BOOK_OTHER_TITLES | digi1.DB:BOOK_SUBJECT | digi1.DB:COPIES_VOLUMES | digi1.DB:EDITOR_BOOK | digi1.DB:PUBL_BOOK,MASTER_TITLE_MISSING_RELATIONS_RECOVERED
481,,Missing from available BOOK master records,,,,,,,,,,احمد صلاح عطية,122,,الدار الجامعية,1,,المحاسبة | المحاسبة التحليلية,505 | 848,,1,481/1/1,A,657.48,18165,0,,,,digi1.DB:BOOK_OTHER_TITLES | digi1.DB:BOOK_SUBJECT | digi1.DB:COPIES_VOLUMES | digi1.DB:EDITOR_BOOK | digi1.DB:PUBL_BOOK,MASTER_TITLE_MISSING_RELATIONS_RECOVERED
482,,Missing from available BOOK master records,,,,,,,,,,Julie siciliano | C. gopinth,502 | 501,,South-western,14,,Managment straregic,849,,1,482/1/1,A,658,17849,0,,,,digi1.DB:BOOK_OTHER_TITLES | digi1.DB:BOOK_SUBJECT | digi1.DB:COPIES_VOLUMES | digi1.DB:EDITOR_BOOK | digi1.DB:PUBL_BOOK,MASTER_TITLE_MISSING_RELATIONS_RECOVERED
483,,Missing from available BOOK master records,,,,,,,,,,فريد النجار,1,,الدار الجامعية,1,,المنظمات غير الحكومية | الادارة المحلية | المجتمعات الحضرية,850 | 340 | 149,,2,483/1/1 | 483/2/1,A,352.106,18194 | 18195,0,,,,digi1.DB:BOOK_OTHER_TITLES | digi1.DB:BOOK_SUBJECT | digi1.DB:COPIES_VOLUMES | digi1.DB:EDITOR_BOOK | digi1.DB:PUBL_BOOK,MASTER_TITLE_MISSING_RELATIONS_RECOVERED
484,,Missing from available BOOK master records,,,,,,,,,,Gay lumsden | donald lumsden | carolyn wiethoff,503 | 505 | 504,,Wadsworth,77,,communication | Personnel Management | leadership,210 | 1979 | 312,,1,484/1/1,A,658.3,17894,0,,,,digi1.DB:BOOK_OTHER_TITLES | digi1.DB:BOOK_SUBJECT | digi1.DB:COPIES_VOLUMES | digi1.DB:EDITOR_BOOK | digi1.DB:PUBL_BOOK,MASTER_TITLE_MISSING_RELATIONS_RECOVERED
485,,Missing from available BOOK master records,,,,,,,,,,Philip kotler | Gary armstrong | veronic wong,267 | 268 | 506,,Prentice Hall,57,,Marketing,84,,1,485/1/1,A,658.8,17852,0,,,,digi1.DB:BOOK_OTHER_TITLES | digi1.DB:BOOK_SUBJECT | digi1.DB:COPIES_VOLUMES | digi1.DB:EDITOR_BOOK | digi1.DB:PUBL_BOOK,MASTER_TITLE_MISSING_RELATIONS_RECOVERED
486,,Missing from available BOOK master records,,,,,,,,,,غادة صالح حسن,375,,دار الوفاء لدنيا الطباعة والنشر,64,,الاقتصاد | السياحة | الفنادق,34 | 669 | 554,,2,486/1/1 | 486/2/1,A,338.479,18241 | 18242,0,,,,digi1.DB:BOOK_OTHER_TITLES | digi1.DB:BOOK_SUBJECT | digi1.DB:COPIES_VOLUMES | digi1.DB:EDITOR_BOOK | digi1.DB:PUBL_BOOK,MASTER_TITLE_MISSING_RELATIONS_RECOVERED
487,,Missing from available BOOK master records,,,,,,,,,,Laurence S.seidman,507,,McGraw -Hill Irwin,42,,Finance | Public finance | Political economic | education,85 | 851 | 852 | 853,,1,487/1/1,A,332,17874,0,,,,digi1.DB:BOOK_OTHER_TITLES | digi1.DB:BOOK_SUBJECT | digi1.DB:COPIES_VOLUMES | digi1.DB:EDITOR_BOOK | digi1.DB:PUBL_BOOK,MASTER_TITLE_MISSING_RELATIONS_RECOVERED
488,,Missing from available BOOK master records,,,,,,,,,,هند محمد حامد,508,,المؤلف,8,,السياحة | التجارة الالكترونية | الفنادق | الشركات,669 | 111 | 554 | 854,,1,488/1/1,A,338.479,18258,0,,,,digi1.DB:BOOK_OTHER_TITLES | digi1.DB:BOOK_SUBJECT | digi1.DB:COPIES_VOLUMES | digi1.DB:EDITOR_BOOK | digi1.DB:PUBL_BOOK,MASTER_TITLE_MISSING_RELATIONS_RECOVERED
489,,Missing from available BOOK master records,,,,,,,,,,geri clarke | lan wilson,509 | 511,,McGraw -Hill Irwin,42,,Marketing | Communication -marketing | Digital technology -marketing,84 | 843 | 855,,1,489/1/1,A,658.8,17853,0,,,,digi1.DB:BOOK_OTHER_TITLES | digi1.DB:BOOK_SUBJECT | digi1.DB:COPIES_VOLUMES | digi1.DB:EDITOR_BOOK | digi1.DB:PUBL_BOOK,MASTER_TITLE_MISSING_RELATIONS_RECOVERED
490,,Missing from available BOOK master records,,,,,,,,,,ماهر عبد الخالق السيسى,510,,المؤلف,8,,السياحة,669,,1,490/1/1,A,338.479,18257,0,,,,digi1.DB:BOOK_OTHER_TITLES | digi1.DB:BOOK_SUBJECT | digi1.DB:COPIES_VOLUMES | digi1.DB:EDITOR_BOOK | digi1.DB:PUBL_BOOK,MASTER_TITLE_MISSING_RELATIONS_RECOVERED
491,,Missing from available BOOK master records,,,,,,,,,,مالكوم ماكدونالد | ديانا وودبيرن | خالد العامرى,514 | 515 | 287,,دار الفاروق للاستثمارات الثقافية,47,,التسويق | المبيعات | ادارة المبيعات,39 | 860 | 861,,2,491/1/1 | 491/2/1,A,658.8,18135 | 18136,0,,,,digi1.DB:BOOK_OTHER_TITLES | digi1.DB:BOOK_SUBJECT | digi1.DB:COPIES_VOLUMES | digi1.DB:EDITOR_BOOK | digi1.DB:PUBL_BOOK,MASTER_TITLE_MISSING_RELATIONS_RECOVERED
492,,Missing from available BOOK master records,,,,,,,,,,Gordon walker,512,,McGraw -Hill Irwin,42,,Making decision | Planning,212 | 847,,1,492/1/1,A,658.4,17856,0,,,,digi1.DB:BOOK_OTHER_TITLES | digi1.DB:BOOK_SUBJECT | digi1.DB:COPIES_VOLUMES | digi1.DB:EDITOR_BOOK | digi1.DB:PUBL_BOOK,MASTER_TITLE_MISSING_RELATIONS_RECOVERED
493,,Missing from available BOOK master records,,,,,,,,,,Andrew greasley,513,,"John Wiley&Sons, Inc",12,,Project managment | Project managment - examination | Production managment | Business logistics,856 | 857 | 859 | 1879,,1,493/1/1,A,658.5,17842,0,,,,digi1.DB:BOOK_OTHER_TITLES | digi1.DB:BOOK_SUBJECT | digi1.DB:COPIES_VOLUMES | digi1.DB:EDITOR_BOOK | digi1.DB:PUBL_BOOK,MASTER_TITLE_MISSING_RELATIONS_RECOVERED
494,,Missing from available BOOK master records,,,,,,,,,,mohit bhatacharya,517,,Oxford university press,41,,Public adminstration | Administration of local government,378 | 103,,1,494/1/1,A,350,17841,0,,,,digi1.DB:BOOK_OTHER_TITLES | digi1.DB:BOOK_SUBJECT | digi1.DB:COPIES_VOLUMES | digi1.DB:EDITOR_BOOK | digi1.DB:PUBL_BOOK,MASTER_TITLE_MISSING_RELATIONS_RECOVERED
495,,Missing from available BOOK master records,,,,,,,,,,P.nick blanchard,115,,Pearson prentice Hall,16,,Training | Personnel Management,295 | 1979,,1,495/1/1,A,658.3,17843,0,,,,digi1.DB:BOOK_OTHER_TITLES | digi1.DB:BOOK_SUBJECT | digi1.DB:COPIES_VOLUMES | digi1.DB:EDITOR_BOOK | digi1.DB:PUBL_BOOK,MASTER_TITLE_MISSING_RELATIONS_RECOVERED
496,,Missing from available BOOK master records,,,,,,,,,,David silver,518,,"John Wiley&Sons, Inc",12,,Social net work | Business planning,864 | 863,,1,496/1/1,A,658.4,17851,0,,,,digi1.DB:BOOK_OTHER_TITLES | digi1.DB:BOOK_SUBJECT | digi1.DB:COPIES_VOLUMES | digi1.DB:EDITOR_BOOK | digi1.DB:PUBL_BOOK,MASTER_TITLE_MISSING_RELATIONS_RECOVERED
497,,Missing from available BOOK master records,,,,,,,,,,ماهر عبد الخالق السيسى,510,,مكتبة النهضة المصرية,78,,السياحة | النقل الجوى,669 | 862,,1,497/1/1,A,338.479,18259,0,,,,digi1.DB:BOOK_OTHER_TITLES | digi1.DB:BOOK_SUBJECT | digi1.DB:COPIES_VOLUMES | digi1.DB:EDITOR_BOOK | digi1.DB:PUBL_BOOK,MASTER_TITLE_MISSING_RELATIONS_RECOVERED
498,,Missing from available BOOK master records,,,,,,,,,,مصطفى كمال مصطفى,519,,هبة النيل العربية للنشر و التوزيع,21,,الفنادق | الصيانة | الفنادق - صيانة,554 | 32 | 865,,1,498/1/1,A,647.94,18254,0,,,,digi1.DB:BOOK_OTHER_TITLES | digi1.DB:BOOK_SUBJECT | digi1.DB:COPIES_VOLUMES | digi1.DB:EDITOR_BOOK | digi1.DB:PUBL_BOOK,MASTER_TITLE_MISSING_RELATIONS_RECOVERED
499,,Missing from available BOOK master records,,,,,,,,,,Robert J. Carbaugh,2384,,South-western,14,,,,,1,499/1/1,A,332,17876,0,,,,digi1.DB:BOOK_OTHER_TITLES | digi1.DB:COPIES_VOLUMES | digi1.DB:EDITOR_BOOK | digi1.DB:PUBL_BOOK,MASTER_TITLE_MISSING_RELATIONS_RECOVERED
500,,Missing from available BOOK master records,,,,,,,,,,محمد نور برهان,318,,الشركة العربية المتحدة للتسويق والتوريدات,39,,نظم المعلومات الادارية | الادارة | التخطيط | الرقابة | اتخاذ القرارات,508 | 154 | 155 | 334 | 128,,2,500/1/1 | 500/2/1,A,658.403,18037 | 18038,0,,,,digi1.DB:BOOK_OTHER_TITLES | digi1.DB:BOOK_SUBJECT | digi1.DB:COPIES_VOLUMES | digi1.DB:EDITOR_BOOK | digi1.DB:PUBL_BOOK,MASTER_TITLE_MISSING_RELATIONS_RECOVERED
501,,Missing from available BOOK master records,,,,,,,,,,سهام محمد السويدى,521,,الدار الجامعية,1,,البنوك المركزية | السياسة النقدية | البنك المركزى المصرى,867 | 118 | 868,,2,501/1/1 | 501/2/1,A,332.11,18068 | 18069,0,,,,digi1.DB:BOOK_OTHER_TITLES | digi1.DB:BOOK_SUBJECT | digi1.DB:COPIES_VOLUMES | digi1.DB:EDITOR_BOOK | digi1.DB:PUBL_BOOK,MASTER_TITLE_MISSING_RELATIONS_RECOVERED
502,,Missing from available BOOK master records,,,,,,,,,,Robert verma | Kenneth K.Boyer,522 | 523,,South-western,14,,Management | Operations Research,98 | 448,,1,502/1/1,A,658.4,17878,0,,,,digi1.DB:BOOK_OTHER_TITLES | digi1.DB:BOOK_SUBJECT | digi1.DB:COPIES_VOLUMES | digi1.DB:EDITOR_BOOK | digi1.DB:PUBL_BOOK,MASTER_TITLE_MISSING_RELATIONS_RECOVERED
503,,Missing from available BOOK master records,,,,,,,,,,David Berke | Michael E.kossler | Michael Wakefield,524 | 525 | 526,,Pfeiffer,62,,leadership | Excutive - ability | Excutive -Training,312 | 870 | 869,,1,503/1/1,A,658.3,17847,0,,,,digi1.DB:BOOK_OTHER_TITLES | digi1.DB:BOOK_SUBJECT | digi1.DB:COPIES_VOLUMES | digi1.DB:EDITOR_BOOK | digi1.DB:PUBL_BOOK,MASTER_TITLE_MISSING_RELATIONS_RECOVERED
504,,Missing from available BOOK master records,,,,,,,,,,Ram charan,527,,"John Wiley&Sons, Inc",12,,leadership | Excutive succession planning,312 | 871,,1,504/1/1,A,658.4,17840,0,,,,digi1.DB:BOOK_OTHER_TITLES | digi1.DB:BOOK_SUBJECT | digi1.DB:COPIES_VOLUMES | digi1.DB:EDITOR_BOOK | digi1.DB:PUBL_BOOK,MASTER_TITLE_MISSING_RELATIONS_RECOVERED
505,,Missing from available BOOK master records,,,,,,,,,,Thomas M.magstadt,528,,Wadsworth,77,,,,,1,505/1/1,A,320,17814,0,,,,digi1.DB:BOOK_OTHER_TITLES | digi1.DB:COPIES_VOLUMES | digi1.DB:EDITOR_BOOK | digi1.DB:PUBL_BOOK,MASTER_TITLE_MISSING_RELATIONS_RECOVERED
506,,Missing from available BOOK master records,,,,,,,,,,jon M. werner | Randy L.desimone,529 | 530,,South-western,14,,Human Resources,83,,1,506/1/1,A,331.11,17804,0,,,,digi1.DB:BOOK_OTHER_TITLES | digi1.DB:BOOK_SUBJECT | digi1.DB:COPIES_VOLUMES | digi1.DB:EDITOR_BOOK | digi1.DB:PUBL_BOOK,MASTER_TITLE_MISSING_RELATIONS_RECOVERED
507,,Missing from available BOOK master records,,,,,,,,,,Robin stuart -kotze,531,,Prentice Hall,57,,Personnel Management | Employees | Job sattisfaction,1979 | 486 | 873,,1,507/1/1,A,658.3,17808,0,,,,digi1.DB:BOOK_OTHER_TITLES | digi1.DB:BOOK_SUBJECT | digi1.DB:COPIES_VOLUMES | digi1.DB:EDITOR_BOOK | digi1.DB:PUBL_BOOK,MASTER_TITLE_MISSING_RELATIONS_RECOVERED
509,,Missing from available BOOK master records,,,,,,,,,,احمد سيد مصطفى,532,,المكتبة الاكاديمية,2,,الادارة | المديرون | التخطيط,154 | 173 | 155,,2,509/1/1 | 509/2/1,A,658,18152 | 18153,0,,,,digi1.DB:BOOK_OTHER_TITLES | digi1.DB:BOOK_SUBJECT | digi1.DB:COPIES_VOLUMES | digi1.DB:EDITOR_BOOK | digi1.DB:PUBL_BOOK,MASTER_TITLE_MISSING_RELATIONS_RECOVERED
510,,Missing from available BOOK master records,,,,,,,,,,كريستينا ستيوارت,533,,دار الفاروق للاستثمارات الثقافية,47,,الذات | علم النفس,874 | 875,,1,510/1/1,A,155.2,17974,0,,,,digi1.DB:BOOK_OTHER_TITLES | digi1.DB:BOOK_SUBJECT | digi1.DB:COPIES_VOLUMES | digi1.DB:EDITOR_BOOK | digi1.DB:PUBL_BOOK,MASTER_TITLE_MISSING_RELATIONS_RECOVERED
511,,Missing from available BOOK master records,,,,,,,,,,هالة حسن السيد,473,,دار الوفاء لدنيا الطباعة والنشر,64,,المطاعم | الفنادق - خدمات الوجبات,809 | 695,,2,511/1/1 | 511/2/1,A,642.5,18245 | 18246,0,,,,digi1.DB:BOOK_OTHER_TITLES | digi1.DB:BOOK_SUBJECT | digi1.DB:COPIES_VOLUMES | digi1.DB:EDITOR_BOOK | digi1.DB:PUBL_BOOK,MASTER_TITLE_MISSING_RELATIONS_RECOVERED
512,,Missing from available BOOK master records,,,,,,,,,,وحيد مهدى عامر,376,,الدار الجامعية,1,,التخطيط الاقتصادى | الاقتصاد الكلى | السياسة النقدية | البطالة | التضخم,327 | 413 | 118 | 199 | 138,,2,512/1/1 | 512/2/1,A,338.9,18171 | 18170,0,,,,digi1.DB:BOOK_OTHER_TITLES | digi1.DB:BOOK_SUBJECT | digi1.DB:COPIES_VOLUMES | digi1.DB:EDITOR_BOOK | digi1.DB:PUBL_BOOK,MASTER_TITLE_MISSING_RELATIONS_RECOVERED
513,,Missing from available BOOK master records,,,,,,,,,,على احمد عبد النبى | محمد صلاح غانم | لمياء مصطفى سعيد,341 | 534 | 535,,دار الوفاء لدنيا الطباعة والنشر,64,,المطاعم | الفنادق - خدمات الوجبات,809 | 695,,2,513/1/1 | 513/2/1,A,643.5,18243 | 18244,0,,,,digi1.DB:BOOK_OTHER_TITLES | digi1.DB:BOOK_SUBJECT | digi1.DB:COPIES_VOLUMES | digi1.DB:EDITOR_BOOK | digi1.DB:PUBL_BOOK,MASTER_TITLE_MISSING_RELATIONS_RECOVERED
514,,Missing from available BOOK master records,,,,,,,,,,فريد النجار,1,,الدار الجامعية,1,,ادارة الافراد | السلوك الادارى | القيادة الادارية,18 | 820 | 846,,3,514/1/1 | 514/2/1 | 514/3/1,A,658.3,17978 | 17979,0,,,,digi1.DB:BOOK_OTHER_TITLES | digi1.DB:BOOK_SUBJECT | digi1.DB:COPIES_VOLUMES | digi1.DB:EDITOR_BOOK | digi1.DB:PUBL_BOOK,MASTER_TITLE_MISSING_RELATIONS_RECOVERED
515,,Missing from available BOOK master records,,,,,,,,,,كيرت مورتنس,536,,دار الفاروق للاستثمارات الثقافية,47,,علم النفس | الاقناع,875 | 876,,2,515/1/1 | 515/2/1,A,153.855,17950 | 17951,0,,,,digi1.DB:BOOK_OTHER_TITLES | digi1.DB:BOOK_SUBJECT | digi1.DB:COPIES_VOLUMES | digi1.DB:EDITOR_BOOK | digi1.DB:PUBL_BOOK,MASTER_TITLE_MISSING_RELATIONS_RECOVERED
516,,Missing from available BOOK master records,,,,,,,,,,زهير الصباغ | عبد المعطى عساف | حنا قاقيش | مصطفى الشاويش,317 | 538 | 537 | 539,,الشركة العربية المتحدة للتسويق والتوريدات,39,,التنظيم | امن المعلومات | كتابة التقارير | التجيهزات المكتبة | ادارة المكاتب,190 | 426 | 718 | 878 | 877,,1,516/1/1,A,651.3,18005,0,,,,digi1.DB:BOOK_OTHER_TITLES | digi1.DB:BOOK_SUBJECT | digi1.DB:COPIES_VOLUMES | digi1.DB:EDITOR_BOOK | digi1.DB:PUBL_BOOK,MASTER_TITLE_MISSING_RELATIONS_RECOVERED
517,,Missing from available BOOK master records,,,,,,,,,,عبد الرحمن توفيق,10,,مركز الخبرات المهنية للادارة (بميك),6,,القيادة | الذكاء | علم النفس الإدارى,598 | 423 | 787,,2,517/1/1 | 517/2/1,A,158.4,17956 | 17957,0,,1,,digi1.DB:BOOK_OTHER_TITLES | digi1.DB:BOOK_SUBJECT | digi1.DB:COPIES_VOLUMES | digi1.DB:EDITOR_BOOK | digi1.DB:PUBL_BOOK | digi1.DB:SERIAL_BOOK,MASTER_TITLE_MISSING_RELATIONS_RECOVERED
518,,Missing from available BOOK master records,,,,,,,,,,جرانت جوردون | ونايجل نيكولسون,540 | 541,,مجموعة النيل العربية,40,,الشركات | الشركاء,854 | 879,,1,518/1/1,A,338.7,18006,0,,,,digi1.DB:BOOK_OTHER_TITLES | digi1.DB:BOOK_SUBJECT | digi1.DB:COPIES_VOLUMES | digi1.DB:EDITOR_BOOK | digi1.DB:PUBL_BOOK,MASTER_TITLE_MISSING_RELATIONS_RECOVERED
519,,Missing from available BOOK master records,,,,,,,,,,حسن محمد أحمد محمد مختار,133,,الشركة العربية المتحدة للتسويق والتوريدات,39,,ادارة عامة | التغير الادارى - ادارة عامة | المنظمات الحكومية | التنظيم,811 | 881 | 880 | 190,,2,519/1/1 | 519/2/1,A,352.367,18174 | 18175,0,,,,digi1.DB:BOOK_OTHER_TITLES | digi1.DB:BOOK_SUBJECT | digi1.DB:COPIES_VOLUMES | digi1.DB:EDITOR_BOOK | digi1.DB:PUBL_BOOK,MASTER_TITLE_MISSING_RELATIONS_RECOVERED
520,,Missing from available BOOK master records,,,,,,,,,,جيرهارد جشفنادنر,542,,دار الفاروق للاستثمارات الثقافية,47,,البيع | ادارة المبيعات,133 | 861,,2,520/1/1 | 520/2/1,A,658.85,18198 | 18199,0,,,,digi1.DB:BOOK_OTHER_TITLES | digi1.DB:BOOK_SUBJECT | digi1.DB:COPIES_VOLUMES | digi1.DB:EDITOR_BOOK | digi1.DB:PUBL_BOOK,MASTER_TITLE_MISSING_RELATIONS_RECOVERED
521,,Missing from available BOOK master records,,,,,,,,,,عبد الحميد عبد الفتاح المغربى,301,,المكتبة العصرية,32,,ادارة الافراد | القوى العاملة | توصيف الوظائف | تقييم الوظائف | الحوافز,18 | 186 | 132 | 17 | 882,,3,521/1/1 | 521/2/1 | 521/3/1,A,658.3,18200 | 18201 | 17340,0,,,,digi1.DB:BOOK_OTHER_TITLES | digi1.DB:BOOK_SUBJECT | digi1.DB:COPIES_VOLUMES | digi1.DB:EDITOR_BOOK | digi1.DB:PUBL_BOOK,MASTER_TITLE_MISSING_RELATIONS_RECOVERED
522,,Missing from available BOOK master records,,,,,,,,,,عبد المطلب عبد الحميد,77,,الشركة العربية المتحدة للتسويق والتوريدات,39,,الاستثمار | صناديق الاستثمار,37 | 548,,2,522/1/1 | 522/2/1,A,332.6,18100 | 18101,0,,3,,digi1.DB:BOOK_OTHER_TITLES | digi1.DB:BOOK_SUBJECT | digi1.DB:COPIES_VOLUMES | digi1.DB:EDITOR_BOOK | digi1.DB:PUBL_BOOK | digi1.DB:SERIAL_BOOK,MASTER_TITLE_MISSING_RELATIONS_RECOVERED
523,,Missing from available BOOK master records,,,,,,,,,,ماجد بطرس,543,,المؤلف,8,,الادارة الدولية | الادارة المحلية | المنظمات الدولية | الادارة العامة - اليابان,600 | 340 | 121 | 883,,2,523/1/1 | 523/2/1,A,352.11,18196 | 18197,0,,,,digi1.DB:BOOK_OTHER_TITLES | digi1.DB:BOOK_SUBJECT | digi1.DB:COPIES_VOLUMES | digi1.DB:EDITOR_BOOK | digi1.DB:PUBL_BOOK,MASTER_TITLE_MISSING_RELATIONS_RECOVERED
524,,Missing from available BOOK master records,,,,,,,,,,بسمة عدنان السيوفى,544,,مركز الخبرات المهنية للادارة (بميك),6,,المنظمات الحكومية | الادارة العامة | الادارة التعليمية,880 | 13 | 884,,2,524/1/1 | 524/2/1,A,351,17953 | 17954,0,,,,digi1.DB:BOOK_OTHER_TITLES | digi1.DB:BOOK_SUBJECT | digi1.DB:COPIES_VOLUMES | digi1.DB:EDITOR_BOOK | digi1.DB:PUBL_BOOK,MASTER_TITLE_MISSING_RELATIONS_RECOVERED
525,,Missing from available BOOK master records,,,,,,,,,,اسامة عبد المنعم بسيونى,545,,الشركة العربية المتحدة للتسويق والتوريدات,39,,البنوك - اعتمادات | الاعتمادات المستندية | التجارة الخارجية,885 | 886 | 59,,2,525/1/1 | 525/2/1,A,332.77,18204 | 18205,0,,,,digi1.DB:BOOK_OTHER_TITLES | digi1.DB:BOOK_SUBJECT | digi1.DB:COPIES_VOLUMES | digi1.DB:EDITOR_BOOK | digi1.DB:PUBL_BOOK,MASTER_TITLE_MISSING_RELATIONS_RECOVERED
526,,Missing from available BOOK master records,,,,,,,,,,خالد ممدوح ابراهيم,215,,الدار الجامعية,1,,التجارة الالكترونية | البريد الالكترونى | العقود الالكترونية | العقود التجارية,111 | 349 | 888 | 887,,1,526/1/1,A,346.02,18156,0,,,,digi1.DB:BOOK_OTHER_TITLES | digi1.DB:BOOK_SUBJECT | digi1.DB:COPIES_VOLUMES | digi1.DB:EDITOR_BOOK | digi1.DB:PUBL_BOOK,MASTER_TITLE_MISSING_RELATIONS_RECOVERED
527,,Missing from available BOOK master records,,,,,,,,,,محمود احمد التونى,546,,TREND : The stock fourm,79,,البنوك | البورصات | النقود المعدنية - اقتصاديات الاستثمار | الاسعار - بورصة,135 | 238 | 890 | 889,,2,527/1/1 | 527/2/1,A,332.642,17971 | 17972,0,,2,,digi1.DB:BOOK_OTHER_TITLES | digi1.DB:BOOK_SUBJECT | digi1.DB:COPIES_VOLUMES | digi1.DB:EDITOR_BOOK | digi1.DB:PUBL_BOOK | digi1.DB:SERIAL_BOOK,MASTER_TITLE_MISSING_RELATIONS_RECOVERED
528,,Missing from available BOOK master records,,,,,,,,,,ميريل لينش وكابجيمينى,547,,مجموعة النيل العربية,40,,الاستثمار الدولى | الثروة,891 | 892,,1,528/1/1,A,658.403,18117,0,,,,digi1.DB:BOOK_OTHER_TITLES | digi1.DB:BOOK_SUBJECT | digi1.DB:COPIES_VOLUMES | digi1.DB:EDITOR_BOOK | digi1.DB:PUBL_BOOK,MASTER_TITLE_MISSING_RELATIONS_RECOVERED
529,,Missing from available BOOK master records,,,,,,,,,,الينا ماسيفيسيت | تى دى. ويلسون,548 | 549,,مجموعة النيل العربية,40,,ادارة المعلومات,893,,1,529/1/1,A,658.403,18116,0,,,,digi1.DB:BOOK_OTHER_TITLES | digi1.DB:BOOK_SUBJECT | digi1.DB:COPIES_VOLUMES | digi1.DB:EDITOR_BOOK | digi1.DB:PUBL_BOOK,MASTER_TITLE_MISSING_RELATIONS_RECOVERED
530,,Missing from available BOOK master records,,,,,,,,,,على توفيق الصادق,550,,الشركة العربية المتحدة للتسويق والتوريدات,39,,التكامل الأقتصادى,361,,2,530/1/1 | 530/2/1,A,339.5,18202 | 18203,0,,,,digi1.DB:BOOK_OTHER_TITLES | digi1.DB:BOOK_SUBJECT | digi1.DB:COPIES_VOLUMES | digi1.DB:EDITOR_BOOK | digi1.DB:PUBL_BOOK,MASTER_TITLE_MISSING_RELATIONS_RECOVERED
531,,Missing from available BOOK master records,,,,,,,,,,طلعت اسعد عبد الحميد,423,,المؤلف,8,,التسويق | الاعلان | البيع | التسويق المباشر | التسويق بالبريد,39 | 205 | 133 | 894 | 895,,2,531/1/1 | 531/2/1,A,658.8,18237 | 18238,0,,,,digi1.DB:BOOK_OTHER_TITLES | digi1.DB:BOOK_SUBJECT | digi1.DB:COPIES_VOLUMES | digi1.DB:EDITOR_BOOK | digi1.DB:PUBL_BOOK,MASTER_TITLE_MISSING_RELATIONS_RECOVERED
532,,Missing from available BOOK master records,,,,,,,,,,امين السيد احمد لطفى,181,,الدار الجامعية,1,,المحاسبة (مهنة),896,,2,532/1/1 | 532/2/1,A,657.023,18232 | 18233,0,,,,digi1.DB:BOOK_OTHER_TITLES | digi1.DB:BOOK_SUBJECT | digi1.DB:COPIES_VOLUMES | digi1.DB:EDITOR_BOOK | digi1.DB:PUBL_BOOK,MASTER_TITLE_MISSING_RELATIONS_RECOVERED
533,,Missing from available BOOK master records,,,,,,,,,,محمد صادق إسماعيل,551,,العربى للنشر والتوزيع,80,,العمالة المؤقتة,897,,1,533/1/1,A,331.542,18085,0,,,,digi1.DB:BOOK_OTHER_TITLES | digi1.DB:BOOK_SUBJECT | digi1.DB:COPIES_VOLUMES | digi1.DB:EDITOR_BOOK | digi1.DB:PUBL_BOOK,MASTER_TITLE_MISSING_RELATIONS_RECOVERED
534,,Missing from available BOOK master records,,,,,,,,,,مدحت محمد ابو النصر,83,,المجموعة العربية للتدريب والنشر,27,,التفكير,390,,2,534/1/1 | 534/2/1,A,153.42,18102 | 18103,0,,,,digi1.DB:BOOK_OTHER_TITLES | digi1.DB:BOOK_SUBJECT | digi1.DB:COPIES_VOLUMES | digi1.DB:EDITOR_BOOK | digi1.DB:PUBL_BOOK,MASTER_TITLE_MISSING_RELATIONS_RECOVERED
535,,Missing from available BOOK master records,,,,,,,,,,ابراهيم الفقى,217,,دار الراية للنشر والتوزيع,74,,التفكير | علم النفس,390 | 875,,2,535/1/1 | 535/2/1,A,153.42,18226 | 18227,0,,,,digi1.DB:BOOK_OTHER_TITLES | digi1.DB:BOOK_SUBJECT | digi1.DB:COPIES_VOLUMES | digi1.DB:EDITOR_BOOK | digi1.DB:PUBL_BOOK,MASTER_TITLE_MISSING_RELATIONS_RECOVERED
536,,Missing from available BOOK master records,,,,,,,,,,تيم لورانس,552,,المجموعة العربية للتدريب والنشر,27,,علم النفس الارتقائى | علم النفس الفردى,898 | 899,,1,536/1/1,A,155.7,17987,0,,,,digi1.DB:BOOK_OTHER_TITLES | digi1.DB:BOOK_SUBJECT | digi1.DB:COPIES_VOLUMES | digi1.DB:EDITOR_BOOK | digi1.DB:PUBL_BOOK,MASTER_TITLE_MISSING_RELATIONS_RECOVERED
537,,Missing from available BOOK master records,,,,,,,,,,محسن أحمد الخضيرى,20,,إيتراك للطباعة والنشر والتوزيع,10,,الازمات الاقتصادية | العالم - احوال اقتصادية,611 | 900,,2,537/1/1 | 537/2/1,A,338.54,18024 | 18025,0,,,,digi1.DB:BOOK_OTHER_TITLES | digi1.DB:BOOK_SUBJECT | digi1.DB:COPIES_VOLUMES | digi1.DB:EDITOR_BOOK | digi1.DB:PUBL_BOOK,MASTER_TITLE_MISSING_RELATIONS_RECOVERED
538,,Missing from available BOOK master records,,,,,,,,,,ايهاب فتحى عبد العزيز,420,,دار الوفاء لدنيا الطباعة والنشر,64,,الفنادق - مصر | المنشأت السياحية | المكاتب الامامية,454 | 761 | 681,,2,538/1/1 | 538/2/1,A,647.94,18300 | 18301,0,,,,digi1.DB:BOOK_OTHER_TITLES | digi1.DB:BOOK_SUBJECT | digi1.DB:COPIES_VOLUMES | digi1.DB:EDITOR_BOOK | digi1.DB:PUBL_BOOK,MASTER_TITLE_MISSING_RELATIONS_RECOVERED
539,,Missing from available BOOK master records,,,,,,,,,,حسن محمد أحمد محمد مختار,133,,الشركة العربية المتحدة للتسويق والتوريدات,39,,الادارة الاستراتيجية | ادارة الاعمال | الذكاء الاصطناعى | الرقابة الادارية,512 | 705 | 283 | 421,,2,539/1/1 | 539/2/1,A,658.4,17990 | 17991,0,,,,digi1.DB:BOOK_OTHER_TITLES | digi1.DB:BOOK_SUBJECT | digi1.DB:COPIES_VOLUMES | digi1.DB:EDITOR_BOOK | digi1.DB:PUBL_BOOK,MASTER_TITLE_MISSING_RELATIONS_RECOVERED
540,,Missing from available BOOK master records,,,,,,,,,,منال شوقى عبد المعطى احمد,302,,دار الوفاء لدنيا الطباعة والنشر,64,,النقل الجوى | النقل المائى | النقل البرى | السياحة - اقتصاديات | النقل - مصر,862 | 903 | 902 | 904 | 901,,2,540/1/1 | 540/2/1,A,338.47,18329 | 18330,0,,,,digi1.DB:BOOK_OTHER_TITLES | digi1.DB:BOOK_SUBJECT | digi1.DB:COPIES_VOLUMES | digi1.DB:EDITOR_BOOK | digi1.DB:PUBL_BOOK,MASTER_TITLE_MISSING_RELATIONS_RECOVERED
541,,Missing from available BOOK master records,,,,,,,,,,محمد سعد محمد,553,,إيتراك للطباعة والنشر والتوزيع,10,,اتخاذ القرارات | القيادة الادارية,128 | 846,,2,541/1/1 | 541/2/1,A,658.409,18128 | 18129,0,,,,digi1.DB:BOOK_OTHER_TITLES | digi1.DB:BOOK_SUBJECT | digi1.DB:COPIES_VOLUMES | digi1.DB:EDITOR_BOOK | digi1.DB:PUBL_BOOK,MASTER_TITLE_MISSING_RELATIONS_RECOVERED
542,,Missing from available BOOK master records,,,,,,,,,,محمود حسين الوادى,554,,الشركة العربية المتحدة للتسويق والتوريدات,39,,الاقتصاد الجزئى | سلوك المستهلك | الاستثمار | الاقتصاد التحليلى,51 | 54 | 37 | 905,,1,542/1/1,A,330.15,18340,0,,,,digi1.DB:BOOK_OTHER_TITLES | digi1.DB:BOOK_SUBJECT | digi1.DB:COPIES_VOLUMES | digi1.DB:EDITOR_BOOK | digi1.DB:PUBL_BOOK,MASTER_TITLE_MISSING_RELATIONS_RECOVERED
543,,Missing from available BOOK master records,,,,,,,,,,عماد الدين جمال جمعة,288,,دار الوفاء لدنيا الطباعة والنشر,64,,الفنادق - مصر | التغذية,454 | 531,,3,543/1/1 | 543/2/1 | 543/3/1,A,647.94,18310 | 18311 | 18312,0,,,,digi1.DB:BOOK_OTHER_TITLES | digi1.DB:BOOK_SUBJECT | digi1.DB:COPIES_VOLUMES | digi1.DB:EDITOR_BOOK | digi1.DB:PUBL_BOOK,MASTER_TITLE_MISSING_RELATIONS_RECOVERED
544,,Missing from available BOOK master records,,,,,,,,,,باتريك فورسيث,555,,دار الفاروق للاستثمارات الثقافية,47,,كتابة التقارير | التقارير الفنية,718 | 906,,2,544/1/1 | 544/2/1,A,651.78,17967 | 17968,0,,,,digi1.DB:BOOK_OTHER_TITLES | digi1.DB:BOOK_SUBJECT | digi1.DB:COPIES_VOLUMES | digi1.DB:EDITOR_BOOK | digi1.DB:PUBL_BOOK,MASTER_TITLE_MISSING_RELATIONS_RECOVERED
545,,Missing from available BOOK master records,,,,,,,,,,باتريك لينسيونى,191,,كلمات عربية للترجمة والنشر,11,,الرضا الوظيفى | علم النفس الإدارى,821 | 787,,1,545/1/1,A,158.7,17973,0,,,,digi1.DB:BOOK_OTHER_TITLES | digi1.DB:BOOK_SUBJECT | digi1.DB:COPIES_VOLUMES | digi1.DB:EDITOR_BOOK | digi1.DB:PUBL_BOOK,MASTER_TITLE_MISSING_RELATIONS_RECOVERED
546,,Missing from available BOOK master records,,,,,,,,,,نشوى فؤاد عطا الله,322,,دار الوفاء لدنيا الطباعة والنشر,64,,السياحة | المبيعات | العلاقات العامة,669 | 860 | 204,,2,546/1/1 | 546/2/1,A,338.479,18304 | 18305,0,,,,digi1.DB:BOOK_OTHER_TITLES | digi1.DB:BOOK_SUBJECT | digi1.DB:COPIES_VOLUMES | digi1.DB:EDITOR_BOOK | digi1.DB:PUBL_BOOK,MASTER_TITLE_MISSING_RELATIONS_RECOVERED
547,,Missing from available BOOK master records,,,,,,,,,,على سعد محمد داود,556,,دار التعليم الجامعى,81,,الاقتصاد الدولى | الادارة المالية الدولية,57 | 907,,2,547/1/1 | 547/2/1,A,658.5,1035 | 1036,0,,,,digi1.DB:BOOK_OTHER_TITLES | digi1.DB:BOOK_SUBJECT | digi1.DB:COPIES_VOLUMES | digi1.DB:EDITOR_BOOK | digi1.DB:PUBL_BOOK,MASTER_TITLE_MISSING_RELATIONS_RECOVERED
548,,Missing from available BOOK master records,,,,,,,,,,كيران وولش | جوديث سميث,557 | 558,,مجموعة النيل العربية,40,,الرعاية الصحية,908,,1,548/1/1,A,362.1,17998,0,,,,digi1.DB:BOOK_OTHER_TITLES | digi1.DB:BOOK_SUBJECT | digi1.DB:COPIES_VOLUMES | digi1.DB:EDITOR_BOOK | digi1.DB:PUBL_BOOK,MASTER_TITLE_MISSING_RELATIONS_RECOVERED
549,,Missing from available BOOK master records,,,,,,,,,,صلاح الدين حسن السيسى,469,,دار الفجر للنشر والتوزيع,54,,دراسة الجدوى | التخطيط الاقتصادى,7 | 327,,1,549/1/1,A,332.72,18043,0,,,,digi1.DB:BOOK_OTHER_TITLES | digi1.DB:BOOK_SUBJECT | digi1.DB:COPIES_VOLUMES | digi1.DB:EDITOR_BOOK | digi1.DB:PUBL_BOOK,MASTER_TITLE_MISSING_RELATIONS_RECOVERED
550,,Missing from available BOOK master records,,,,,,,,,,ابراهيم نائب | انعام باقية,296 | 297,,الشركة العربية المتحدة للتسويق والتوريدات,39,,الحاسبات الالكترونية | الحاسبات الالكترونية - برامج | البنوك,191 | 252 | 135,,2,550/1/1 | 550/2/1,A,005.31,18086 | 18087,0,,,,digi1.DB:BOOK_OTHER_TITLES | digi1.DB:BOOK_SUBJECT | digi1.DB:COPIES_VOLUMES | digi1.DB:EDITOR_BOOK | digi1.DB:PUBL_BOOK,MASTER_TITLE_MISSING_RELATIONS_RECOVERED
551,,Missing from available BOOK master records,,,,,,,,,,هالة حسن السيد,473,,دار الوفاء لدنيا الطباعة والنشر,64,,الفنادق و السياحة | اداب الضيافة,614 | 909,,3,551/1/1 | 551/2/1 | 551/3/1,A,647.94,18253 | 18280 | 18281,0,,,,digi1.DB:BOOK_OTHER_TITLES | digi1.DB:BOOK_SUBJECT | digi1.DB:COPIES_VOLUMES | digi1.DB:EDITOR_BOOK | digi1.DB:PUBL_BOOK,MASTER_TITLE_MISSING_RELATIONS_RECOVERED
552,,Missing from available BOOK master records,,,,,,,,,,نهلة جابر عامر,382,,دار الوفاء لدنيا الطباعة والنشر,64,,الفنادق - مصر | الفنادق - صيانة,454 | 865,,2,552/1/1 | 552/2/1,A,647.94,18331 | 18332,0,,,,digi1.DB:BOOK_OTHER_TITLES | digi1.DB:BOOK_SUBJECT | digi1.DB:COPIES_VOLUMES | digi1.DB:EDITOR_BOOK | digi1.DB:PUBL_BOOK,MASTER_TITLE_MISSING_RELATIONS_RECOVERED
553,,Missing from available BOOK master records,,,,,,,,,,طلعت اسعد عبد الحميد,423,,المؤلف,8,,التسويق | البيع | الاتصالات التسويقية | المبيعات | الاعلان,39 | 133 | 540 | 860 | 205,,2,553/1/1 | 553/2/1,A,658.8,17988 | 17989,0,,,,digi1.DB:BOOK_OTHER_TITLES | digi1.DB:BOOK_SUBJECT | digi1.DB:COPIES_VOLUMES | digi1.DB:EDITOR_BOOK | digi1.DB:PUBL_BOOK,MASTER_TITLE_MISSING_RELATIONS_RECOVERED
554,,Missing from available BOOK master records,,,,,,,,,,فريد النجار,1,,الدار الجامعية,1,,الازمات الاقتصادية | التخطيط الاقتصادى,611 | 327,,1,554/1/1,A,338.54,18160,0,,,,digi1.DB:BOOK_OTHER_TITLES | digi1.DB:BOOK_SUBJECT | digi1.DB:COPIES_VOLUMES | digi1.DB:EDITOR_BOOK | digi1.DB:PUBL_BOOK,MASTER_TITLE_MISSING_RELATIONS_RECOVERED
555,,Missing from available BOOK master records,,,,,,,,,,عبد المطلب عبد الحميد,77,,الدار الجامعية,1,,الاقتصاد الكلى | الدخل القومى | التنمية الاقتصادية,413 | 35 | 27,,2,555/1/1 | 555/2/1,A,339,18094 | 18095,0,,,,digi1.DB:BOOK_OTHER_TITLES | digi1.DB:BOOK_SUBJECT | digi1.DB:COPIES_VOLUMES | digi1.DB:EDITOR_BOOK | digi1.DB:PUBL_BOOK,MASTER_TITLE_MISSING_RELATIONS_RECOVERED
556,,Missing from available BOOK master records,,,,,,,,,,حمدى أبو النجا,201,,المكتبة الاكاديمية,2,,الطاقة | مصر,618 | 177,,1,556/1/1,A,333.79,18220,0,,0,,digi1.DB:BOOK_OTHER_TITLES | digi1.DB:BOOK_SUBJECT | digi1.DB:COPIES_VOLUMES | digi1.DB:EDITOR_BOOK | digi1.DB:PUBL_BOOK | digi1.DB:SERIAL_BOOK,MASTER_TITLE_MISSING_RELATIONS_RECOVERED
557,,Missing from available BOOK master records,,,,,,,,,,عبد المطلب عبد الحميد,77,,الشركة العربية المتحدة للتسويق والتوريدات,39,,البنوك - خدمات مصرفية | اقتصاديات المال,504 | 910,,2,557/1/1 | 557/2/1,A,332.75,18096 | 18097,0,,,,digi1.DB:BOOK_OTHER_TITLES | digi1.DB:BOOK_SUBJECT | digi1.DB:COPIES_VOLUMES | digi1.DB:EDITOR_BOOK | digi1.DB:PUBL_BOOK,MASTER_TITLE_MISSING_RELATIONS_RECOVERED
559,,Missing from available BOOK master records,,,,,,,,,,مدحت محمد ابو النصر,83,,المؤسسة العربية للتدريب والنشر,82,,القيادة الادارية | الادارة | القادة الاداريون,846 | 154 | 911,,2,559/1/1 | 559/2/1,A,658.409,,0,,,,digi1.DB:BOOK_OTHER_TITLES | digi1.DB:BOOK_SUBJECT | digi1.DB:COPIES_VOLUMES | digi1.DB:EDITOR_BOOK | digi1.DB:PUBL_BOOK,MASTER_TITLE_MISSING_RELATIONS_RECOVERED
560,,Missing from available BOOK master records,,,,,,,,,,عبد المطلب عبد الحميد,77,,الشركة العربية المتحدة للتسويق والتوريدات,39,,العالم - احوال اقتصادية | الازمات الاقتصادية | الشركات متعددة الجنسيات,900 | 611 | 912,,2,560/1/1 | 560/2/1,A,338.54,18035 | 18036,0,,3,,digi1.DB:BOOK_OTHER_TITLES | digi1.DB:BOOK_SUBJECT | digi1.DB:COPIES_VOLUMES | digi1.DB:EDITOR_BOOK | digi1.DB:PUBL_BOOK | digi1.DB:SERIAL_BOOK,MASTER_TITLE_MISSING_RELATIONS_RECOVERED
561,,Missing from available BOOK master records,,,,,,,,,,حسين عبد الله,378,,المكتبة الاكاديمية,2,,البترول - صناعات | مصر | الغاز الطبيعى,913 | 177 | 914,,1,561/1/1,A,338.476,18219,0,,0,,digi1.DB:BOOK_OTHER_TITLES | digi1.DB:BOOK_SUBJECT | digi1.DB:COPIES_VOLUMES | digi1.DB:EDITOR_BOOK | digi1.DB:PUBL_BOOK | digi1.DB:SERIAL_BOOK,MASTER_TITLE_MISSING_RELATIONS_RECOVERED
564,,Missing from available BOOK master records,,,,,,,,,,محمد حافظ حجازى,559,,دار الوفاء لدنيا الطباعة والنشر,64,,الفنادق و السياحة | التسويق,614 | 39,,2,564/1/1 | 564/2/1,A,647.94,18263 | 18264,0,,,,digi1.DB:BOOK_OTHER_TITLES | digi1.DB:BOOK_SUBJECT | digi1.DB:COPIES_VOLUMES | digi1.DB:EDITOR_BOOK | digi1.DB:PUBL_BOOK,MASTER_TITLE_MISSING_RELATIONS_RECOVERED
565,,Missing from available BOOK master records,,,,,,,,,,مارتن د. ويص,560,,دار الفجر للنشر والتوزيع,54,,الازمات الاقتصادية | الاصلاح الاقتصادى,611 | 915,,1,565/1/1,A,338.54,18081,0,,,,digi1.DB:BOOK_OTHER_TITLES | digi1.DB:BOOK_SUBJECT | digi1.DB:COPIES_VOLUMES | digi1.DB:EDITOR_BOOK | digi1.DB:PUBL_BOOK,MASTER_TITLE_MISSING_RELATIONS_RECOVERED
566,,Missing from available BOOK master records,,,,,,,,,,جوليان دينت,561,,مجموعة النيل العربية,40,,قنوات التوزيع | التسويق الكلى | المبيعات,917 | 916 | 860,,2,566/1/1 | 566/2/1,A,658.86,18075 | 18076,0,,,,digi1.DB:BOOK_OTHER_TITLES | digi1.DB:BOOK_SUBJECT | digi1.DB:COPIES_VOLUMES | digi1.DB:EDITOR_BOOK | digi1.DB:PUBL_BOOK,MASTER_TITLE_MISSING_RELATIONS_RECOVERED
567,,Missing from available BOOK master records,,,,,,,,,,عبد المطلب عبد الحميد,77,,الشركة العربية المتحدة للتسويق والتوريدات,39,,الخصخصة | التضخم | البطالة | الاقتصاد - نظريات | النظام الاشتراكى | النظام الرأسمالى,433 | 138 | 199 | 918 | 920 | 919,,2,567/1/1 | 567/2/1,A,330.1,18052 | 18053,0,,,,digi1.DB:BOOK_OTHER_TITLES | digi1.DB:BOOK_SUBJECT | digi1.DB:COPIES_VOLUMES | digi1.DB:EDITOR_BOOK | digi1.DB:PUBL_BOOK,MASTER_TITLE_MISSING_RELATIONS_RECOVERED
568,,Missing from available BOOK master records,,,,,,,,,,عبد المطلب عبد الحميد,77,,الشركة العربية المتحدة للتسويق والتوريدات,39,,الموارد الاقتصادية | القوى البشرية | البترول | الغاز الطبيعى | مصادر الطاقة,22 | 25 | 202 | 914 | 126,,2,568/1/1 | 568/2/1,A,339.49,18054 | 18055,0,,4,,digi1.DB:BOOK_OTHER_TITLES | digi1.DB:BOOK_SUBJECT | digi1.DB:COPIES_VOLUMES | digi1.DB:EDITOR_BOOK | digi1.DB:PUBL_BOOK | digi1.DB:SERIAL_BOOK,MASTER_TITLE_MISSING_RELATIONS_RECOVERED
569,,Missing from available BOOK master records,,,,,,,,,,حسنى عبد الرحيم حسن | ايناس مصطفى عبد المحسن,562 | 563,,دار الوفاء لدنيا الطباعة والنشر,64,,السياحة - مصر | العمارة - فن | النقوش - تاريخ,558 | 923 | 921,,3,569/1/1 | 569/2/1 | 569/3/1,A,338.479,18318 | 18319 | 18320,0,,,,digi1.DB:BOOK_OTHER_TITLES | digi1.DB:BOOK_SUBJECT | digi1.DB:COPIES_VOLUMES | digi1.DB:EDITOR_BOOK | digi1.DB:PUBL_BOOK,MASTER_TITLE_MISSING_RELATIONS_RECOVERED
570,,Missing from available BOOK master records,,,,,,,,,,عمر العقيلى | قحطان العبدلى,564 | 565,,الشركة العربية المتحدة للتسويق والتوريدات,39,,ادارة المخازن | ادارة المشتريات | النقل,721 | 720 | 924,,2,570/1/1 | 570/2/1,A,658.7,17996 | 17997,0,,,,digi1.DB:BOOK_OTHER_TITLES | digi1.DB:BOOK_SUBJECT | digi1.DB:COPIES_VOLUMES | digi1.DB:EDITOR_BOOK | digi1.DB:PUBL_BOOK,MASTER_TITLE_MISSING_RELATIONS_RECOVERED
571,,Missing from available BOOK master records,,,,,,,,,,كيفين موريسون,566,,مجموعة النيل العربية,40,,الموارد الاقتصادية | الطاقة | السلع | التجار | المعادن | المناخ,22 | 618 | 928 | 927 | 926 | 925,,2,571/1/1 | 571/2/1,A,339.49,18070 | 18071,0,,,,digi1.DB:BOOK_OTHER_TITLES | digi1.DB:BOOK_SUBJECT | digi1.DB:COPIES_VOLUMES | digi1.DB:EDITOR_BOOK | digi1.DB:PUBL_BOOK,MASTER_TITLE_MISSING_RELATIONS_RECOVERED
572,,Missing from available BOOK master records,,,,,,,,,,ناصر نور الدين عبد اللطيف,338,,الدار الجامعية,1,,المحاسبة الادارية | اتخاذ القرارات | تقييم الاداء,437 | 128 | 12,,1,572/1/1,A,657,18229,0,,,,digi1.DB:BOOK_OTHER_TITLES | digi1.DB:BOOK_SUBJECT | digi1.DB:COPIES_VOLUMES | digi1.DB:EDITOR_BOOK | digi1.DB:PUBL_BOOK,MASTER_TITLE_MISSING_RELATIONS_RECOVERED
573,,Missing from available BOOK master records,,,,,,,,,,مدحت محمد ابو النصر,83,,المؤسسة العربية للتدريب والنشر,82,,ادارة المشتريات | خدمة العملاء,720 | 247,,2,573/1/1 | 573/2/1,A,658.8,18104 | 18105,0,,,,digi1.DB:BOOK_OTHER_TITLES | digi1.DB:BOOK_SUBJECT | digi1.DB:COPIES_VOLUMES | digi1.DB:EDITOR_BOOK | digi1.DB:PUBL_BOOK,MASTER_TITLE_MISSING_RELATIONS_RECOVERED
574,,Missing from available BOOK master records,,,,,,,,,,سليمان الجيوسى | محمد الطائى,567 | 568,,الشركة العربية المتحدة للتسويق والتوريدات,39,,التسويق | الخدمات المصرفية,39 | 785,,2,574/1/1 | 574/2/1,A,,,0,,,,digi1.DB:BOOK_OTHER_TITLES | digi1.DB:BOOK_SUBJECT | digi1.DB:COPIES_VOLUMES | digi1.DB:EDITOR_BOOK | digi1.DB:PUBL_BOOK,MASTER_TITLE_MISSING_RELATIONS_RECOVERED
575,,Missing from available BOOK master records,,,,,,,,,,سيد محمد جاد الرب,168,,المؤلف,8,,الادارة التعليمية | التعليم الجامعى - مصر,884 | 930,,2,575/1/1 | 575/2/1,A,378.62,18027 | 18028,0,,,,digi1.DB:BOOK_OTHER_TITLES | digi1.DB:BOOK_SUBJECT | digi1.DB:COPIES_VOLUMES | digi1.DB:EDITOR_BOOK | digi1.DB:PUBL_BOOK,MASTER_TITLE_MISSING_RELATIONS_RECOVERED
576,,Missing from available BOOK master records,,,,,,,,,,امين السيد احمد لطفى,181,,الدار الجامعية,1,,المحاسبة | المحاسبة الدولية | المراجعة,505 | 931 | 932,,1,576/1/1,A,657.04,18236,0,,,,digi1.DB:BOOK_OTHER_TITLES | digi1.DB:BOOK_SUBJECT | digi1.DB:COPIES_VOLUMES | digi1.DB:EDITOR_BOOK | digi1.DB:PUBL_BOOK,MASTER_TITLE_MISSING_RELATIONS_RECOVERED
577,,Missing from available BOOK master records,,,,,,,,,,كين باركر,570,,دار الفاروق للاستثمارات الثقافية,47,,الفنادق - تنظيم وادارة | المشروعات التجارية,749 | 387,,1,577/1/1,A,647.94,18256,0,,,,digi1.DB:BOOK_OTHER_TITLES | digi1.DB:BOOK_SUBJECT | digi1.DB:COPIES_VOLUMES | digi1.DB:EDITOR_BOOK | digi1.DB:PUBL_BOOK,MASTER_TITLE_MISSING_RELATIONS_RECOVERED
578,,Missing from available BOOK master records,,,,,,,,,,ليزلى جارنر,569,,دار الفاروق للنشر والتوزيع,63,,علم النفس | علم النفس - البحوث التجريبية,875 | 933,,1,578/1/1,A,150.724,17962,0,,,,digi1.DB:BOOK_OTHER_TITLES | digi1.DB:BOOK_SUBJECT | digi1.DB:COPIES_VOLUMES | digi1.DB:EDITOR_BOOK | digi1.DB:PUBL_BOOK,MASTER_TITLE_MISSING_RELATIONS_RECOVERED
579,,Missing from available BOOK master records,,,,,,,,,,كارول جودزمارك,571,,دار الفاروق للاستثمارات الثقافية,47,,المطاعم | المطاعم - ادارة عامة,809 | 810,,1,579/1/1,A,642.5,18255,0,,,,digi1.DB:BOOK_OTHER_TITLES | digi1.DB:BOOK_SUBJECT | digi1.DB:COPIES_VOLUMES | digi1.DB:EDITOR_BOOK | digi1.DB:PUBL_BOOK,MASTER_TITLE_MISSING_RELATIONS_RECOVERED
580,,Missing from available BOOK master records,,,,,,,,,,خبراء مركز الخبرات المهنية للإدارة,572,,مركز الخبرات المهنية للادارة (بميك),6,,المحاسبة | المحاسبة الدولية,505 | 931,,1,580/1/1,A,657.04,18210,0,,,,digi1.DB:BOOK_OTHER_TITLES | digi1.DB:BOOK_SUBJECT | digi1.DB:COPIES_VOLUMES | digi1.DB:EDITOR_BOOK | digi1.DB:PUBL_BOOK,MASTER_TITLE_MISSING_RELATIONS_RECOVERED
582,,Missing from available BOOK master records,,,,,,,,,,ريتشارد باسكال,574,,المكتبة الاكاديمية,2,,الادارة | الادارة البيئية,154 | 935,,1,582/1/1,A,339.46,17657,0,,,,digi1.DB:BOOK_OTHER_TITLES | digi1.DB:BOOK_SUBJECT | digi1.DB:COPIES_VOLUMES | digi1.DB:EDITOR_BOOK | digi1.DB:PUBL_BOOK,MASTER_TITLE_MISSING_RELATIONS_RECOVERED
583,,Missing from available BOOK master records,,,,,,,,,,محى الدين ابراهيم احمد,575,,دار الوفاء لدنيا الطباعة والنشر,64,,المنشأت السياحية | السياحة - قوانين وتشريعات,761 | 936,,1,583/1/1,A,343.078,18270,0,,,,digi1.DB:BOOK_OTHER_TITLES | digi1.DB:BOOK_SUBJECT | digi1.DB:COPIES_VOLUMES | digi1.DB:EDITOR_BOOK | digi1.DB:PUBL_BOOK,MASTER_TITLE_MISSING_RELATIONS_RECOVERED
584,,Missing from available BOOK master records,,,,,,,,,,William B. Gartner | Marlene G. Bellamy,576 | 577,,South-western,14,,Business,82,,1,584/1/1,A,650,17923,0,,,,digi1.DB:BOOK_OTHER_TITLES | digi1.DB:BOOK_SUBJECT | digi1.DB:COPIES_VOLUMES | digi1.DB:EDITOR_BOOK | digi1.DB:PUBL_BOOK,MASTER_TITLE_MISSING_RELATIONS_RECOVERED
585,,Missing from available BOOK master records,,,,,,,,,,R.Buckley | C.pickering | D.B.Weaver,578 | 579 | 580,,CABI publishing,83,,Ecotourism-congresses | Ecotourism-Australia-congresses | Land use-congresses | Land use-Australia-congresses,937 | 938 | 939 | 940,,1,585/1/1,A,338.4791,17917,0,,,,digi1.DB:BOOK_OTHER_TITLES | digi1.DB:BOOK_SUBJECT | digi1.DB:COPIES_VOLUMES | digi1.DB:EDITOR_BOOK | digi1.DB:PUBL_BOOK,MASTER_TITLE_MISSING_RELATIONS_RECOVERED
586,,Missing from available BOOK master records,,,,,,,,,,Susan Segal-Horn | David Faulkner,581 | 582,,South-western,14,,Globalization | Global Strategy | Anti - Globalization,941 | 942 | 943,,1,586/1/1,A,327,17892,0,,,,digi1.DB:BOOK_OTHER_TITLES | digi1.DB:BOOK_SUBJECT | digi1.DB:COPIES_VOLUMES | digi1.DB:EDITOR_BOOK | digi1.DB:PUBL_BOOK,MASTER_TITLE_MISSING_RELATIONS_RECOVERED
587,,Missing from available BOOK master records,,,,,,,,,,Douglas A. Lind | William G. Marchal | Samuel A. Wather,583 | 584 | 585,,McGraw -Hill Irwin,42,,,,,1,587/1/1,A,519.5,17898,0,,,,digi1.DB:BOOK_OTHER_TITLES | digi1.DB:COPIES_VOLUMES | digi1.DB:EDITOR_BOOK | digi1.DB:PUBL_BOOK,MASTER_TITLE_MISSING_RELATIONS_RECOVERED
588,,Missing from available BOOK master records,,,,,,,,,,David Deakins | Mark Freel,586 | 587,,McGraw-Hill,59,,,,,1,588/1/1,A,338.04,17921,0,,,,digi1.DB:BOOK_OTHER_TITLES | digi1.DB:COPIES_VOLUMES | digi1.DB:EDITOR_BOOK | digi1.DB:PUBL_BOOK,MASTER_TITLE_MISSING_RELATIONS_RECOVERED
589,,Missing from available BOOK master records,,,,,,,,,,John R.Schermerhorn,588,,"John Wiley&Sons, Inc",12,,Management | International Management | Planning | Organizational Change | Communication conflected negotiation | small business management | operation management and control,98 | 944 | 847 | 1901 | 946 | 947 | 948,,1,589/1/1,A,658,17930,0,,,,digi1.DB:BOOK_OTHER_TITLES | digi1.DB:BOOK_SUBJECT | digi1.DB:COPIES_VOLUMES | digi1.DB:EDITOR_BOOK | digi1.DB:PUBL_BOOK,MASTER_TITLE_MISSING_RELATIONS_RECOVERED
590,,Missing from available BOOK master records,,,,,,,,,,Bruce L. Bowerman | Richard T.O.Connell | J.B.Orris | Emily S. Murphree,589 | 590 | 591 | 592,,McGraw -Hill Irwin,42,,Statistical mathematics | Statistical hypothesses testing | Descriptive statistics | Neumerical methods,949 | 950 | 951 | 952,,1,590/1/1,A,519.5,17889,0,,,,digi1.DB:BOOK_OTHER_TITLES | digi1.DB:BOOK_SUBJECT | digi1.DB:COPIES_VOLUMES | digi1.DB:EDITOR_BOOK | digi1.DB:PUBL_BOOK,MASTER_TITLE_MISSING_RELATIONS_RECOVERED
591,,Missing from available BOOK master records,,,,,,,,,,Hamdy A. Taha,231,,Pearson prentice Hall,16,,Network models | Operations Research | Simulation modeling | Linear programming | Markov Chain | Simplex method,953 | 448 | 954 | 955 | 956 | 957,,1,591/1/1,A,658.4032,17907,0,,,,digi1.DB:BOOK_OTHER_TITLES | digi1.DB:BOOK_SUBJECT | digi1.DB:COPIES_VOLUMES | digi1.DB:EDITOR_BOOK | digi1.DB:PUBL_BOOK,MASTER_TITLE_MISSING_RELATIONS_RECOVERED
592,,Missing from available BOOK master records,,,,,,,,,,Stephen Wearing | Deborah Stevenson | Tamara Young,593 | 594 | 595,,Sage,84,,,,,1,592/1/1,A,338.4791,17912,0,,,,digi1.DB:BOOK_OTHER_TITLES | digi1.DB:COPIES_VOLUMES | digi1.DB:EDITOR_BOOK | digi1.DB:PUBL_BOOK,MASTER_TITLE_MISSING_RELATIONS_RECOVERED
593,,Missing from available BOOK master records,,,,,,,,,,James L. Clark | Lyn R. Clark,596 | 597,,South-western,14,,English language,469,,1,593/1/1,A,428,17910,0,,,,digi1.DB:BOOK_OTHER_TITLES | digi1.DB:BOOK_SUBJECT | digi1.DB:COPIES_VOLUMES | digi1.DB:EDITOR_BOOK | digi1.DB:PUBL_BOOK,MASTER_TITLE_MISSING_RELATIONS_RECOVERED
594,,Missing from available BOOK master records,,,,,,,,,,Gert Neeuwenhuis,598,,McGraw-Hill,59,,Statistical methods | Descriptive statistics | Sampling theory | Probability theory,959 | 951 | 960 | 961,,1,594/1/1,A,001.422,17900,0,,,,digi1.DB:BOOK_OTHER_TITLES | digi1.DB:BOOK_SUBJECT | digi1.DB:COPIES_VOLUMES | digi1.DB:EDITOR_BOOK | digi1.DB:PUBL_BOOK,MASTER_TITLE_MISSING_RELATIONS_RECOVERED
595,,Missing from available BOOK master records,,,,,,,,,,William D. Perreaull | Joseph P. cannor | E. Jerome Mc Carthy,599 | 600 | 601,,McGraw -Hill Irwin,42,,Marketing management | Marketing Strategy | Wholesalers marketing | Production managment,626 | 962 | 963 | 859,,1,595/1/1,A,658.8,17890,0,,,,digi1.DB:BOOK_OTHER_TITLES | digi1.DB:BOOK_SUBJECT | digi1.DB:COPIES_VOLUMES | digi1.DB:EDITOR_BOOK | digi1.DB:PUBL_BOOK,MASTER_TITLE_MISSING_RELATIONS_RECOVERED
596,,Missing from available BOOK master records,,,,,,,,,,Michael Cant | Ricardo Machado,602 | 603,,Oxford university press,41,,Marketing,84,,1,596/1/1,A,658.8,17854,0,,,,digi1.DB:BOOK_OTHER_TITLES | digi1.DB:BOOK_SUBJECT | digi1.DB:COPIES_VOLUMES | digi1.DB:EDITOR_BOOK | digi1.DB:PUBL_BOOK,MASTER_TITLE_MISSING_RELATIONS_RECOVERED
597,,Missing from available BOOK master records,,,,,,,,,,Frederick S. Hillier | Gerald J. Lieberman,1719 | 605,,McGraw-Hill,59,,Operations Research | Duality theory | Linear programming | Markov Chain | Decision analysis | Simulation,448 | 964 | 955 | 956 | 966 | 967,,1,597/1/1,A,658.4032,17901,0,,,,digi1.DB:BOOK_OTHER_TITLES | digi1.DB:BOOK_SUBJECT | digi1.DB:COPIES_VOLUMES | digi1.DB:EDITOR_BOOK | digi1.DB:PUBL_BOOK,MASTER_TITLE_MISSING_RELATIONS_RECOVERED
598,,Missing from available BOOK master records,,,,,,,,,,J. Holton Wilson | Barry Keating | John Galt Solutions,606 | 607 | 608,,McGraw-Hill,59,,Business Forecasting,968,,1,598/1/1,A,338.544,17908,0,,,,digi1.DB:BOOK_OTHER_TITLES | digi1.DB:BOOK_SUBJECT | digi1.DB:COPIES_VOLUMES | digi1.DB:EDITOR_BOOK | digi1.DB:PUBL_BOOK,MASTER_TITLE_MISSING_RELATIONS_RECOVERED
599,,Missing from available BOOK master records,,,,,,,,,,David Jobber | John Fahy,609 | 610,,McGraw-Hill,59,,Marketing management | Marketing research | Pricing | Production managment | marketing planning | Marketing Strategy,626 | 381 | 630 | 859 | 969 | 962,,1,599/1/1,A,658.8,17922,0,,,,digi1.DB:BOOK_OTHER_TITLES | digi1.DB:BOOK_SUBJECT | digi1.DB:COPIES_VOLUMES | digi1.DB:EDITOR_BOOK | digi1.DB:PUBL_BOOK,MASTER_TITLE_MISSING_RELATIONS_RECOVERED
600,,Missing from available BOOK master records,,,,,,,,,,Graduate management admission council,611,,"John Wiley&Sons, Inc",12,,English language,469,,1,600/1/1,A,428,17902,0,,,,digi1.DB:BOOK_OTHER_TITLES | digi1.DB:BOOK_SUBJECT | digi1.DB:COPIES_VOLUMES | digi1.DB:EDITOR_BOOK | digi1.DB:PUBL_BOOK,MASTER_TITLE_MISSING_RELATIONS_RECOVERED
601,,Missing from available BOOK master records,,,,,,,,,,Graduate management admission council,611,,Blackwell publishing,85,,English language,469,,1,601/1/1,A,428,17829,0,,,,digi1.DB:BOOK_OTHER_TITLES | digi1.DB:BOOK_SUBJECT | digi1.DB:COPIES_VOLUMES | digi1.DB:EDITOR_BOOK | digi1.DB:PUBL_BOOK,MASTER_TITLE_MISSING_RELATIONS_RECOVERED
602,,Missing from available BOOK master records,,,,,,,,,,Koren K.Snyder,612,,"Wiley publishing,inc",18,,Tourism | Tourism - Atlanta,958 | 970,,1,602/1/1,A,338.4791,17915,0,,,,digi1.DB:BOOK_OTHER_TITLES | digi1.DB:BOOK_SUBJECT | digi1.DB:COPIES_VOLUMES | digi1.DB:EDITOR_BOOK | digi1.DB:PUBL_BOOK,MASTER_TITLE_MISSING_RELATIONS_RECOVERED
603,,Missing from available BOOK master records,,,,,,,,,,Michael D. Hutt | Thomas W. Speh,613 | 614,,South-western,14,,Marketing management | Business marketing | Customer relationship | Supply chain management,626 | 971 | 972 | 72,,1,603/1/1,A,658.87,17857,0,,,,digi1.DB:BOOK_OTHER_TITLES | digi1.DB:BOOK_SUBJECT | digi1.DB:COPIES_VOLUMES | digi1.DB:EDITOR_BOOK | digi1.DB:PUBL_BOOK,MASTER_TITLE_MISSING_RELATIONS_RECOVERED
604,,Missing from available BOOK master records,,,,,,,,,,Charles J. Jacobus,615,,Cengage Learning,49,,Real estate - Law,973,,1,604/1/1,A,346.043,17925,0,,,,digi1.DB:BOOK_OTHER_TITLES | digi1.DB:BOOK_SUBJECT | digi1.DB:COPIES_VOLUMES | digi1.DB:EDITOR_BOOK | digi1.DB:PUBL_BOOK,MASTER_TITLE_MISSING_RELATIONS_RECOVERED
605,,Missing from available BOOK master records,,,,,,,,,,John Morgan | Martin Brenig-Jones,616 | 617,,"John Wiley&Sons, Inc",12,,Six Sigma (quality control Standard),661,,1,605/1/1,A,658.5,17906,0,,,,digi1.DB:BOOK_OTHER_TITLES | digi1.DB:BOOK_SUBJECT | digi1.DB:COPIES_VOLUMES | digi1.DB:EDITOR_BOOK | digi1.DB:PUBL_BOOK,MASTER_TITLE_MISSING_RELATIONS_RECOVERED
606,,Missing from available BOOK master records,,,,,,,,,,Johny K. Johansson,618,,McGraw-Hill,59,,Marketing | Global marketing strategies,84 | 644,,1,606/1/1,A,658.8,17927,0,,,,digi1.DB:BOOK_OTHER_TITLES | digi1.DB:BOOK_SUBJECT | digi1.DB:COPIES_VOLUMES | digi1.DB:EDITOR_BOOK | digi1.DB:PUBL_BOOK,MASTER_TITLE_MISSING_RELATIONS_RECOVERED
607,,Missing from available BOOK master records,,,,,,,,,,Thomas A.Pugel,619,,McGraw -Hill Irwin,42,,,,,1,607/1/1,A,337,17909,0,,,,digi1.DB:BOOK_OTHER_TITLES | digi1.DB:COPIES_VOLUMES | digi1.DB:EDITOR_BOOK | digi1.DB:PUBL_BOOK,MASTER_TITLE_MISSING_RELATIONS_RECOVERED
608,,Missing from available BOOK master records,,,,,,,,,,Smritee Raghubalan | G.Raghulalan,620 | 621,,Oxford university press,41,,,,,1,608/1/1,A,647.94,17914,0,,,,digi1.DB:BOOK_OTHER_TITLES | digi1.DB:COPIES_VOLUMES | digi1.DB:EDITOR_BOOK | digi1.DB:PUBL_BOOK,MASTER_TITLE_MISSING_RELATIONS_RECOVERED
609,,Missing from available BOOK master records,,,,,,,,,,,,,,,,,,,1,609/1/1,A,658.1,838,0,,,,digi1.DB:BOOK_OTHER_TITLES | digi1.DB:COPIES_VOLUMES,MASTER_TITLE_MISSING_RELATIONS_RECOVERED
610,,Missing from available BOOK master records,,,,,,,,,,Philip R. Cateora | John L. Graham,623 | 624,,McGraw-Hill,59,,International marketing,977,,1,610/1/1,A,658.848,14344,0,,,,digi1.DB:BOOK_OTHER_TITLES | digi1.DB:BOOK_SUBJECT | digi1.DB:COPIES_VOLUMES | digi1.DB:EDITOR_BOOK | digi1.DB:PUBL_BOOK,MASTER_TITLE_MISSING_RELATIONS_RECOVERED
611,,Missing from available BOOK master records,,,,,,,,,,Patricia Keehley | Neil N.Abercrombie,625 | 626,,"John Wiley&Sons, Inc",12,,Total Quality management government-United states | Benchmarketing (Management)-United States,978 | 979,,1,611/1/1,A,352.57,17844,0,,,,digi1.DB:BOOK_OTHER_TITLES | digi1.DB:BOOK_SUBJECT | digi1.DB:COPIES_VOLUMES | digi1.DB:EDITOR_BOOK | digi1.DB:PUBL_BOOK,MASTER_TITLE_MISSING_RELATIONS_RECOVERED
612,,Missing from available BOOK master records,,,,,,,,,,Bradley R. Schiller,627,,McGraw -Hill Irwin,42,,Economics | International economics,393 | 974,,1,612/1/1,A,330,17888,0,,,,digi1.DB:BOOK_OTHER_TITLES | digi1.DB:BOOK_SUBJECT | digi1.DB:COPIES_VOLUMES | digi1.DB:EDITOR_BOOK | digi1.DB:PUBL_BOOK,MASTER_TITLE_MISSING_RELATIONS_RECOVERED
613,,Missing from available BOOK master records,,,,,,,,,,Robert D. Reid | David C. Bojanic,628 | 629,,"John Wiley&Sons, Inc",12,,Hospitality industry - marketing,980,,1,613/1/1,A,647.94068,17913,0,,,,digi1.DB:BOOK_OTHER_TITLES | digi1.DB:BOOK_SUBJECT | digi1.DB:COPIES_VOLUMES | digi1.DB:EDITOR_BOOK | digi1.DB:PUBL_BOOK,MASTER_TITLE_MISSING_RELATIONS_RECOVERED
614,,Missing from available BOOK master records,,,,,,,,,,Andrew Ghillyer,630,,McGraw-Hill,59,,Business ethics | Globalization,833 | 941,,1,614/1/1,A,174.4,17858,0,,,,digi1.DB:BOOK_OTHER_TITLES | digi1.DB:BOOK_SUBJECT | digi1.DB:COPIES_VOLUMES | digi1.DB:EDITOR_BOOK | digi1.DB:PUBL_BOOK,MASTER_TITLE_MISSING_RELATIONS_RECOVERED
615,,Missing from available BOOK master records,,,,,,,,,,Sarah Laing,631,,"John Wiley&Sons, Inc",12,,Tax collection,983,,1,615/1/1,A,352.44,17846,0,,,,digi1.DB:BOOK_OTHER_TITLES | digi1.DB:BOOK_SUBJECT | digi1.DB:COPIES_VOLUMES | digi1.DB:EDITOR_BOOK | digi1.DB:PUBL_BOOK,MASTER_TITLE_MISSING_RELATIONS_RECOVERED
616,,Missing from available BOOK master records,,,,,,,,,,Paige Baltzan | Amy philips,632 | 633,,McGraw -Hill Irwin,42,,Business management | Information security | Supply chain management | Global information system | E-Business,984 | 985 | 72 | 986 | 987,,1,616/1/1,A,658,17886,0,,,,digi1.DB:BOOK_OTHER_TITLES | digi1.DB:BOOK_SUBJECT | digi1.DB:COPIES_VOLUMES | digi1.DB:EDITOR_BOOK | digi1.DB:PUBL_BOOK,MASTER_TITLE_MISSING_RELATIONS_RECOVERED
617,,Missing from available BOOK master records,,,,,,,,,,عبد المطلب عبد الحميد,77,,الدار الجامعية,1,,الازمات الاقتصادية | التخطيط الاقتصادى | البنوك المركزية | الديون | الازمة الامريكية للرهن العقارى,611 | 327 | 867 | 988 | 989,,2,617/1/1 | 617/2/1,A,338.054,17730,0,,,,digi1.DB:BOOK_OTHER_TITLES | digi1.DB:BOOK_SUBJECT | digi1.DB:COPIES_VOLUMES | digi1.DB:EDITOR_BOOK | digi1.DB:PUBL_BOOK,MASTER_TITLE_MISSING_RELATIONS_RECOVERED
618,,Missing from available BOOK master records,,,,,,,,,,حمدى عبد العظيم,634,,الدار الجامعية,1,,الاقتصاد | العولمة | الفساد الادارى,34 | 198 | 163,,4,618/1/1 | 618/2/1 | 618/3/1 | 618/4/1,A,327,17477 | 17547,0,,,,digi1.DB:BOOK_OTHER_TITLES | digi1.DB:BOOK_SUBJECT | digi1.DB:COPIES_VOLUMES | digi1.DB:EDITOR_BOOK | digi1.DB:PUBL_BOOK,MASTER_TITLE_MISSING_RELATIONS_RECOVERED
619,,Missing from available BOOK master records,,,,,,,,,,فريد النجار,1,,الدار الجامعية,1,,الحكومة | الحكومة الإلكترونية | الانترنت,817 | 30 | 314,,2,619/1/1 | 619/2/1,A,320,17475,0,,,,digi1.DB:BOOK_OTHER_TITLES | digi1.DB:BOOK_SUBJECT | digi1.DB:COPIES_VOLUMES | digi1.DB:EDITOR_BOOK | digi1.DB:PUBL_BOOK,MASTER_TITLE_MISSING_RELATIONS_RECOVERED
620,,Missing from available BOOK master records,,,,,,,,,,عنايات النجار | وفاء شريف,635 | 636,,المنظمة العربية للتنمية الادارية,3,,البنوك | الاوراق المالية | البورصات | الاسهم | السندات | الاستثمار المصرفى,135 | 167 | 238 | 115 | 116 | 990,,3,620/1/1 | 620/2/1 | 620/3/1,A,332.1,15066 | 14888,0,,,,digi1.DB:BOOK_OTHER_TITLES | digi1.DB:BOOK_SUBJECT | digi1.DB:COPIES_VOLUMES | digi1.DB:EDITOR_BOOK | digi1.DB:PUBL_BOOK,MASTER_TITLE_MISSING_RELATIONS_RECOVERED
621,,Missing from available BOOK master records,,,,,,,,,,رضا عبد السلام | احمد جمال الدين موسى | على لطفى,637 | 638 | 639,,المكتبة العصرية,32,,العولمة | الرأسمالية,198 | 991,,2,621/1/1 | 621/2/1,A,327,17335,0,,,,digi1.DB:BOOK_OTHER_TITLES | digi1.DB:BOOK_SUBJECT | digi1.DB:COPIES_VOLUMES | digi1.DB:EDITOR_BOOK | digi1.DB:PUBL_BOOK,MASTER_TITLE_MISSING_RELATIONS_RECOVERED
622,,Missing from available BOOK master records,,,,,,,,,,محمد الصيرفى,21,,مؤسسة حورس الدولية,9,,العمل والعمال,44,,2,622/1/1 | 622/2/1,A,331.7,17738,0,,0,,digi1.DB:BOOK_OTHER_TITLES | digi1.DB:BOOK_SUBJECT | digi1.DB:COPIES_VOLUMES | digi1.DB:EDITOR_BOOK | digi1.DB:PUBL_BOOK | digi1.DB:SERIAL_BOOK,MASTER_TITLE_MISSING_RELATIONS_RECOVERED
623,,Missing from available BOOK master records,,,,,,,,,,برايان هوبكنز | جيمس ماركهام,640 | 641,,دار الفاروق للنشر والتوزيع,63,,القوى العاملة | الإدارة الإلكترونية | الموارد البشرية - القوى العاملة,186 | 29 | 992,,2,623/1/1 | 623/2/1,A,331,15001,0,,,,digi1.DB:BOOK_OTHER_TITLES | digi1.DB:BOOK_SUBJECT | digi1.DB:COPIES_VOLUMES | digi1.DB:EDITOR_BOOK | digi1.DB:PUBL_BOOK,MASTER_TITLE_MISSING_RELATIONS_RECOVERED
624,,Missing from available BOOK master records,,,,,,,,,,عبد الغفار حنفى,164,,الدار الجامعية,1,,البنوك - تنظيم وادارة | تقييم الاداء | البورصات | الاوراق التجارية,144 | 12 | 238 | 993,,1,624/1/1,A,332.1,14969,0,,,,digi1.DB:BOOK_OTHER_TITLES | digi1.DB:BOOK_SUBJECT | digi1.DB:COPIES_VOLUMES | digi1.DB:EDITOR_BOOK | digi1.DB:PUBL_BOOK,MASTER_TITLE_MISSING_RELATIONS_RECOVERED
625,,Missing from available BOOK master records,,,,,,,,,,عبد القادر محمد عبد القادر عطية | السيدة إبراهيم مصطفى,642 | 11,,الدار الجامعية,1,,الاقتصاد | العولمة | الخصخصة | البيئة | الفقر | الاتفاقيات التجارية | الاقتصاد المصرى | التنمية الصناعية,34 | 198 | 433 | 799 | 326 | 678 | 994 | 995,,2,625/1/1 | 625/2/1,A,330,17602,0,,,,digi1.DB:BOOK_OTHER_TITLES | digi1.DB:BOOK_SUBJECT | digi1.DB:COPIES_VOLUMES | digi1.DB:EDITOR_BOOK | digi1.DB:PUBL_BOOK,MASTER_TITLE_MISSING_RELATIONS_RECOVERED
626,,Missing from available BOOK master records,,,,,,,,,,محمد بن على العقلا,643,,مكتبة زهراء الشرق,86,,الاقتصاد الاسلامى | السوق الاروربية المشتركة - تجارة | السوق العربية المشتركة,740 | 996 | 997,,1,626/1/1,A,330.121,17245,0,,,,digi1.DB:BOOK_OTHER_TITLES | digi1.DB:BOOK_SUBJECT | digi1.DB:COPIES_VOLUMES | digi1.DB:EDITOR_BOOK | digi1.DB:PUBL_BOOK,MASTER_TITLE_MISSING_RELATIONS_RECOVERED
627,,Missing from available BOOK master records,,,,,,,,,,ابراهيم سيد احمد,335,,الدار الجامعية,1,,تلوث البيئة | الموارد الاقتصادية | البيئة | الموارد الطبيعية - مصر | الموارد البشرية | الطاقة,24 | 22 | 799 | 998 | 999 | 618,,2,627/1/1 | 627/2/1,A,346.07,14428,0,,,,digi1.DB:BOOK_OTHER_TITLES | digi1.DB:BOOK_SUBJECT | digi1.DB:COPIES_VOLUMES | digi1.DB:EDITOR_BOOK | digi1.DB:PUBL_BOOK,MASTER_TITLE_MISSING_RELATIONS_RECOVERED
628,,Missing from available BOOK master records,,,,,,,,,,صلاح عباس,647,,مؤسسة شباب الجامعة,53,,العولمة | الاستثمارات الأجنبية | الدول النامية,198 | 181 | 668,,1,628/1/1,A,382,14857,0,,,,digi1.DB:BOOK_OTHER_TITLES | digi1.DB:BOOK_SUBJECT | digi1.DB:COPIES_VOLUMES | digi1.DB:EDITOR_BOOK | digi1.DB:PUBL_BOOK,MASTER_TITLE_MISSING_RELATIONS_RECOVERED
629,,Missing from available BOOK master records,,,,,,,,,,سعد حامد,648,,المؤلف,8,,العولمة | تلوث البيئة | البترول | الحروب | الحروب الافغانستانية | الحروب العراقية,198 | 24 | 202 | 1000 | 1001 | 1002,,2,629/1/1 | 629/2/1,A,327,14421,0,,,,digi1.DB:BOOK_OTHER_TITLES | digi1.DB:BOOK_SUBJECT | digi1.DB:COPIES_VOLUMES | digi1.DB:EDITOR_BOOK | digi1.DB:PUBL_BOOK,MASTER_TITLE_MISSING_RELATIONS_RECOVERED
630,,Missing from available BOOK master records,,,,,,,,,,برايان كويل,649,,دار الفاروق للنشر والتوزيع,63,,البنوك | التبادل التجارى | العملات,135 | 60 | 1003,,1,630/1/1,A,332.4,14722,0,,,,digi1.DB:BOOK_OTHER_TITLES | digi1.DB:BOOK_SUBJECT | digi1.DB:COPIES_VOLUMES | digi1.DB:EDITOR_BOOK | digi1.DB:PUBL_BOOK,MASTER_TITLE_MISSING_RELATIONS_RECOVERED
631,,Missing from available BOOK master records,,,,,,,,,,رجب عبد الحميد,28,,المؤلف,8,,النظم السياسية | الدولة - حكومات | العلوم السياسية | السلطات الثلاث | السلطة التشريعية | السلطة التنفيذية | السلطة القضائية,174 | 1004 | 1005 | 1007 | 1009 | 1008 | 1010,,1,631/1/1,A,320,17187,0,,,,digi1.DB:BOOK_OTHER_TITLES | digi1.DB:BOOK_SUBJECT | digi1.DB:COPIES_VOLUMES | digi1.DB:EDITOR_BOOK | digi1.DB:PUBL_BOOK,MASTER_TITLE_MISSING_RELATIONS_RECOVERED
632,,Missing from available BOOK master records,,,,,,,,,,غادة صالح حسن,375,,دار الوفاء لدنيا الطباعة والنشر,64,,الاقتصاد | العرض والطلب | الانتاج | النقود | التنمية الاقتصادية | التضخم المالى | التجارة الخارجية,34 | 590 | 178 | 117 | 27 | 613 | 59,,2,632/1/1 | 632/2/1,A,330,17414,0,,,,digi1.DB:BOOK_OTHER_TITLES | digi1.DB:BOOK_SUBJECT | digi1.DB:COPIES_VOLUMES | digi1.DB:EDITOR_BOOK | digi1.DB:PUBL_BOOK,MASTER_TITLE_MISSING_RELATIONS_RECOVERED
633,,Missing from available BOOK master records,,,,,,,,,,عبد الفتاح عبد الرحمن عبد المجيد,67,,كلية التجارة - جامعة المنصورة,23,,الاقتصاد | الاقتصاد - تاريخ | النظم الاقتصادية,34 | 559 | 1011,,1,633/1/1,A,330.09,17522,0,,,,digi1.DB:BOOK_OTHER_TITLES | digi1.DB:BOOK_SUBJECT | digi1.DB:COPIES_VOLUMES | digi1.DB:EDITOR_BOOK | digi1.DB:PUBL_BOOK,MASTER_TITLE_MISSING_RELATIONS_RECOVERED
634,,Missing from available BOOK master records,,,,,,,,,,صلاح عباس,647,,مؤسسة شباب الجامعة,53,,العولمة | البطالة | التكنولوجيا | البلاد النامية,198 | 199 | 1012 | 1013,,2,634/1/1 | 634/2/1,A,327,17116,0,,,,digi1.DB:BOOK_OTHER_TITLES | digi1.DB:BOOK_SUBJECT | digi1.DB:COPIES_VOLUMES | digi1.DB:EDITOR_BOOK | digi1.DB:PUBL_BOOK,MASTER_TITLE_MISSING_RELATIONS_RECOVERED
635,,Missing from available BOOK master records,,,,,,,,,,بيتر ريلى,650,,دار الفاروق للنشر والتوزيع,63,,العمل والعمال | ادارة الافراد | القوى العاملة | البطالة | سوق العمل,44 | 18 | 186 | 199 | 1014,,2,635/1/1 | 635/2/1,A,331.7,17410,0,,0,,digi1.DB:BOOK_OTHER_TITLES | digi1.DB:BOOK_SUBJECT | digi1.DB:COPIES_VOLUMES | digi1.DB:EDITOR_BOOK | digi1.DB:PUBL_BOOK | digi1.DB:SERIAL_BOOK,MASTER_TITLE_MISSING_RELATIONS_RECOVERED
636,,Missing from available BOOK master records,,,,,,,,,,محمود سحنون,651,,دار الفجر للنشر والتوزيع,54,,الاقتصاد الاسلامى | الاسلام والاقتصاد,740 | 1015,,2,636/1/1 | 636/2/1,A,330.121,14842,0,,,,digi1.DB:BOOK_OTHER_TITLES | digi1.DB:BOOK_SUBJECT | digi1.DB:COPIES_VOLUMES | digi1.DB:EDITOR_BOOK | digi1.DB:PUBL_BOOK,MASTER_TITLE_MISSING_RELATIONS_RECOVERED
637,,Missing from available BOOK master records,,,,,,,,,,سمير ابراهيم البشبيشى | نجاة محمود احمد,652 | 653,,دار اسراء للطباعة والنشر,87,,الحاسبات الإلكترونية - صيانة,33,,2,637/1/1 | 637/2/1,A,004,15059,0,,,,digi1.DB:BOOK_OTHER_TITLES | digi1.DB:BOOK_SUBJECT | digi1.DB:COPIES_VOLUMES | digi1.DB:EDITOR_BOOK | digi1.DB:PUBL_BOOK,MASTER_TITLE_MISSING_RELATIONS_RECOVERED
638,,Missing from available BOOK master records,,,,,,,,,,بيتر مارشال,654,,دار الفاروق للنشر والتوزيع,63,,البحث العلمى,251,,2,638/1/1 | 638/2/1,A,001.43,14988,0,,,,digi1.DB:BOOK_OTHER_TITLES | digi1.DB:BOOK_SUBJECT | digi1.DB:COPIES_VOLUMES | digi1.DB:EDITOR_BOOK | digi1.DB:PUBL_BOOK,MASTER_TITLE_MISSING_RELATIONS_RECOVERED
639,,Missing from available BOOK master records,,,,,,,,,,سكوت اورمان | مايكل مكلوغن | رون هاردمان | خالد العامرى,655 | 656 | 657 | 287,,دار الفاروق للنشر والتوزيع,63,,الحاسبات الالكترونية - برامج | PL / SQL | برمجة بى ال / اس كيو ال | قواعد بيانات اوراكل 10 جى,252 | 1016 | 1019 | 1020,,1,639/1/1,A,005.3,14927,0,,,,digi1.DB:BOOK_OTHER_TITLES | digi1.DB:BOOK_SUBJECT | digi1.DB:COPIES_VOLUMES | digi1.DB:EDITOR_BOOK | digi1.DB:PUBL_BOOK,MASTER_TITLE_MISSING_RELATIONS_RECOVERED
640,,Missing from available BOOK master records,,,,,,,,,,سعيد حسن ابراهيم | فاطمة سامية خليفى,658 | 659,,كلية الدراسات التطبيقية وخدمة المجتمع / جامغة الملك فيصل | مكتبة دار المعرفة للنشر والتوزيع,88 | 44,,الانترنت,314,,2,640/1/1 | 640/2/1,A,004.467,15058,0,,,,digi1.DB:BOOK_OTHER_TITLES | digi1.DB:BOOK_SUBJECT | digi1.DB:COPIES_VOLUMES | digi1.DB:EDITOR_BOOK | digi1.DB:PUBL_BOOK,MASTER_TITLE_MISSING_RELATIONS_RECOVERED
641,,Missing from available BOOK master records,,,,,,,,,,السيد احمد عبد الخالق,660,,المنظمة العربية للتنمية الادارية,3,,التجارة الالكترونية | الانترنت | العولمة,111 | 314 | 198,,2,641/1/1 | 641/2/1,A,004.6,15071,0,,,,digi1.DB:BOOK_OTHER_TITLES | digi1.DB:BOOK_SUBJECT | digi1.DB:COPIES_VOLUMES | digi1.DB:EDITOR_BOOK | digi1.DB:PUBL_BOOK,MASTER_TITLE_MISSING_RELATIONS_RECOVERED
642,,Missing from available BOOK master records,,,,,,,,,,فيصل سعيد الغريب,661,,المنظمة العربية للتنمية الادارية,3,,التجارة الالكترونية | الانترنت | التوقيع الإلكترونى,111 | 314 | 832,,2,642/1/1 | 642/2/1,A,004.6,14782,0,,407,,digi1.DB:BOOK_OTHER_TITLES | digi1.DB:BOOK_SUBJECT | digi1.DB:COPIES_VOLUMES | digi1.DB:EDITOR_BOOK | digi1.DB:PUBL_BOOK | digi1.DB:SERIAL_BOOK,MASTER_TITLE_MISSING_RELATIONS_RECOVERED
643,,Missing from available BOOK master records,,,,,,,,,,أحمد ماهر,918,,الدار الجامعية,1,,ادارة الاعمال | ضغوط العمل,705 | 1043,,1,643/1/1,A,658.4,14819,0,,5,,digi1.DB:BOOK_OTHER_TITLES | digi1.DB:BOOK_SUBJECT | digi1.DB:COPIES_VOLUMES | digi1.DB:EDITOR_BOOK | digi1.DB:PUBL_BOOK | digi1.DB:SERIAL_BOOK,MASTER_TITLE_MISSING_RELATIONS_RECOVERED
644,,Missing from available BOOK master records,,,,,,,,,,جوديت بل,664,,دار الفاروق للنشر والتوزيع,63,,طرق البحث | خدمات المعلومات,250 | 1021,,1,644/1/1,A,001.4,14892,0,,,,digi1.DB:BOOK_OTHER_TITLES | digi1.DB:BOOK_SUBJECT | digi1.DB:COPIES_VOLUMES | digi1.DB:EDITOR_BOOK | digi1.DB:PUBL_BOOK,MASTER_TITLE_MISSING_RELATIONS_RECOVERED
645,,Missing from available BOOK master records,,,,,,,,,,استيل فيلبس | دريك باح,665 | 666,,دار الفاروق للنشر والتوزيع,63,,طرق البحث | البحث العلمى,250 | 251,,2,645/1/1 | 645/2/1,A,001.4,14891,0,,,,digi1.DB:BOOK_OTHER_TITLES | digi1.DB:BOOK_SUBJECT | digi1.DB:COPIES_VOLUMES | digi1.DB:EDITOR_BOOK | digi1.DB:PUBL_BOOK,MASTER_TITLE_MISSING_RELATIONS_RECOVERED
646,,Missing from available BOOK master records,,,,,,,,,,وليد السيد عبد الرازق,667,,مكتبة دار المعرفة للنشر والتوزيع,44,,الحاسبات الالكترونية | الحاسبات الإلكترونية - صيانة,191 | 33,,1,646/1/1,A,004,14751,0,,,,digi1.DB:BOOK_OTHER_TITLES | digi1.DB:BOOK_SUBJECT | digi1.DB:COPIES_VOLUMES | digi1.DB:EDITOR_BOOK | digi1.DB:PUBL_BOOK,MASTER_TITLE_MISSING_RELATIONS_RECOVERED
647,,Missing from available BOOK master records,,,,,,,,,,جون بورين,668,,دار الفاروق للنشر والتوزيع,63,,ادارة الاعمال | التخطيط,705 | 155,,4,647/1/1 | 647/2/1 | 647/3/1 | 647/4/1,A,658.4,14985 | 17110,0,,,,digi1.DB:BOOK_OTHER_TITLES | digi1.DB:BOOK_SUBJECT | digi1.DB:COPIES_VOLUMES | digi1.DB:EDITOR_BOOK | digi1.DB:PUBL_BOOK,MASTER_TITLE_MISSING_RELATIONS_RECOVERED
648,,Missing from available BOOK master records,,,,,,,,,,بريان اليسون,669,,دار الفاروق للنشر والتوزيع,63,,طرق البحث | البحث العلمى,250 | 251,,2,648/1/1 | 648/2/1,A,001.42,15033,0,,,,digi1.DB:BOOK_OTHER_TITLES | digi1.DB:BOOK_SUBJECT | digi1.DB:COPIES_VOLUMES | digi1.DB:EDITOR_BOOK | digi1.DB:PUBL_BOOK,MASTER_TITLE_MISSING_RELATIONS_RECOVERED
649,,Missing from available BOOK master records,,,,,,,,,,علاء حسنى محمد,670,,جامعة القاهرة,90,,الحاسبات الالكترونية | الحاسبات الالكترونية المهجنة- وسائط متعددة | الحاسبات الالكترونية - شبكات | الحاسبات الالكترونية- فيروسات | الانترنت,191 | 1024 | 1022 | 1023 | 314,,2,649/1/1 | 649/2/1,A,004,17132,0,,,,digi1.DB:BOOK_OTHER_TITLES | digi1.DB:BOOK_SUBJECT | digi1.DB:COPIES_VOLUMES | digi1.DB:EDITOR_BOOK | digi1.DB:PUBL_BOOK,MASTER_TITLE_MISSING_RELATIONS_RECOVERED
650,,Missing from available BOOK master records,,,,,,,,,,خالد ممدوح ابراهيم,215,,الدار الجامعية,1,,البريد الالكترونى | امن الحاسبات الالكترونية | التجارة الالكترونية,349 | 1025 | 111,,2,650/1/1 | 650/2/1,A,004.692,17473,0,,,,digi1.DB:BOOK_OTHER_TITLES | digi1.DB:BOOK_SUBJECT | digi1.DB:COPIES_VOLUMES | digi1.DB:EDITOR_BOOK | digi1.DB:PUBL_BOOK,MASTER_TITLE_MISSING_RELATIONS_RECOVERED
651,,Missing from available BOOK master records,,,,,,,,,,سيد الهوارى,290,,المؤلف,8,,البحث العلمى,251,,4,651/1/1 | 651/2/1 | 651/3/1 | 651/4/1,A,001.43,16033 | 17274,0,,,,digi1.DB:BOOK_OTHER_TITLES | digi1.DB:BOOK_SUBJECT | digi1.DB:COPIES_VOLUMES | digi1.DB:EDITOR_BOOK | digi1.DB:PUBL_BOOK,MASTER_TITLE_MISSING_RELATIONS_RECOVERED
652,,Missing from available BOOK master records,,,,,,,,,,اوما سيكاران,663,,دار المريخ,89,,طرق البحث | البحث العلمى,250 | 251,,3,652/3/1 | 652/1/1 | 652/2/1,A,001.42,14769 | 15039,0,,,,digi1.DB:BOOK_OTHER_TITLES | digi1.DB:BOOK_SUBJECT | digi1.DB:COPIES_VOLUMES | digi1.DB:EDITOR_BOOK | digi1.DB:PUBL_BOOK,MASTER_TITLE_MISSING_RELATIONS_RECOVERED
653,,Missing from available BOOK master records,,,,,,,,,,مجدى محمد ابو العطا,92,,كمبيو ساينس,31,,الحاسبات الالكترونية | نظم التشغيل | الحاسبات الالكترونية - برامج | امن الحاسبات الالكترونية | الانترنت | اوتولوك Out look | معالجة النصوص,191 | 313 | 252 | 1025 | 314 | 1026 | 1027,,1,653/1/1,A,004,17171,0,,,,digi1.DB:BOOK_OTHER_TITLES | digi1.DB:BOOK_SUBJECT | digi1.DB:COPIES_VOLUMES | digi1.DB:EDITOR_BOOK | digi1.DB:PUBL_BOOK,MASTER_TITLE_MISSING_RELATIONS_RECOVERED
654,,Missing from available BOOK master records,,,,,,,,,,سعيد حسن ابراهيم | فاطمة سامية خليفى,658 | 659,,مكتبة دار المعرفة للنشر والتوزيع,44,,شبكات الاتصالات,1028,,2,654/1/1 | 654/2/1,A,004.6,14750,0,,,,digi1.DB:BOOK_OTHER_TITLES | digi1.DB:BOOK_SUBJECT | digi1.DB:COPIES_VOLUMES | digi1.DB:EDITOR_BOOK | digi1.DB:PUBL_BOOK,MASTER_TITLE_MISSING_RELATIONS_RECOVERED
656,,Missing from available BOOK master records,,,,,,,,,,ويندى كيلر | خالد العامرى,672 | 287,,دار الفاروق للنشر والتوزيع,63,,ادارة الاعمال | المفاوضات | التفاوض | المرأة فى ادارة الاعمال,705 | 224 | 112 | 1029,,1,656/1/1,A,658.041,17126,0,,,,digi1.DB:BOOK_OTHER_TITLES | digi1.DB:BOOK_SUBJECT | digi1.DB:COPIES_VOLUMES | digi1.DB:EDITOR_BOOK | digi1.DB:PUBL_BOOK,MASTER_TITLE_MISSING_RELATIONS_RECOVERED
657,,Missing from available BOOK master records,,,,,,,,,,محمد الصيرفى,21,,مؤسسة حورس الدولية,9,,الادارة | نظم المعلومات الادارية | الابداع | ادارة الجودة الشاملة | ادارة الوقت,154 | 508 | 8 | 608 | 195,,1,657/1/1,A,658,17724,0,,,,digi1.DB:BOOK_OTHER_TITLES | digi1.DB:BOOK_SUBJECT | digi1.DB:COPIES_VOLUMES | digi1.DB:EDITOR_BOOK | digi1.DB:PUBL_BOOK,MASTER_TITLE_MISSING_RELATIONS_RECOVERED
658,,Missing from available BOOK master records,,,,,,,,,,مصطفى غنيم,673,,مؤسسة حورس الدولية,9,,كتابة التقارير,718,,2,658/1/1 | 658/2/1,A,651.78,17558,0,,0,,digi1.DB:BOOK_OTHER_TITLES | digi1.DB:BOOK_SUBJECT | digi1.DB:COPIES_VOLUMES | digi1.DB:EDITOR_BOOK | digi1.DB:PUBL_BOOK | digi1.DB:SERIAL_BOOK,MASTER_TITLE_MISSING_RELATIONS_RECOVERED
659,,Missing from available BOOK master records,,,,,,,,,,عبد الحميد عبد الفتاح المغربى,301,,المكتبة العصرية,32,,الادارة | ادارة الاعمال | اتخاذ القرارات | التفكير الابتكارى | المديرون | التنظيم | التخطيط | التوجيه | الموارد البشرية | الاتصال | الرقابة,154 | 705 | 128 | 758 | 173 | 190 | 155 | 560 | 999 | 307 | 334,,2,659/1/1 | 659/2/1,A,658,15087,0,,,,digi1.DB:BOOK_OTHER_TITLES | digi1.DB:BOOK_SUBJECT | digi1.DB:COPIES_VOLUMES | digi1.DB:EDITOR_BOOK | digi1.DB:PUBL_BOOK,MASTER_TITLE_MISSING_RELATIONS_RECOVERED
660,,Missing from available BOOK master records,,,,,,,,,,ميرلين مانينج | باتريشيا هادوك | خالد العامرى,674 | 675 | 287,,دار الفاروق للاستثمارات الثقافية,47,,الموظفون,16,,2,660/1/1 | 660/2/1,A,651.3,15028,0,,,,digi1.DB:BOOK_OTHER_TITLES | digi1.DB:BOOK_SUBJECT | digi1.DB:COPIES_VOLUMES | digi1.DB:EDITOR_BOOK | digi1.DB:PUBL_BOOK,MASTER_TITLE_MISSING_RELATIONS_RECOVERED
661,,Missing from available BOOK master records,,,,,,,,,,عبد الرحمن توفيق,10,,مركز الخبرات المهنية للادارة (بميك),6,,الادارة | المعرفة,154 | 801,,1,661/1/1,A,658,14533,0,,,,digi1.DB:BOOK_OTHER_TITLES | digi1.DB:BOOK_SUBJECT | digi1.DB:COPIES_VOLUMES | digi1.DB:EDITOR_BOOK | digi1.DB:PUBL_BOOK,MASTER_TITLE_MISSING_RELATIONS_RECOVERED
662,,Missing from available BOOK master records,,,,,,,,,,بول جامبل | جون بلاكويل,676 | 677,,دار الفاروق للنشر والتوزيع,63,,المعلومات | الادارة,1030 | 154,,2,662/1/1 | 662/2/1,A,658,14725,0,,,,digi1.DB:BOOK_OTHER_TITLES | digi1.DB:BOOK_SUBJECT | digi1.DB:COPIES_VOLUMES | digi1.DB:EDITOR_BOOK | digi1.DB:PUBL_BOOK,MASTER_TITLE_MISSING_RELATIONS_RECOVERED
663,,Missing from available BOOK master records,,,,,,,,,,نجم عبود نجم,30,,المنظمة العربية للتنمية الادارية,3,,الادارة | الأخلاق المهنية,154 | 1032,,1,663/1/1,A,658,15065,0,,,,digi1.DB:BOOK_OTHER_TITLES | digi1.DB:BOOK_SUBJECT | digi1.DB:COPIES_VOLUMES | digi1.DB:EDITOR_BOOK | digi1.DB:PUBL_BOOK,MASTER_TITLE_MISSING_RELATIONS_RECOVERED
665,,Missing from available BOOK master records,,,,,,,,,,حسين شفيق,679,,رحمة برس للطباعة والنشر,91,,الاعلام | الانترنت | الحاسبات الالكترونية - شبكات | الاعلان | العلاقات العامة | الصحافة,1033 | 314 | 1022 | 205 | 204 | 1034,,1,665/1/1,A,004.6,14887,0,,,,digi1.DB:BOOK_OTHER_TITLES | digi1.DB:BOOK_SUBJECT | digi1.DB:COPIES_VOLUMES | digi1.DB:EDITOR_BOOK | digi1.DB:PUBL_BOOK,MASTER_TITLE_MISSING_RELATIONS_RECOVERED
666,,Missing from available BOOK master records,,,,,,,,,,محمد السيد سيف النصر,680,,دار المعرفة الجامعية,34,,الحاسبات الإلكترونية - لغات | فيجوال بيسك,323 | 321,,2,666/1/1 | 666/2/1,A,005.13,14748,0,,,,digi1.DB:BOOK_OTHER_TITLES | digi1.DB:BOOK_SUBJECT | digi1.DB:COPIES_VOLUMES | digi1.DB:EDITOR_BOOK | digi1.DB:PUBL_BOOK,MASTER_TITLE_MISSING_RELATIONS_RECOVERED
667,,Missing from available BOOK master records,,,,,,,,,,نعيم نصير,678,,المنظمة العربية للتنمية الادارية,3,,المشروعات الاقتصادية | دراسة الجدوى | تنظيم وادارة,802 | 7 | 1035,,2,667/1/1 | 667/2/1,A,658.4,,0,,,,digi1.DB:BOOK_OTHER_TITLES | digi1.DB:BOOK_SUBJECT | digi1.DB:COPIES_VOLUMES | digi1.DB:EDITOR_BOOK | digi1.DB:PUBL_BOOK,MASTER_TITLE_MISSING_RELATIONS_RECOVERED
668,,Missing from available BOOK master records,,,,,,,,,,والاس وانج | خالد العامرى,681 | 287,,دار الفاروق للنشر والتوزيع,63,,الحاسبات الالكترونية - برامج | الانترنت | الحاسبات الإلكترونية - لغات | JAVA | HTML,252 | 314 | 323 | 468 | 1036,,1,668/1/1,A,005.3,14911,0,,,,digi1.DB:BOOK_OTHER_TITLES | digi1.DB:BOOK_SUBJECT | digi1.DB:COPIES_VOLUMES | digi1.DB:EDITOR_BOOK | digi1.DB:PUBL_BOOK,MASTER_TITLE_MISSING_RELATIONS_RECOVERED
669,,Missing from available BOOK master records,,,,,,,,,,حسنين شفيق,682,,رحمة برس للطباعة والنشر,91,,الحاسبات الالكترونية - شبكات | الاعلام | الوسائط المتعددة,1022 | 1033 | 1037,,2,669/1/1 | 669/2/1,A,004.6,14886,0,,,,digi1.DB:BOOK_OTHER_TITLES | digi1.DB:BOOK_SUBJECT | digi1.DB:COPIES_VOLUMES | digi1.DB:EDITOR_BOOK | digi1.DB:PUBL_BOOK,MASTER_TITLE_MISSING_RELATIONS_RECOVERED
670,,Missing from available BOOK master records,,,,,,,,,,على عيد,683,,دار الفاروق للنشر والتوزيع,63,,الحاسبات الالكترونية - برامج | اكسيس,252 | 1038,,1,670/1/1,A,005.3,14816,0,,,,digi1.DB:BOOK_OTHER_TITLES | digi1.DB:BOOK_SUBJECT | digi1.DB:COPIES_VOLUMES | digi1.DB:EDITOR_BOOK | digi1.DB:PUBL_BOOK,MASTER_TITLE_MISSING_RELATIONS_RECOVERED
671,,Missing from available BOOK master records,,,,,,,,,,أحمد  حسن خميس,684,,دار البراء,92,,الحاسبات الالكترونية - برامج | اكسيس | اكسيس XP | SQL,252 | 1038 | 1040 | 1039,,1,671/1/1,A,005.3,14898,0,,,,digi1.DB:BOOK_OTHER_TITLES | digi1.DB:BOOK_SUBJECT | digi1.DB:COPIES_VOLUMES | digi1.DB:EDITOR_BOOK | digi1.DB:PUBL_BOOK,MASTER_TITLE_MISSING_RELATIONS_RECOVERED
672,,Missing from available BOOK master records,,,,,,,,,,مجدى محمد ابو العطا,92,,كمبيو ساينس,31,,الحاسبات الإلكترونية - لغات | Action Script | Flash MX 2004,323 | 1042 | 1041,,2,672/1/1 | 672/2/1,A,005.13,14910,0,,,,digi1.DB:BOOK_OTHER_TITLES | digi1.DB:BOOK_SUBJECT | digi1.DB:COPIES_VOLUMES | digi1.DB:EDITOR_BOOK | digi1.DB:PUBL_BOOK,MASTER_TITLE_MISSING_RELATIONS_RECOVERED
673,,Missing from available BOOK master records,,,,,,,,,,مدحت هاشم,685,,دار البراء,92,,الحاسبات الالكترونية - شبكات | الانترنت,1022 | 314,,1,673/1/1,A,004.6,14897,0,,,,digi1.DB:BOOK_OTHER_TITLES | digi1.DB:BOOK_SUBJECT | digi1.DB:COPIES_VOLUMES | digi1.DB:EDITOR_BOOK | digi1.DB:PUBL_BOOK,MASTER_TITLE_MISSING_RELATIONS_RECOVERED
674,,Missing from available BOOK master records,,,,,,,,,,ديفيد كارلينز | دار الفاروق . قسم الترجمة,671 | 461,,دار الفاروق للنشر والتوزيع,63,,الانترنت | الاتصالات الالكترونية,314 | 110,,2,674/1/1 | 674/2/1,A,004.678,,0,,,,digi1.DB:BOOK_OTHER_TITLES | digi1.DB:BOOK_SUBJECT | digi1.DB:COPIES_VOLUMES | digi1.DB:EDITOR_BOOK | digi1.DB:PUBL_BOOK,MASTER_TITLE_MISSING_RELATIONS_RECOVERED
675,,Missing from available BOOK master records,,,,,,,,,,أحمد  حسن خميس,684,,دار البراء,92,,الحاسبات الالكترونية - برامج | Excel XP,252 | 267,,1,675/1/1,A,005.3,14899,0,,,,digi1.DB:BOOK_OTHER_TITLES | digi1.DB:BOOK_SUBJECT | digi1.DB:COPIES_VOLUMES | digi1.DB:EDITOR_BOOK | digi1.DB:PUBL_BOOK,MASTER_TITLE_MISSING_RELATIONS_RECOVERED
678,,Missing from available BOOK master records,,,,,,,,,,أحمد ماهر,918,,الدار الجامعية,1,,ادارة الافراد | ادارة الذات,18 | 516,,1,678/1/1,A,658.3,14469,0,,2,,digi1.DB:BOOK_OTHER_TITLES | digi1.DB:BOOK_SUBJECT | digi1.DB:COPIES_VOLUMES | digi1.DB:EDITOR_BOOK | digi1.DB:PUBL_BOOK | digi1.DB:SERIAL_BOOK,MASTER_TITLE_MISSING_RELATIONS_RECOVERED
679,,Missing from available BOOK master records,,,,,,,,,,محمد الصيرفى,21,,مؤسسة حورس الدولية,9,,ادارة الوقت | الوقت,195 | 196,,1,679/1/1,A,658.409,17604,0,,0,,digi1.DB:BOOK_OTHER_TITLES | digi1.DB:BOOK_SUBJECT | digi1.DB:COPIES_VOLUMES | digi1.DB:EDITOR_BOOK | digi1.DB:PUBL_BOOK | digi1.DB:SERIAL_BOOK,MASTER_TITLE_MISSING_RELATIONS_RECOVERED
680,,Missing from available BOOK master records,,,,,,,,,,ايمن على عمر,686,,الدار الجامعية,1,,المشروعات التجارية - تنظيم وادارة | البطالة | الصناعات التحويلة,771 | 199 | 1044,,2,680/1/1 | 680/2/1,A,658.3,15013,0,,,,digi1.DB:BOOK_OTHER_TITLES | digi1.DB:BOOK_SUBJECT | digi1.DB:COPIES_VOLUMES | digi1.DB:EDITOR_BOOK | digi1.DB:PUBL_BOOK,MASTER_TITLE_MISSING_RELATIONS_RECOVERED
681,,Missing from available BOOK master records,,,,,,,,,,محمد الصيرفى,21,,مؤسسة حورس الدولية,9,,ادارة الذات,516,,2,681/1/1 | 681/2/1,A,658.4,17550,0,,0,,digi1.DB:BOOK_OTHER_TITLES | digi1.DB:BOOK_SUBJECT | digi1.DB:COPIES_VOLUMES | digi1.DB:EDITOR_BOOK | digi1.DB:PUBL_BOOK | digi1.DB:SERIAL_BOOK,MASTER_TITLE_MISSING_RELATIONS_RECOVERED
682,,Missing from available BOOK master records,,,,,,,,,,ميرلين مانينج,674,,دار الفاروق للنشر والتوزيع,63,,ادارة المكاتب | الذات | السكرتارية,877 | 874 | 1045,,1,682/1/1,A,651.3,15026,0,,,,digi1.DB:BOOK_OTHER_TITLES | digi1.DB:BOOK_SUBJECT | digi1.DB:COPIES_VOLUMES | digi1.DB:EDITOR_BOOK | digi1.DB:PUBL_BOOK,MASTER_TITLE_MISSING_RELATIONS_RECOVERED
683,,Missing from available BOOK master records,,,,,,,,,,كينى  سميث | ستيفان هايسلى,687 | 688,,دار الفاروق للنشر والتوزيع,63,,الحاسبات الالكترونية | قواعد البيانات | اوراكل,191 | 1046 | 1047,,1,683/1/1,A,005.3,14926,0,,,,digi1.DB:BOOK_OTHER_TITLES | digi1.DB:BOOK_SUBJECT | digi1.DB:COPIES_VOLUMES | digi1.DB:EDITOR_BOOK | digi1.DB:PUBL_BOOK,MASTER_TITLE_MISSING_RELATIONS_RECOVERED
684,,Missing from available BOOK master records,,,,,,,,,,بشير على عرنوس,689,,دار السحاب للنشر والتوزيع,52,,الذكاء الاصطناعى,283,,2,684/1/1 | 684/2/1,A,006.3,17511,0,,1,,digi1.DB:BOOK_OTHER_TITLES | digi1.DB:BOOK_SUBJECT | digi1.DB:COPIES_VOLUMES | digi1.DB:EDITOR_BOOK | digi1.DB:PUBL_BOOK | digi1.DB:SERIAL_BOOK,MASTER_TITLE_MISSING_RELATIONS_RECOVERED
685,,Missing from available BOOK master records,,,,,,,,,,مايكل ابى | ايان ابرامسون | مايكل كورى,690 | 691 | 692,,دار الفاروق للنشر والتوزيع,63,,الحاسبات الالكترونية | قواعد البيانات | JAVA | اوراكل 10 جى | لغة SQL | لغة XML,191 | 1046 | 468 | 1050 | 1048 | 1049,,1,685/1/1,A,005.75,14923,0,,,,digi1.DB:BOOK_OTHER_TITLES | digi1.DB:BOOK_SUBJECT | digi1.DB:COPIES_VOLUMES | digi1.DB:EDITOR_BOOK | digi1.DB:PUBL_BOOK,MASTER_TITLE_MISSING_RELATIONS_RECOVERED
686,,Missing from available BOOK master records,,,,,,,,,,سراج الدين محمد محمد,693,,المجموعة العربية للتدريب والنشر,27,,التجارة الالكترونية | الانترنت | النقل الجوى | الحكومة الإلكترونية,111 | 314 | 862 | 30,,2,686/1/1 | 686/2/1,A,004.6,17728 | 17719,0,,,,digi1.DB:BOOK_OTHER_TITLES | digi1.DB:BOOK_SUBJECT | digi1.DB:COPIES_VOLUMES | digi1.DB:EDITOR_BOOK | digi1.DB:PUBL_BOOK,MASTER_TITLE_MISSING_RELATIONS_RECOVERED
687,,Missing from available BOOK master records,,,,,,,,,,طارق عبد العال حماد,330,,الدار الجامعية,1,,التجارة الالكترونية | امن الحاسبات الالكترونية,111 | 1025,,2,687/1/1 | 687/2/1,A,004.678 | 004/678,17336,0,,,,digi1.DB:BOOK_OTHER_TITLES | digi1.DB:BOOK_SUBJECT | digi1.DB:COPIES_VOLUMES | digi1.DB:EDITOR_BOOK | digi1.DB:PUBL_BOOK,MASTER_TITLE_MISSING_RELATIONS_RECOVERED
688,,Missing from available BOOK master records,,,,,,,,,,نيكى  هاييس | سرور على ابراهيم سرور | عبد المرضى حامد عزام | عبد المنعم بن ابراهيم العبد المنعم,694 | 695 | 697 | 698,,دار المريخ,89,,ادارة الافراد | القيادة الادارية | تقييم الاداء,18 | 846 | 12,,1,688/1/1,A,658.3,14760,0,,,,digi1.DB:BOOK_OTHER_TITLES | digi1.DB:BOOK_SUBJECT | digi1.DB:COPIES_VOLUMES | digi1.DB:EDITOR_BOOK | digi1.DB:PUBL_BOOK,MASTER_TITLE_MISSING_RELATIONS_RECOVERED
689,,Missing from available BOOK master records,,,,,,,,,,رضا عبد الواحد امين,696,,دار الفجر للنشر والتوزيع,54,,الانترنت | الصحافة المصرية | الصحافة الاجنبية | الصحافة العربية,314 | 1052 | 1054 | 1053,,2,689/1/1 | 689/2/1,A,070.449,17403,0,,,,digi1.DB:BOOK_OTHER_TITLES | digi1.DB:BOOK_SUBJECT | digi1.DB:COPIES_VOLUMES | digi1.DB:EDITOR_BOOK | digi1.DB:PUBL_BOOK,MASTER_TITLE_MISSING_RELATIONS_RECOVERED
691,,Missing from available BOOK master records,,,,,,,,,,جانييين وارنر,699,,دار الفاروق للنشر والتوزيع,63,,الحاسبات الالكترونية - برامج | دريم ويفر 8,252 | 1055,,1,691/1/1,A,005.3,14925,0,,,,digi1.DB:BOOK_OTHER_TITLES | digi1.DB:BOOK_SUBJECT | digi1.DB:COPIES_VOLUMES | digi1.DB:EDITOR_BOOK | digi1.DB:PUBL_BOOK,MASTER_TITLE_MISSING_RELATIONS_RECOVERED
692,,Missing from available BOOK master records,,,,,,,,,,وليد السيد عبد الرازق,667,,دار اسراء للطباعة والنشر,87,,الحاسبات الالكترونية - برامج | فوتوشوب cs,252 | 1056,,2,692/1/1 | 692/2/1,A,005.3,14749,0,,,,digi1.DB:BOOK_OTHER_TITLES | digi1.DB:BOOK_SUBJECT | digi1.DB:COPIES_VOLUMES | digi1.DB:EDITOR_BOOK | digi1.DB:PUBL_BOOK,MASTER_TITLE_MISSING_RELATIONS_RECOVERED
693,,Missing from available BOOK master records,,,,,,,,,,محمد الصيرفى,21,,مؤسسة حورس الدولية,9,,فريق العمل,1057,,1,693/1/1,A,658.312,17551,0,,,,digi1.DB:BOOK_OTHER_TITLES | digi1.DB:BOOK_SUBJECT | digi1.DB:COPIES_VOLUMES | digi1.DB:EDITOR_BOOK | digi1.DB:PUBL_BOOK,MASTER_TITLE_MISSING_RELATIONS_RECOVERED
694,,Missing from available BOOK master records,,,,,,,,,,بل اسيف,701,,دار الفاروق للنشر والتوزيع,63,,الحاسبات الالكترونية - برامج | فيجوال بيسك,252 | 321,,1,694/1/1,A,005.3,14924,0,,,,digi1.DB:BOOK_OTHER_TITLES | digi1.DB:BOOK_SUBJECT | digi1.DB:COPIES_VOLUMES | digi1.DB:EDITOR_BOOK | digi1.DB:PUBL_BOOK,MASTER_TITLE_MISSING_RELATIONS_RECOVERED
695,,Missing from available BOOK master records,,,,,,,,,,محمد الصيرفى | اسامة كامل,21 | 702,,مؤسسة لورد العالمية للشئون الجامعية,93,,ادارة الافراد | الاختيار | الاستقطاب,18 | 696 | 1058,,1,695/1/1,A,658.3,17248,0,,,,digi1.DB:BOOK_OTHER_TITLES | digi1.DB:BOOK_SUBJECT | digi1.DB:COPIES_VOLUMES | digi1.DB:EDITOR_BOOK | digi1.DB:PUBL_BOOK,MASTER_TITLE_MISSING_RELATIONS_RECOVERED
696,,Missing from available BOOK master records,,,,,,,,,,مصطفى محمود ابو بكر,76,,الدار الجامعية,1,,ادارة الافراد | الوظائف | تحليل الوظائف | الاجور | المنافسة,18 | 131 | 201 | 1059 | 53,,2,696/1/1 | 696/2/1,A,658.3,17524 | 17377,0,,,,digi1.DB:BOOK_OTHER_TITLES | digi1.DB:BOOK_SUBJECT | digi1.DB:COPIES_VOLUMES | digi1.DB:EDITOR_BOOK | digi1.DB:PUBL_BOOK,MASTER_TITLE_MISSING_RELATIONS_RECOVERED
697,,Missing from available BOOK master records,,,,,,,,,,أحمد ماهر,918,,الدار الجامعية,1,,ادارة الافراد,18,,1,697/1/1,A,658.3,14843,0,,,,digi1.DB:BOOK_OTHER_TITLES | digi1.DB:BOOK_SUBJECT | digi1.DB:COPIES_VOLUMES | digi1.DB:EDITOR_BOOK | digi1.DB:PUBL_BOOK,MASTER_TITLE_MISSING_RELATIONS_RECOVERED
698,,Missing from available BOOK master records,,,,,,,,,,مركز التعريب والترجمة,703,,الدار العربية للعلوم,94,,الحاسبات الالكترونية | الحاسبات الالكترونية - برامج | ويندوز XP,191 | 252 | 1060,,1,698/1/1,A,005.3,14132,0,,,,digi1.DB:BOOK_OTHER_TITLES | digi1.DB:BOOK_SUBJECT | digi1.DB:COPIES_VOLUMES | digi1.DB:EDITOR_BOOK | digi1.DB:PUBL_BOOK,MASTER_TITLE_MISSING_RELATIONS_RECOVERED
699,,Missing from available BOOK master records,,,,,,,,,,بتريكيا ايجيرتون | وليم هال,704 | 705,,دار المريخ,89,,الحاسبات الالكترونية - برامج | رسوم جرافيكية,252 | 1061,,1,699/1/1,A,006.6,14400,0,,,,digi1.DB:BOOK_OTHER_TITLES | digi1.DB:BOOK_SUBJECT | digi1.DB:COPIES_VOLUMES | digi1.DB:EDITOR_BOOK | digi1.DB:PUBL_BOOK,MASTER_TITLE_MISSING_RELATIONS_RECOVERED
700,,Missing from available BOOK master records,,,,,,,,,,احمد سيد مصطفى,532,,المؤلف,8,,القيادة الادارية | الرؤساء والمديرون | الذكاء,846 | 492 | 423,,1,700/1/1,A,658.3,16025,0,,,,digi1.DB:BOOK_OTHER_TITLES | digi1.DB:BOOK_SUBJECT | digi1.DB:COPIES_VOLUMES | digi1.DB:EDITOR_BOOK | digi1.DB:PUBL_BOOK,MASTER_TITLE_MISSING_RELATIONS_RECOVERED
701,,Missing from available BOOK master records,,,,,,,,,,عبد الرحمن توفيق,10,,مركز الخبرات المهنية للادارة (بميك),6,,التدريب | الموارد البشرية | التنمية الادارية | القوى العاملة,232 | 999 | 665 | 186,,1,701/1/1,A,658.312,14714,0,,,,digi1.DB:BOOK_OTHER_TITLES | digi1.DB:BOOK_SUBJECT | digi1.DB:COPIES_VOLUMES | digi1.DB:EDITOR_BOOK | digi1.DB:PUBL_BOOK,MASTER_TITLE_MISSING_RELATIONS_RECOVERED
702,,Missing from available BOOK master records,,,,,,,,,,محمد الصيرفى,21,,دار الوفاء لدنيا الطباعة والنشر,64,,التنسيق الادارى,1062,,2,702/1/1 | 702/2/1,A,658.301,17243,0,,,,digi1.DB:BOOK_OTHER_TITLES | digi1.DB:BOOK_SUBJECT | digi1.DB:COPIES_VOLUMES | digi1.DB:EDITOR_BOOK | digi1.DB:PUBL_BOOK,MASTER_TITLE_MISSING_RELATIONS_RECOVERED
703,,Missing from available BOOK master records,,,,,,,,,,ستيف شاندلر | ديوان بلاك,706 | 707,,دار الفاروق للاستثمارات الثقافية,47,,ادارة الافراد,18,,2,703/1/1 | 703/2/1,A,658.3,17136,0,,0,,digi1.DB:BOOK_OTHER_TITLES | digi1.DB:BOOK_SUBJECT | digi1.DB:COPIES_VOLUMES | digi1.DB:EDITOR_BOOK | digi1.DB:PUBL_BOOK | digi1.DB:SERIAL_BOOK,MASTER_TITLE_MISSING_RELATIONS_RECOVERED
704,,Missing from available BOOK master records,,,,,,,,,,خبراء مركز الخبرات المهنية للإدارة | عبد الرحمن توفيق,572 | 10,,مركز الخبرات المهنية للادارة (بميك),6,,التقارير | نظم المعلومات | كتابة التقارير | البيانات الالية,1063 | 679 | 718 | 1064,,1,704/1/1,A,001.42,14566,0,,,,digi1.DB:BOOK_OTHER_TITLES | digi1.DB:BOOK_SUBJECT | digi1.DB:COPIES_VOLUMES | digi1.DB:EDITOR_BOOK | digi1.DB:PUBL_BOOK,MASTER_TITLE_MISSING_RELATIONS_RECOVERED
705,,Missing from available BOOK master records,,,,,,,,,,كريس بيتش,708,,دار الفاروق للنشر والتوزيع,63,,الحاسبات الإلكترونية - لغات | الانترنت | الاتصال | برمجة الويب,323 | 314 | 307 | 1065,,1,705/1/1,A,004.6,14734,0,,,,digi1.DB:BOOK_OTHER_TITLES | digi1.DB:BOOK_SUBJECT | digi1.DB:COPIES_VOLUMES | digi1.DB:EDITOR_BOOK | digi1.DB:PUBL_BOOK,MASTER_TITLE_MISSING_RELATIONS_RECOVERED
706,,Missing from available BOOK master records,,,,,,,,,,كيرت سيونس,709,,دار الفاروق للنشر والتوزيع,63,,الحاسبات الالكترونية | فرونت بيدج 2003,191 | 1066,,1,706/1/1,A,004.6,14736,0,,,,digi1.DB:BOOK_OTHER_TITLES | digi1.DB:BOOK_SUBJECT | digi1.DB:COPIES_VOLUMES | digi1.DB:EDITOR_BOOK | digi1.DB:PUBL_BOOK,MASTER_TITLE_MISSING_RELATIONS_RECOVERED
707,,Missing from available BOOK master records,,,,,,,,,,بميك | عبد الرحمن توفيق,710 | 10,,مركز الخبرات المهنية للادارة (بميك),6,,التدريب | الابداع | ادارة الافراد,232 | 8 | 18,,2,707/1/1 | 707/2/1,A,658.4,14692,0,,,,digi1.DB:BOOK_OTHER_TITLES | digi1.DB:BOOK_SUBJECT | digi1.DB:COPIES_VOLUMES | digi1.DB:EDITOR_BOOK | digi1.DB:PUBL_BOOK,MASTER_TITLE_MISSING_RELATIONS_RECOVERED
708,,Missing from available BOOK master records,,,,,,,,,,عبد الفتاح عبد الرحمن عبد المجيد,67,,المؤلف,8,,الاقتصاد - تاريخ | الازمات الاقتصادية,559 | 611,,3,708/1/1 | 708/2/1 | 708/3/1,A,330.09,17447,0,,,,digi1.DB:BOOK_OTHER_TITLES | digi1.DB:BOOK_SUBJECT | digi1.DB:COPIES_VOLUMES | digi1.DB:EDITOR_BOOK | digi1.DB:PUBL_BOOK,MASTER_TITLE_MISSING_RELATIONS_RECOVERED
709,,Missing from available BOOK master records,,,,,,,,,,محمد السيد عمران,711,,المؤلف,8,,الاحصاء الرياضى | الاحتمالات,1067 | 179,,2,709/1/1 | 709/2/1,A,519.5,,0,,,,digi1.DB:BOOK_OTHER_TITLES | digi1.DB:BOOK_SUBJECT | digi1.DB:COPIES_VOLUMES | digi1.DB:EDITOR_BOOK | digi1.DB:PUBL_BOOK,MASTER_TITLE_MISSING_RELATIONS_RECOVERED
710,,Missing from available BOOK master records,,,,,,,,,,محمد السيد عمران,711,,المؤلف,8,,الرياضة التجارية والمالية,184,,4,710/1/1 | 710/2/1 | 710/3/1 | 710/4/1,A,513.9,,0,,,,digi1.DB:BOOK_OTHER_TITLES | digi1.DB:BOOK_SUBJECT | digi1.DB:COPIES_VOLUMES | digi1.DB:EDITOR_BOOK | digi1.DB:PUBL_BOOK,MASTER_TITLE_MISSING_RELATIONS_RECOVERED
711,,Missing from available BOOK master records,,,,,,,,,,كريستوفر ميرنى,732,,دار الفاروق للنشر والتوزيع,63,,,,,2,711/1/1 | 711/2/1,A,338.604,17408,0,,,,digi1.DB:BOOK_OTHER_TITLES | digi1.DB:COPIES_VOLUMES | digi1.DB:EDITOR_BOOK | digi1.DB:PUBL_BOOK,MASTER_TITLE_MISSING_RELATIONS_RECOVERED
712,,Missing from available BOOK master records,,,,,,,,,,ماركو كانتو,712,,دار الفاروق للنشر والتوزيع,63,,الحاسبات الالكترونية | الحاسبات الالكترونية - برامج | ماسترينج دلفى 7,191 | 252 | 1068,,1,712/1/1,A,005.3,14928,0,,0,,digi1.DB:BOOK_OTHER_TITLES | digi1.DB:BOOK_SUBJECT | digi1.DB:COPIES_VOLUMES | digi1.DB:EDITOR_BOOK | digi1.DB:PUBL_BOOK | digi1.DB:SERIAL_BOOK,MASTER_TITLE_MISSING_RELATIONS_RECOVERED
713,,Missing from available BOOK master records,,,,,,,,,,مدحت محمد ابو النصر,83,,دار الفجر للنشر والتوزيع,54,,ادارة الذات | ادارة الوقت | الشخصية | التفكير | الأنا | الثقة بالنفس,516 | 195 | 171 | 390 | 1069 | 1070,,1,713/1/1,A,658.3,17339,0,,,,digi1.DB:BOOK_OTHER_TITLES | digi1.DB:BOOK_SUBJECT | digi1.DB:COPIES_VOLUMES | digi1.DB:EDITOR_BOOK | digi1.DB:PUBL_BOOK,MASTER_TITLE_MISSING_RELATIONS_RECOVERED
714,,Missing from available BOOK master records,,,,,,,,,,جولى آن أموس,713,,دار الفاروق للنشر والتوزيع,63,,ادارة الافراد | التخطيط | تقييم الاداء,18 | 155 | 12,,1,714/1/1,A,658.3,14993,0,,,,digi1.DB:BOOK_OTHER_TITLES | digi1.DB:BOOK_SUBJECT | digi1.DB:COPIES_VOLUMES | digi1.DB:EDITOR_BOOK | digi1.DB:PUBL_BOOK,MASTER_TITLE_MISSING_RELATIONS_RECOVERED
715,,Missing from available BOOK master records,,,,,,,,,,أحمد  حسن خميس,684,,شبكة الكتب والبرامج المصرية,95,,الحاسبات الالكترونية | الحاسبات الالكترونية - برامج | Word,191 | 252 | 377,,1,715/1/1,A,005.43,17711,0,,,,digi1.DB:BOOK_OTHER_TITLES | digi1.DB:BOOK_SUBJECT | digi1.DB:COPIES_VOLUMES | digi1.DB:EDITOR_BOOK | digi1.DB:PUBL_BOOK,MASTER_TITLE_MISSING_RELATIONS_RECOVERED
716,,Missing from available BOOK master records,,,,,,,,,,ليزلى راى | خالد العامرى,714 | 287,,دار الفاروق للنشر والتوزيع,63,,التدريب | التعلم | تقييم الاداء,232 | 789 | 12,,1,716/1/1,A,17169,,0,,,,digi1.DB:BOOK_OTHER_TITLES | digi1.DB:BOOK_SUBJECT | digi1.DB:COPIES_VOLUMES | digi1.DB:EDITOR_BOOK | digi1.DB:PUBL_BOOK,MASTER_TITLE_MISSING_RELATIONS_RECOVERED
718,,Missing from available BOOK master records,,,,,,,,,,صابر حارص | عزة عبد العزيز,715 | 716,,العربى للنشر والتوزيع,80,,الاعلام | الصحافة | الصحفيون العرب,1033 | 1034 | 1071,,1,718/1/1,A,306.42,17460,0,,,,digi1.DB:BOOK_OTHER_TITLES | digi1.DB:BOOK_SUBJECT | digi1.DB:COPIES_VOLUMES | digi1.DB:EDITOR_BOOK | digi1.DB:PUBL_BOOK,MASTER_TITLE_MISSING_RELATIONS_RECOVERED
719,,Missing from available BOOK master records,,,,,,,,,,حسن مظفر الرزو,717,,معهد الادارة العامة,96,,الذكاء الاصطناعى,283,,1,719/1/1,A,006.2,17192,0,,,,digi1.DB:BOOK_OTHER_TITLES | digi1.DB:BOOK_SUBJECT | digi1.DB:COPIES_VOLUMES | digi1.DB:EDITOR_BOOK | digi1.DB:PUBL_BOOK,MASTER_TITLE_MISSING_RELATIONS_RECOVERED
720,,Missing from available BOOK master records,,,,,,,,,,عبد الرحمن توفيق,10,,مركز الخبرات المهنية للادارة (بميك),6,,ادارة الاعمال | التدريب | المديرون | الكفاءة الادارية,705 | 232 | 173 | 418,,1,720/1/1,A,658.4,14691,0,,50,,digi1.DB:BOOK_OTHER_TITLES | digi1.DB:BOOK_SUBJECT | digi1.DB:COPIES_VOLUMES | digi1.DB:EDITOR_BOOK | digi1.DB:PUBL_BOOK | digi1.DB:SERIAL_BOOK,MASTER_TITLE_MISSING_RELATIONS_RECOVERED
721,,Missing from available BOOK master records,,,,,,,,,,مجدى محمد ابو العطا,92,,كمبيو ساينس,31,,,,,1,721/1/1,A,005.43,17578,0,,121,,digi1.DB:BOOK_OTHER_TITLES | digi1.DB:COPIES_VOLUMES | digi1.DB:EDITOR_BOOK | digi1.DB:PUBL_BOOK | digi1.DB:SERIAL_BOOK,MASTER_TITLE_MISSING_RELATIONS_RECOVERED
722,,Missing from available BOOK master records,,,,,,,,,,كيلى ميردوك | دار الفاروق . قسم الترجمة,718 | 461,,دار الفاروق للنشر والتوزيع,63,,,,,1,722/1/1,A,005.3,14735,0,,,,digi1.DB:BOOK_OTHER_TITLES | digi1.DB:COPIES_VOLUMES | digi1.DB:EDITOR_BOOK | digi1.DB:PUBL_BOOK,MASTER_TITLE_MISSING_RELATIONS_RECOVERED
723,,Missing from available BOOK master records,,,,,,,,,,مصطفى محمود ابو بكر | أحمد عبد الله اللحلح,76 | 719,,الدار الجامعية,1,,,,,1,723/1/1,A,001.4,17159,0,,,,digi1.DB:BOOK_OTHER_TITLES | digi1.DB:COPIES_VOLUMES | digi1.DB:EDITOR_BOOK | digi1.DB:PUBL_BOOK,MASTER_TITLE_MISSING_RELATIONS_RECOVERED
724,,Missing from available BOOK master records,,,,,,,,,,محمد الصيرفى,21,,دار الوفاء لدنيا الطباعة والنشر,64,,,,,2,724/1/1 | 724/2/1,A,150,17275,0,,,,digi1.DB:BOOK_OTHER_TITLES | digi1.DB:COPIES_VOLUMES | digi1.DB:EDITOR_BOOK | digi1.DB:PUBL_BOOK,MASTER_TITLE_MISSING_RELATIONS_RECOVERED
725,,Missing from available BOOK master records,,,,,,,,,,جون كرامبولتز | آل ليفن,720 | 721,,دار الفاروق للاستثمارات الثقافية,47,,,,,2,725/1/1 | 725/2/1,A,123.3,17129,0,,,,digi1.DB:BOOK_OTHER_TITLES | digi1.DB:COPIES_VOLUMES | digi1.DB:EDITOR_BOOK | digi1.DB:PUBL_BOOK,MASTER_TITLE_MISSING_RELATIONS_RECOVERED
726,,Missing from available BOOK master records,,,,,,,,,,محمد الصيرفى,21,,مؤسسة حورس الدولية,9,,,,,2,726/1/1 | 726/2/1,A,155.26,17566 | 17605,0,,0,,digi1.DB:BOOK_OTHER_TITLES | digi1.DB:COPIES_VOLUMES | digi1.DB:EDITOR_BOOK | digi1.DB:PUBL_BOOK | digi1.DB:SERIAL_BOOK,MASTER_TITLE_MISSING_RELATIONS_RECOVERED
727,,Missing from available BOOK master records,,,,,,,,,,عبد الرحمن محمد العيسوى,722,,الدار الجامعية,1,,,,,1,727/1/1,A,302,16057,0,,,,digi1.DB:BOOK_OTHER_TITLES | digi1.DB:COPIES_VOLUMES | digi1.DB:EDITOR_BOOK | digi1.DB:PUBL_BOOK,MASTER_TITLE_MISSING_RELATIONS_RECOVERED
728,,Missing from available BOOK master records,,,,,,,,,,إبراهيم الأخرس,90,,إيتراك للطباعة والنشر والتوزيع,10,,,,,2,728/1/1 | 728/2/1,A,303.483,17146,0,,,,digi1.DB:BOOK_OTHER_TITLES | digi1.DB:COPIES_VOLUMES | digi1.DB:EDITOR_BOOK | digi1.DB:PUBL_BOOK,MASTER_TITLE_MISSING_RELATIONS_RECOVERED
730,,Missing from available BOOK master records,,,,,,,,,,كرتيس كوك | دار الفاروق . قسم الترجمة,723 | 461,,دار الفاروق للنشر والتوزيع,63,,,,,2,730/1/1 | 730/2/1,A,303.36,14990,0,,0,,digi1.DB:BOOK_OTHER_TITLES | digi1.DB:COPIES_VOLUMES | digi1.DB:EDITOR_BOOK | digi1.DB:PUBL_BOOK | digi1.DB:SERIAL_BOOK,MASTER_TITLE_MISSING_RELATIONS_RECOVERED
731,,Missing from available BOOK master records,,,,,,,,,,نبيل محيسن,724,,المؤلف,8,,,,,1,731/1/1,A,307.3,,0,,,,digi1.DB:BOOK_OTHER_TITLES | digi1.DB:COPIES_VOLUMES | digi1.DB:EDITOR_BOOK | digi1.DB:PUBL_BOOK,MASTER_TITLE_MISSING_RELATIONS_RECOVERED
732,,Missing from available BOOK master records,,,,,,,,,,بيرنى كوروين | بيتر رودل | ستيفين بالمر | محمود عيد مصطفى,725 | 726 | 727 | 728,,إيتراك للطباعة والنشر والتوزيع,10,,,,,1,732/1/1,A,616.89,17174,0,,0,,digi1.DB:BOOK_OTHER_TITLES | digi1.DB:COPIES_VOLUMES | digi1.DB:EDITOR_BOOK | digi1.DB:PUBL_BOOK | digi1.DB:SERIAL_BOOK,MASTER_TITLE_MISSING_RELATIONS_RECOVERED
733,,Missing from available BOOK master records,,,,,,,,,,صابر حارص,715,,العربى للنشر والتوزيع,80,,,,,1,733/1/1,A,306.42,17461,0,,0,,digi1.DB:BOOK_OTHER_TITLES | digi1.DB:COPIES_VOLUMES | digi1.DB:EDITOR_BOOK | digi1.DB:PUBL_BOOK | digi1.DB:SERIAL_BOOK,MASTER_TITLE_MISSING_RELATIONS_RECOVERED
734,,Missing from available BOOK master records,,,,,,,,,,دون جابور,729,,دار الفاروق للنشر والتوزيع,63,,,,,2,734/1/1 | 734/2/1,A,155.2,14728,0,,,,digi1.DB:BOOK_OTHER_TITLES | digi1.DB:COPIES_VOLUMES | digi1.DB:EDITOR_BOOK | digi1.DB:PUBL_BOOK,MASTER_TITLE_MISSING_RELATIONS_RECOVERED
735,,Missing from available BOOK master records,,,,,,,,,,حسنين شفيق,682,,رحمة برس للطباعة والنشر,91,,,,,2,735/1/1 | 735/2/1,A,306.4,16058,0,,,,digi1.DB:BOOK_OTHER_TITLES | digi1.DB:COPIES_VOLUMES | digi1.DB:EDITOR_BOOK | digi1.DB:PUBL_BOOK,MASTER_TITLE_MISSING_RELATIONS_RECOVERED
736,,Missing from available BOOK master records,,,,,,,,,,محمد الصاوى محمد مبارك,730,,المكتبة الاكاديمية,2,,,,,2,736/1/1 | 736/2/1,A,001.43,15046,0,,,,digi1.DB:BOOK_OTHER_TITLES | digi1.DB:COPIES_VOLUMES | digi1.DB:EDITOR_BOOK | digi1.DB:PUBL_BOOK,MASTER_TITLE_MISSING_RELATIONS_RECOVERED
737,,Missing from available BOOK master records,,,,,,,,,,امين السيد احمد لطفى,181,,الدار الجامعية,1,,,,,2,737/1/1 | 737/2/1,A,338.7,14705,0,,,,digi1.DB:BOOK_OTHER_TITLES | digi1.DB:COPIES_VOLUMES | digi1.DB:EDITOR_BOOK | digi1.DB:PUBL_BOOK,MASTER_TITLE_MISSING_RELATIONS_RECOVERED
738,,Missing from available BOOK master records,,,,,,,,,,المنظمة العربية للتنمية الإدارية,81,,المنظمة العربية للتنمية الادارية,3,,,,,0,,,,,0,,,,digi1.DB:BOOK_OTHER_TITLES | digi1.DB:EDITOR_BOOK | digi1.DB:PUBL_BOOK,MASTER_TITLE_MISSING_RELATIONS_RECOVERED
739,,Missing from available BOOK master records,,,,,,,,,,تونى بوزان,731,,مكتبة جرير,29,,,,,2,739/1/1 | 739/2/1,A,153.9,17289,0,,,,digi1.DB:BOOK_OTHER_TITLES | digi1.DB:COPIES_VOLUMES | digi1.DB:EDITOR_BOOK | digi1.DB:PUBL_BOOK,MASTER_TITLE_MISSING_RELATIONS_RECOVERED
740,,Missing from available BOOK master records,,,,,,,,,,تونى بوزان,731,,مكتبة جرير,29,,,,,2,740/1/1 | 740/2/1,A,153.9,17291,0,,,,digi1.DB:BOOK_OTHER_TITLES | digi1.DB:COPIES_VOLUMES | digi1.DB:EDITOR_BOOK | digi1.DB:PUBL_BOOK,MASTER_TITLE_MISSING_RELATIONS_RECOVERED
741,,Missing from available BOOK master records,,,,,,,,,,تونى بوزان,731,,مكتبة جرير,29,,,,,1,741/1/1,A,153.9,17176,0,,,,digi1.DB:BOOK_OTHER_TITLES | digi1.DB:COPIES_VOLUMES | digi1.DB:EDITOR_BOOK | digi1.DB:PUBL_BOOK,MASTER_TITLE_MISSING_RELATIONS_RECOVERED
742,,Missing from available BOOK master records,,,,,,,,,,روس تايلور | خالد العامرى,733 | 287,,دار الفاروق للنشر والتوزيع,63,,,,,1,742/1/1,A,158.1,17138,0,,0,,digi1.DB:BOOK_OTHER_TITLES | digi1.DB:COPIES_VOLUMES | digi1.DB:EDITOR_BOOK | digi1.DB:PUBL_BOOK | digi1.DB:SERIAL_BOOK,MASTER_TITLE_MISSING_RELATIONS_RECOVERED
743,,Missing from available BOOK master records,,,,,,,,,,جوميس تشابمان,734,,دار الفاروق للنشر والتوزيع,63,,,,,2,743/1/1 | 743/2/1,A,171.3,14989,0,,,,digi1.DB:BOOK_OTHER_TITLES | digi1.DB:COPIES_VOLUMES | digi1.DB:EDITOR_BOOK | digi1.DB:PUBL_BOOK,MASTER_TITLE_MISSING_RELATIONS_RECOVERED
744,,Missing from available BOOK master records,,,,,,,,,,عبد الرحمن محمد العيسوى,722,,الدار الجامعية,1,,,,,2,744/1/1 | 744/2/1,A,155.9,14771,0,,,,digi1.DB:BOOK_OTHER_TITLES | digi1.DB:COPIES_VOLUMES | digi1.DB:EDITOR_BOOK | digi1.DB:PUBL_BOOK,MASTER_TITLE_MISSING_RELATIONS_RECOVERED
745,,Missing from available BOOK master records,,,,,,,,,,نشوة عبد التواب حسين,735,,إيتراك للطباعة والنشر والتوزيع,10,,,,,1,745/1/1,A,155.64,17178,0,,,,digi1.DB:BOOK_OTHER_TITLES | digi1.DB:COPIES_VOLUMES | digi1.DB:EDITOR_BOOK | digi1.DB:PUBL_BOOK,MASTER_TITLE_MISSING_RELATIONS_RECOVERED
746,,Missing from available BOOK master records,,,,,,,,,,عبد الرحمن محمد العيسوى,722,,الدار الجامعية,1,,,,,1,746/1/1,A,155,16056,0,,,,digi1.DB:BOOK_OTHER_TITLES | digi1.DB:COPIES_VOLUMES | digi1.DB:EDITOR_BOOK | digi1.DB:PUBL_BOOK,MASTER_TITLE_MISSING_RELATIONS_RECOVERED
747,,Missing from available BOOK master records,,,,,,,,,,دورثى ليدز,736,,دار الفاروق للنشر والتوزيع,63,,,,,2,747/1/1 | 747/2/1,A,302,15019,0,,,,digi1.DB:BOOK_OTHER_TITLES | digi1.DB:COPIES_VOLUMES | digi1.DB:EDITOR_BOOK | digi1.DB:PUBL_BOOK,MASTER_TITLE_MISSING_RELATIONS_RECOVERED
748,,Missing from available BOOK master records,,,,,,,,,,روبرت ماير,737,,دار الفاروق للنشر والتوزيع,63,,,,,2,748/1/1 | 748/2/1,A,301.11,15024,0,,,,digi1.DB:BOOK_OTHER_TITLES | digi1.DB:COPIES_VOLUMES | digi1.DB:EDITOR_BOOK | digi1.DB:PUBL_BOOK,MASTER_TITLE_MISSING_RELATIONS_RECOVERED
749,,Missing from available BOOK master records,,,,,,,,,,احمد محمود فرج,738,,دار الفاروق للاستثمارات الثقافية,47,,,,,1,749/1/1,A,301.11,15036,0,,,,digi1.DB:BOOK_OTHER_TITLES | digi1.DB:COPIES_VOLUMES | digi1.DB:EDITOR_BOOK | digi1.DB:PUBL_BOOK,MASTER_TITLE_MISSING_RELATIONS_RECOVERED
750,,Missing from available BOOK master records,,,,,,,,,,محمد الصيرفى,21,,مؤسسة حورس الدولية,9,,,,,2,750/1/1 | 750/2/1,A,302.3,17739,0,,,,digi1.DB:BOOK_OTHER_TITLES | digi1.DB:COPIES_VOLUMES | digi1.DB:EDITOR_BOOK | digi1.DB:PUBL_BOOK,MASTER_TITLE_MISSING_RELATIONS_RECOVERED
751,,Missing from available BOOK master records,,,,,,,,,,مدحت محمد ابو النصر,83,,مجموعة النيل العربية,40,,,,,2,751/1/1 | 751/2/1,A,302.222,14945,0,,0,,digi1.DB:BOOK_OTHER_TITLES | digi1.DB:COPIES_VOLUMES | digi1.DB:EDITOR_BOOK | digi1.DB:PUBL_BOOK | digi1.DB:SERIAL_BOOK,MASTER_TITLE_MISSING_RELATIONS_RECOVERED
752,,Missing from available BOOK master records,,,,,,,,,,عماد الحداد,740,,دار الفاروق للنشر والتوزيع,63,,,,,2,752/1/1 | 752/2/1,A,158.6,14987,0,,,,digi1.DB:BOOK_OTHER_TITLES | digi1.DB:COPIES_VOLUMES | digi1.DB:EDITOR_BOOK | digi1.DB:PUBL_BOOK,MASTER_TITLE_MISSING_RELATIONS_RECOVERED
753,,Missing from available BOOK master records,,,,,,,,,,اندرو برادبيرى,739,,دار الفاروق للنشر والتوزيع,63,,,,,2,753/1/1 | 753/2/1,A,302.2,14784,0,,,,digi1.DB:BOOK_OTHER_TITLES | digi1.DB:COPIES_VOLUMES | digi1.DB:EDITOR_BOOK | digi1.DB:PUBL_BOOK,MASTER_TITLE_MISSING_RELATIONS_RECOVERED
754,,Missing from available BOOK master records,,,,,,,,,,ستيف شاندلر,706,,دار الفاروق للنشر والتوزيع,63,,,,,2,754/1/1 | 754/2/1,A,155,14731,0,,0,,digi1.DB:BOOK_OTHER_TITLES | digi1.DB:COPIES_VOLUMES | digi1.DB:EDITOR_BOOK | digi1.DB:PUBL_BOOK | digi1.DB:SERIAL_BOOK,MASTER_TITLE_MISSING_RELATIONS_RECOVERED
755,,Missing from available BOOK master records,,,,,,,,,,مدحت محمد ابو النصر,83,,مجموعة النيل العربية,40,,,,,2,755/1/1 | 755/2/1,A,153.4,14941,0,,0,,digi1.DB:BOOK_OTHER_TITLES | digi1.DB:COPIES_VOLUMES | digi1.DB:EDITOR_BOOK | digi1.DB:PUBL_BOOK | digi1.DB:SERIAL_BOOK,MASTER_TITLE_MISSING_RELATIONS_RECOVERED
756,,Missing from available BOOK master records,,,,,,,,,,موشابيرو,741,,دار الفاروق للنشر والتوزيع,63,,,,,2,756/1/1 | 756/2/1,A,155,14730,0,,0,,digi1.DB:BOOK_OTHER_TITLES | digi1.DB:COPIES_VOLUMES | digi1.DB:EDITOR_BOOK | digi1.DB:PUBL_BOOK | digi1.DB:SERIAL_BOOK,MASTER_TITLE_MISSING_RELATIONS_RECOVERED
757,,Missing from available BOOK master records,,,,,,,,,,رضا عبد الواحد امين,696,,دار الفجر للنشر والتوزيع,54,,,,,2,757/1/1 | 757/2/1,A,306.42,17398,0,,,,digi1.DB:BOOK_OTHER_TITLES | digi1.DB:COPIES_VOLUMES | digi1.DB:EDITOR_BOOK | digi1.DB:PUBL_BOOK,MASTER_TITLE_MISSING_RELATIONS_RECOVERED
758,,Missing from available BOOK master records,,,,,,,,,,صابر حارص,715,,العربى للنشر والتوزيع,80,,,,,2,758/1/1 | 758/2/1,A,306.4,16059,0,,,,digi1.DB:BOOK_OTHER_TITLES | digi1.DB:COPIES_VOLUMES | digi1.DB:EDITOR_BOOK | digi1.DB:PUBL_BOOK,MASTER_TITLE_MISSING_RELATIONS_RECOVERED
759,,Missing from available BOOK master records,,,,,,,,,,تونى بوزان | تونى دوتينو | ريتشارد آى,731 | 742 | 743,,مكتبة جرير,29,,,,,0,,,,,0,,,,digi1.DB:BOOK_OTHER_TITLES | digi1.DB:EDITOR_BOOK | digi1.DB:PUBL_BOOK,MASTER_TITLE_MISSING_RELATIONS_RECOVERED
760,,Missing from available BOOK master records,,,,,,,,,,دونالدس - واتسن | مارى أ - هولمان | ضياء مجيد,744 | 745 | 746,,مؤسسة شباب الجامعة,53,,,,,2,760/1/1 | 760/2/1,A,338.521,17448,0,,,,digi1.DB:BOOK_OTHER_TITLES | digi1.DB:COPIES_VOLUMES | digi1.DB:EDITOR_BOOK | digi1.DB:PUBL_BOOK,MASTER_TITLE_MISSING_RELATIONS_RECOVERED
761,,Missing from available BOOK master records,,,,,,,,,,جلوريا إيفانز,747,,دار الفاروق للنشر والتوزيع,63,,,,,2,761/1/1 | 761/2/1,A,352,14713,0,,,,digi1.DB:BOOK_OTHER_TITLES | digi1.DB:COPIES_VOLUMES | digi1.DB:EDITOR_BOOK | digi1.DB:PUBL_BOOK,MASTER_TITLE_MISSING_RELATIONS_RECOVERED
762,,Missing from available BOOK master records,,,,,,,,,,محمد إبراهيم عبد الرحيم,748,,مؤسسة شباب الجامعة,53,,,,,2,762/1/1 | 762/2/1,A,351,17441,0,,,,digi1.DB:BOOK_OTHER_TITLES | digi1.DB:COPIES_VOLUMES | digi1.DB:EDITOR_BOOK | digi1.DB:PUBL_BOOK,MASTER_TITLE_MISSING_RELATIONS_RECOVERED
763,,Missing from available BOOK master records,,,,,,,,,,المنظمة العربية للتنمية الإدارية,81,,المنظمة العربية للتنمية الادارية,3,,,,,1,763/1/1,A,351,17685,0,,,,digi1.DB:BOOK_OTHER_TITLES | digi1.DB:COPIES_VOLUMES | digi1.DB:EDITOR_BOOK | digi1.DB:PUBL_BOOK,MASTER_TITLE_MISSING_RELATIONS_RECOVERED
764,,Missing from available BOOK master records,,,,,,,,,,محمد عبد الفتاح الصيرفى,749,,دار الوفاء لدنيا الطباعة والنشر,64,,,,,1,764/1/1,A,350,17240,0,,,,digi1.DB:BOOK_OTHER_TITLES | digi1.DB:COPIES_VOLUMES | digi1.DB:EDITOR_BOOK | digi1.DB:PUBL_BOOK,MASTER_TITLE_MISSING_RELATIONS_RECOVERED
765,,Missing from available BOOK master records,,,,,,,,,,خالد ممدوح ابراهيم,215,,الدار الجامعية,1,,,,,2,765/1/1 | 765/2/1,A,364.168,17471,0,,,,digi1.DB:BOOK_OTHER_TITLES | digi1.DB:COPIES_VOLUMES | digi1.DB:EDITOR_BOOK | digi1.DB:PUBL_BOOK,MASTER_TITLE_MISSING_RELATIONS_RECOVERED
766,,Missing from available BOOK master records,,,,,,,,,,زكريا طاحون,300,,المؤلف,8,,,,,1,766/1/1,A,304.2,14913,0,,,,digi1.DB:BOOK_OTHER_TITLES | digi1.DB:COPIES_VOLUMES | digi1.DB:EDITOR_BOOK | digi1.DB:PUBL_BOOK,MASTER_TITLE_MISSING_RELATIONS_RECOVERED
767,,Missing from available BOOK master records,,,,,,,,,,محمد عبد الفتاح الصيرفى,749,,دار الوفاء لدنيا الطباعة والنشر,64,,,,,1,767/1/1,A,350,17239,0,,,,digi1.DB:BOOK_OTHER_TITLES | digi1.DB:COPIES_VOLUMES | digi1.DB:EDITOR_BOOK | digi1.DB:PUBL_BOOK,MASTER_TITLE_MISSING_RELATIONS_RECOVERED
768,,Missing from available BOOK master records,,,,,,,,,,عبد الرحمن توفيق | ليلى حسن عبد الله القرشى,10 | 750,,مركز الخبرات المهنية للادارة (بميك),6,,,,,2,768/1/1 | 768/2/1,A,153.3,14938,0,,,,digi1.DB:BOOK_OTHER_TITLES | digi1.DB:COPIES_VOLUMES | digi1.DB:EDITOR_BOOK | digi1.DB:PUBL_BOOK,MASTER_TITLE_MISSING_RELATIONS_RECOVERED
769,,Missing from available BOOK master records,,,,,,,,,,عبد الرحمن محمد العيسوى,722,,الدار الجامعية,1,,,,,1,769/1/1,A,150,14912,0,,,,digi1.DB:BOOK_OTHER_TITLES | digi1.DB:COPIES_VOLUMES | digi1.DB:EDITOR_BOOK | digi1.DB:PUBL_BOOK,MASTER_TITLE_MISSING_RELATIONS_RECOVERED
770,,Missing from available BOOK master records,,,,,,,,,,تونى بوزان,731,,مكتبة جرير,29,,,,,2,770/1/1 | 770/2/1,A,153.9,17292,0,,,,digi1.DB:BOOK_OTHER_TITLES | digi1.DB:COPIES_VOLUMES | digi1.DB:EDITOR_BOOK | digi1.DB:PUBL_BOOK,MASTER_TITLE_MISSING_RELATIONS_RECOVERED
771,,Missing from available BOOK master records,,,,,,,,,,تونى بوزان,731,,مكتبة جرير,29,,,,,2,771/1/1 | 771/2/1,A,153.9,17290,0,,,,digi1.DB:BOOK_OTHER_TITLES | digi1.DB:COPIES_VOLUMES | digi1.DB:EDITOR_BOOK | digi1.DB:PUBL_BOOK,MASTER_TITLE_MISSING_RELATIONS_RECOVERED
772,,Missing from available BOOK master records,,,,,,,,,,فريد النجار,1,,الدار الجامعية,1,,,,,4,772/1/1 | 772/2/1 | 772/3/1 | 772/4/1,A,338.7,14970,0,,,,digi1.DB:BOOK_OTHER_TITLES | digi1.DB:COPIES_VOLUMES | digi1.DB:EDITOR_BOOK | digi1.DB:PUBL_BOOK,MASTER_TITLE_MISSING_RELATIONS_RECOVERED
773,,Missing from available BOOK master records,,,,,,,,,,محمد الصيرفى,21,,دار الوفاء لدنيا الطباعة والنشر,64,,,,,1,773/1/1,A,338.526,17273,0,,,,digi1.DB:BOOK_OTHER_TITLES | digi1.DB:COPIES_VOLUMES | digi1.DB:EDITOR_BOOK | digi1.DB:PUBL_BOOK,MASTER_TITLE_MISSING_RELATIONS_RECOVERED
774,,Missing from available BOOK master records,,,,,,,,,,محمد على الليثى,751,,الدار الجامعية,1,,,,,2,774/1/1 | 774/2/1,A,338.5,14492,0,,,,digi1.DB:BOOK_OTHER_TITLES | digi1.DB:COPIES_VOLUMES | digi1.DB:EDITOR_BOOK | digi1.DB:PUBL_BOOK,MASTER_TITLE_MISSING_RELATIONS_RECOVERED
775,,Missing from available BOOK master records,,,,,,,,,,سعيد عبد العزيز عثمان,752,,الدار الجامعية,1,,,,,2,775/1/1 | 775/2/1,A,338.5,14635,0,,,,digi1.DB:BOOK_OTHER_TITLES | digi1.DB:COPIES_VOLUMES | digi1.DB:EDITOR_BOOK | digi1.DB:PUBL_BOOK,MASTER_TITLE_MISSING_RELATIONS_RECOVERED
776,,Missing from available BOOK master records,,,,,,,,,,محمد الصيرفى,21,,دار الوفاء لدنيا الطباعة والنشر,64,,,,,1,776/1/1,A,302.23,17315,0,,,,digi1.DB:BOOK_OTHER_TITLES | digi1.DB:COPIES_VOLUMES | digi1.DB:EDITOR_BOOK | digi1.DB:PUBL_BOOK,MASTER_TITLE_MISSING_RELATIONS_RECOVERED
777,,Missing from available BOOK master records,,,,,,,,,,محمد صالح الحناوى,753,,الدار الجامعية,1,,,,,2,777/1/1 | 777/2/1,A,338.5,14703,0,,,,digi1.DB:BOOK_OTHER_TITLES | digi1.DB:COPIES_VOLUMES | digi1.DB:EDITOR_BOOK | digi1.DB:PUBL_BOOK,MASTER_TITLE_MISSING_RELATIONS_RECOVERED
778,,Missing from available BOOK master records,,,,,,,,,,حسين الماحى,754,,المكتبة العصرية,32,,,,,2,778/1/1 | 778/2/1,A,338.604,17436,0,,,,digi1.DB:BOOK_OTHER_TITLES | digi1.DB:COPIES_VOLUMES | digi1.DB:EDITOR_BOOK | digi1.DB:PUBL_BOOK,MASTER_TITLE_MISSING_RELATIONS_RECOVERED
779,,Missing from available BOOK master records,,,,,,,,,,طارق فاروق الحصرى,755,,المكتبة العصرية,32,,,,,2,779/1/1 | 779/2/1,A,339,17321,0,,,,digi1.DB:BOOK_OTHER_TITLES | digi1.DB:COPIES_VOLUMES | digi1.DB:EDITOR_BOOK | digi1.DB:PUBL_BOOK,MASTER_TITLE_MISSING_RELATIONS_RECOVERED
780,,Missing from available BOOK master records,,,,,,,,,,عبد المطلب عبد الحميد,77,,الدار الجامعية,1,,,,,2,780/1/1 | 780/2/1,A,338.9,17542,0,,,,digi1.DB:BOOK_OTHER_TITLES | digi1.DB:COPIES_VOLUMES | digi1.DB:EDITOR_BOOK | digi1.DB:PUBL_BOOK,MASTER_TITLE_MISSING_RELATIONS_RECOVERED
781,,Missing from available BOOK master records,,,,,,,,,,سامى عبد الحميد حماد | ايمن محمد الغمرى,756 | 757,,المكتبة العصرية,32,,,,,1,781/1/1,A,363.73,14942,0,,,,digi1.DB:BOOK_OTHER_TITLES | digi1.DB:COPIES_VOLUMES | digi1.DB:EDITOR_BOOK | digi1.DB:PUBL_BOOK,MASTER_TITLE_MISSING_RELATIONS_RECOVERED
782,,Missing from available BOOK master records,,,,,,,,,,رفعت السيد العوضى | اسماعيل على بسيونى,758 | 662,,المنظمة العربية للتنمية الادارية,3,,,,,2,782/1/1 | 782/2/1,A,338.83,15073,0,,,,digi1.DB:BOOK_OTHER_TITLES | digi1.DB:COPIES_VOLUMES | digi1.DB:EDITOR_BOOK | digi1.DB:PUBL_BOOK,MASTER_TITLE_MISSING_RELATIONS_RECOVERED
783,,Missing from available BOOK master records,,,,,,,,,,كريستين هيرون,759,,دار الفاروق للنشر والتوزيع,63,,,,,1,783/1/1,A,155.2,14727,0,,,,digi1.DB:BOOK_OTHER_TITLES | digi1.DB:COPIES_VOLUMES | digi1.DB:EDITOR_BOOK | digi1.DB:PUBL_BOOK,MASTER_TITLE_MISSING_RELATIONS_RECOVERED
784,,Missing from available BOOK master records,,,,,,,,,,مارتين سيمونز | بيتر داو,760 | 761,,دار الفاروق للنشر والتوزيع,63,,,,,2,784/1/1 | 784/2/1,A,155.2,14732,0,,,,digi1.DB:BOOK_OTHER_TITLES | digi1.DB:COPIES_VOLUMES | digi1.DB:EDITOR_BOOK | digi1.DB:PUBL_BOOK,MASTER_TITLE_MISSING_RELATIONS_RECOVERED
785,,Missing from available BOOK master records,,,,,,,,,,مجدى محمد ابو العطا,92,,كمبيو ساينس,31,,,,,1,785/1/1,A,005.2,14274,0,,,,digi1.DB:BOOK_OTHER_TITLES | digi1.DB:COPIES_VOLUMES | digi1.DB:EDITOR_BOOK | digi1.DB:PUBL_BOOK,MASTER_TITLE_MISSING_RELATIONS_RECOVERED
786,,Missing from available BOOK master records,,,,,,,,,,طارق عبد العال حماد,330,,الدار الجامعية,1,,,,,1,786/1/1,A,338.7,17474,0,,,,digi1.DB:BOOK_OTHER_TITLES | digi1.DB:COPIES_VOLUMES | digi1.DB:EDITOR_BOOK | digi1.DB:PUBL_BOOK,MASTER_TITLE_MISSING_RELATIONS_RECOVERED
787,,Missing from available BOOK master records,,,,,,,,,,كاى ثورن,762,,دار الفاروق للاستثمارات الثقافية,47,,,,,2,787/1/1 | 787/2/1,A,153.98,17123,0,,0,,digi1.DB:BOOK_OTHER_TITLES | digi1.DB:COPIES_VOLUMES | digi1.DB:EDITOR_BOOK | digi1.DB:PUBL_BOOK | digi1.DB:SERIAL_BOOK,MASTER_TITLE_MISSING_RELATIONS_RECOVERED
788,,Missing from available BOOK master records,,,,,,,,,,وليد السيد أحمد خليفة | مراد على عيسى سعد,763 | 764,,دار الوفاء لدنيا الطباعة والنشر,64,,,,,1,788/1/1,A,154.2,17251,0,,0,,digi1.DB:BOOK_OTHER_TITLES | digi1.DB:COPIES_VOLUMES | digi1.DB:EDITOR_BOOK | digi1.DB:PUBL_BOOK | digi1.DB:SERIAL_BOOK,MASTER_TITLE_MISSING_RELATIONS_RECOVERED
789,,Missing from available BOOK master records,,,,,,,,,,مراد على عيسى سعد | وليد السيد أحمد خليفة,764 | 763,,دار الوفاء لدنيا الطباعة والنشر,64,,,,,1,789/1/1,A,154.2,17250,0,,0,,digi1.DB:BOOK_OTHER_TITLES | digi1.DB:COPIES_VOLUMES | digi1.DB:EDITOR_BOOK | digi1.DB:PUBL_BOOK | digi1.DB:SERIAL_BOOK,MASTER_TITLE_MISSING_RELATIONS_RECOVERED
790,,Missing from available BOOK master records,,,,,,,,,,وليد السيد أحمد خليفة | مراد على عيسى سعد,763 | 764,,دار الوفاء لدنيا الطباعة والنشر,64,,,,,1,790/1/1,A,154.2,17236,0,,0,,digi1.DB:BOOK_OTHER_TITLES | digi1.DB:COPIES_VOLUMES | digi1.DB:EDITOR_BOOK | digi1.DB:PUBL_BOOK | digi1.DB:SERIAL_BOOK,MASTER_TITLE_MISSING_RELATIONS_RECOVERED
791,,Missing from available BOOK master records,,,,,,,,,,محمد عبد الفتاح الصيرفى,749,,دار الوفاء لدنيا الطباعة والنشر,64,,,,,1,791/1/1,A,350,17241,0,,,,digi1.DB:BOOK_OTHER_TITLES | digi1.DB:COPIES_VOLUMES | digi1.DB:EDITOR_BOOK | digi1.DB:PUBL_BOOK,MASTER_TITLE_MISSING_RELATIONS_RECOVERED
792,,Missing from available BOOK master records,,,,,,,,,,محمد عبد الفتاح الصيرفى,749,,دار الوفاء لدنيا الطباعة والنشر,64,,,,,1,792/1/1,A,350,17238,0,,,,digi1.DB:BOOK_OTHER_TITLES | digi1.DB:COPIES_VOLUMES | digi1.DB:EDITOR_BOOK | digi1.DB:PUBL_BOOK,MASTER_TITLE_MISSING_RELATIONS_RECOVERED
793,,Missing from available BOOK master records,,,,,,,,,,جيمس ويلسون | عبد الله بن مسفر الوقدانى,765 | 766,,معهد الادارة العامة,96,,,,,1,793/1/1,A,352.63,17313,0,,,,digi1.DB:BOOK_OTHER_TITLES | digi1.DB:COPIES_VOLUMES | digi1.DB:EDITOR_BOOK | digi1.DB:PUBL_BOOK,MASTER_TITLE_MISSING_RELATIONS_RECOVERED
794,,Missing from available BOOK master records,,,,,,,,,,محمد عبده محجوب,767,,دار المعرفة الجامعية,34,,,,,2,794/1/1 | 794/2/1,A,338.27,14914,0,,,,digi1.DB:BOOK_OTHER_TITLES | digi1.DB:COPIES_VOLUMES | digi1.DB:EDITOR_BOOK | digi1.DB:PUBL_BOOK,MASTER_TITLE_MISSING_RELATIONS_RECOVERED
795,,Missing from available BOOK master records,,,,,,,,,,مجدى محمد ابو العطا,92,,كمبيو ساينس,31,,,,,1,795/1/1,A,004.6,14277,0,,,,digi1.DB:BOOK_OTHER_TITLES | digi1.DB:COPIES_VOLUMES | digi1.DB:EDITOR_BOOK | digi1.DB:PUBL_BOOK,MASTER_TITLE_MISSING_RELATIONS_RECOVERED
796,,Missing from available BOOK master records,,,,,,,,,,عبد الرحمن يسرى أحمد,26,,الدار الجامعية,1,,,,,2,796/1/1 | 796/2/1,A,330.121,17394,0,,,,digi1.DB:BOOK_OTHER_TITLES | digi1.DB:COPIES_VOLUMES | digi1.DB:EDITOR_BOOK | digi1.DB:PUBL_BOOK,MASTER_TITLE_MISSING_RELATIONS_RECOVERED
797,,Missing from available BOOK master records,,,,,,,,,,عبد المطلب عبد الحميد,77,,مجموعة النيل العربية,40,,,,,1,797/1/1,A,330,14175,0,,,,digi1.DB:BOOK_OTHER_TITLES | digi1.DB:COPIES_VOLUMES | digi1.DB:EDITOR_BOOK | digi1.DB:PUBL_BOOK,MASTER_TITLE_MISSING_RELATIONS_RECOVERED
798,,Missing from available BOOK master records,,,,,,,,,,مدحت محمد ابو النصر,83,,المجموعة العربية للتدريب والنشر,27,,,,,2,798/1/1 | 798/2/1,A,658.312,17546,0,,,,digi1.DB:BOOK_OTHER_TITLES | digi1.DB:COPIES_VOLUMES | digi1.DB:EDITOR_BOOK | digi1.DB:PUBL_BOOK,MASTER_TITLE_MISSING_RELATIONS_RECOVERED
799,,Missing from available BOOK master records,,,,,,,,,,عبد المطلب عبد الحميد,77,,الدار الجامعية,1,,,,,4,799/1/1 | 799/2/1 | 799/3/1 | 799/4/1,A,338.8,14630 | 14773,0,,,,digi1.DB:BOOK_OTHER_TITLES | digi1.DB:COPIES_VOLUMES | digi1.DB:EDITOR_BOOK | digi1.DB:PUBL_BOOK,MASTER_TITLE_MISSING_RELATIONS_RECOVERED
800,,Missing from available BOOK master records,,,,,,,,,,اسامة كامل | عبد الغنى حامد,702 | 768,,مؤسسة لورد العالمية للشئون الجامعية,93,,,,,2,800/1/1 | 800/2/1,A,338.7,17375,0,,,,digi1.DB:BOOK_OTHER_TITLES | digi1.DB:COPIES_VOLUMES | digi1.DB:EDITOR_BOOK | digi1.DB:PUBL_BOOK,MASTER_TITLE_MISSING_RELATIONS_RECOVERED
801,,Missing from available BOOK master records,,,,,,,,,,بيترفكس | عبد الحكم أحمد الخزامى,769 | 451,,دار الفجر للنشر والتوزيع,54,,,,,2,801/1/1 | 801/2/1,A,658.8,17387,0,,,,digi1.DB:BOOK_OTHER_TITLES | digi1.DB:COPIES_VOLUMES | digi1.DB:EDITOR_BOOK | digi1.DB:PUBL_BOOK,MASTER_TITLE_MISSING_RELATIONS_RECOVERED
802,,Missing from available BOOK master records,,,,,,,,,,فريد النجار,1,,الدار الجامعية,1,,,,,1,802/1/1,A,658.8,15089,0,,,,digi1.DB:BOOK_OTHER_TITLES | digi1.DB:COPIES_VOLUMES | digi1.DB:EDITOR_BOOK | digi1.DB:PUBL_BOOK,MASTER_TITLE_MISSING_RELATIONS_RECOVERED
803,,Missing from available BOOK master records,,,,,,,,,,طلعت اسعد عبد الحميد,423,,المؤلف,8,,,,,2,803/1/1 | 803/2/1,A,658.85,17628,0,,,,digi1.DB:BOOK_OTHER_TITLES | digi1.DB:COPIES_VOLUMES | digi1.DB:EDITOR_BOOK | digi1.DB:PUBL_BOOK,MASTER_TITLE_MISSING_RELATIONS_RECOVERED
804,,Missing from available BOOK master records,,,,,,,,,,جليلة حسن حسنين,770,,الدار الجامعية,1,,,,,2,804/1/1 | 804/2/1,A,338.4,14772,0,,,,digi1.DB:BOOK_OTHER_TITLES | digi1.DB:COPIES_VOLUMES | digi1.DB:EDITOR_BOOK | digi1.DB:PUBL_BOOK,MASTER_TITLE_MISSING_RELATIONS_RECOVERED
805,,Missing from available BOOK master records,,,,,,,,,,غادة صالح حسن,375,,دار الوفاء لدنيا الطباعة والنشر,64,,,,,2,805/1/1 | 805/2/1,A,338.479,17481,0,,,,digi1.DB:BOOK_OTHER_TITLES | digi1.DB:COPIES_VOLUMES | digi1.DB:EDITOR_BOOK | digi1.DB:PUBL_BOOK,MASTER_TITLE_MISSING_RELATIONS_RECOVERED
806,,Missing from available BOOK master records,,,,,,,,,,فيليب كوتلر | جارى ارمسترونج | سرور على ابراهيم سرور | عبد المنعم بن ابراهيم العبد المنعم,771 | 772 | 695 | 698,,دار المريخ,89,,,,,2,806/1/1 | 806/2/1,A,658.8,17302,0,,,,digi1.DB:BOOK_OTHER_TITLES | digi1.DB:COPIES_VOLUMES | digi1.DB:EDITOR_BOOK | digi1.DB:PUBL_BOOK,MASTER_TITLE_MISSING_RELATIONS_RECOVERED
807,,Missing from available BOOK master records,,,,,,,,,,أحمد ماهر,918,,الدار الجامعية,1,,,,,2,807/1/1 | 807/2/1,A,658.406,14947,0,,,,digi1.DB:BOOK_OTHER_TITLES | digi1.DB:COPIES_VOLUMES | digi1.DB:EDITOR_BOOK | digi1.DB:PUBL_BOOK,MASTER_TITLE_MISSING_RELATIONS_RECOVERED
808,,Missing from available BOOK master records,,,,,,,,,,رابح خونى | رقية حسانى,773 | 774,,إيتراك للطباعة والنشر والتوزيع,10,,,,,4,808/1/1 | 808/2/1 | 808/3/1 | 808/4/1,A,336.014,17379 | 17518,0,,,,digi1.DB:BOOK_OTHER_TITLES | digi1.DB:COPIES_VOLUMES | digi1.DB:EDITOR_BOOK | digi1.DB:PUBL_BOOK,MASTER_TITLE_MISSING_RELATIONS_RECOVERED
809,,Missing from available BOOK master records,,,,,,,,,,أحمد ماهر,918,,الدار الجامعية,1,,,,,1,809/1/1,A,302.35,15009,0,,0,,digi1.DB:BOOK_OTHER_TITLES | digi1.DB:COPIES_VOLUMES | digi1.DB:EDITOR_BOOK | digi1.DB:PUBL_BOOK | digi1.DB:SERIAL_BOOK,MASTER_TITLE_MISSING_RELATIONS_RECOVERED
810,,Missing from available BOOK master records,,,,,,,,,,بيتر كليتون,775,,دار الفاروق للنشر والتوزيع,63,,,,,1,810/1/1,A,306.44,14724,0,,,,digi1.DB:BOOK_OTHER_TITLES | digi1.DB:COPIES_VOLUMES | digi1.DB:EDITOR_BOOK | digi1.DB:PUBL_BOOK,MASTER_TITLE_MISSING_RELATIONS_RECOVERED
811,,Missing from available BOOK master records,,,,,,,,,,روبين داينز,776,,دار الفاروق للنشر والتوزيع,63,,,,,2,811/1/1 | 811/2/1,A,152.47,17135,0,,,,digi1.DB:BOOK_OTHER_TITLES | digi1.DB:COPIES_VOLUMES | digi1.DB:EDITOR_BOOK | digi1.DB:PUBL_BOOK,MASTER_TITLE_MISSING_RELATIONS_RECOVERED
812,,Missing from available BOOK master records,,,,,,,,,,جون ليدستون | جانيس ماكلنيين,777 | 778,,دار الفاروق للنشر والتوزيع,63,,,,,2,812/1/1 | 812/2/1,A,658.8,15016,0,,0,,digi1.DB:BOOK_OTHER_TITLES | digi1.DB:COPIES_VOLUMES | digi1.DB:EDITOR_BOOK | digi1.DB:PUBL_BOOK | digi1.DB:SERIAL_BOOK,MASTER_TITLE_MISSING_RELATIONS_RECOVERED
814,,Missing from available BOOK master records,,,,,,,,,,جيمس موريل | خالد العامرى,779 | 287,,دار الفاروق للنشر والتوزيع,63,,,,,2,814/1/1 | 814/2/1,A,658.84,17124,0,,0,,digi1.DB:BOOK_OTHER_TITLES | digi1.DB:COPIES_VOLUMES | digi1.DB:EDITOR_BOOK | digi1.DB:PUBL_BOOK | digi1.DB:SERIAL_BOOK,MASTER_TITLE_MISSING_RELATIONS_RECOVERED
815,,Missing from available BOOK master records,,,,,,,,,,حسام عيسى | فتحى فكرى | سعاد الشرقاوى | محمد نور فرحات | طارق البشرى | هشام البسطويسى | مصطفى كامل السيد,780 | 781 | 782 | 783 | 784 | 785 | 786,,شركاء التنمية للبحوث والاستشارات,46,,,,,2,815/1/1 | 815/2/1,A,342.039,17523,0,,,,digi1.DB:BOOK_OTHER_TITLES | digi1.DB:COPIES_VOLUMES | digi1.DB:EDITOR_BOOK | digi1.DB:PUBL_BOOK,MASTER_TITLE_MISSING_RELATIONS_RECOVERED
816,,Missing from available BOOK master records,,,,,,,,,,برايان كويل,649,,دار الفاروق للاستثمارات الثقافية,47,,,,,2,816/1/1 | 816/2/1,A,332.632,17131,0,,0,,digi1.DB:BOOK_OTHER_TITLES | digi1.DB:COPIES_VOLUMES | digi1.DB:EDITOR_BOOK | digi1.DB:PUBL_BOOK | digi1.DB:SERIAL_BOOK,MASTER_TITLE_MISSING_RELATIONS_RECOVERED
817,,Missing from available BOOK master records,,,,,,,,,,إبراهيم على عبد الرازق | محمد إبراهيم على عبد الرازق,787 | 788,,منشأة المعارف,98,,,,,4,817/1/1 | 817/1/2 | 817/2/1 | 817/2/2,A,343,16026,0,,,,digi1.DB:BOOK_OTHER_TITLES | digi1.DB:COPIES_VOLUMES | digi1.DB:EDITOR_BOOK | digi1.DB:PUBL_BOOK,MASTER_TITLE_MISSING_RELATIONS_RECOVERED
818,,Missing from available BOOK master records,,,,,,,,,,أحمد شرف الدين,789,,المؤلف,8,,,,,1,818/1/1,A,343.053,17237,0,,,,digi1.DB:BOOK_OTHER_TITLES | digi1.DB:COPIES_VOLUMES | digi1.DB:EDITOR_BOOK | digi1.DB:PUBL_BOOK,MASTER_TITLE_MISSING_RELATIONS_RECOVERED
819,,Missing from available BOOK master records,,,,,,,,,,رجب عبد المنعم متولى,86,,دار النهضة العربية,28,,,,,2,819/1/1 | 819/2/1,A,341.2,17246,0,,,,digi1.DB:BOOK_OTHER_TITLES | digi1.DB:COPIES_VOLUMES | digi1.DB:EDITOR_BOOK | digi1.DB:PUBL_BOOK,MASTER_TITLE_MISSING_RELATIONS_RECOVERED
820,,Missing from available BOOK master records,,,,,,,,,,إبراهيم على عبد الرازق | محمد إبراهيم على عبد الرازق,787 | 788,,منشأة المعارف,98,,,,,3,820/1/1 | 820/2/1 | 820/1/2,A,343,16023,0,,,,digi1.DB:BOOK_OTHER_TITLES | digi1.DB:COPIES_VOLUMES | digi1.DB:EDITOR_BOOK | digi1.DB:PUBL_BOOK,MASTER_TITLE_MISSING_RELATIONS_RECOVERED
823,,Missing from available BOOK master records,,,,,,,,,,درايتون بيرد,790,,دار الفاروق للنشر والتوزيع,63,,,,,2,823/1/1 | 823/2/1,A,658.8,,0,,,,digi1.DB:BOOK_OTHER_TITLES | digi1.DB:COPIES_VOLUMES | digi1.DB:EDITOR_BOOK | digi1.DB:PUBL_BOOK,MASTER_TITLE_MISSING_RELATIONS_RECOVERED
824,,Missing from available BOOK master records,,,,,,,,,,ماتثيو شوارتز | عبد الحكم أحمد الخزامى,791 | 451,,دار الفجر للنشر والتوزيع,54,,,,,1,824/1/1,A,658.81,17400,0,,,,digi1.DB:BOOK_OTHER_TITLES | digi1.DB:COPIES_VOLUMES | digi1.DB:EDITOR_BOOK | digi1.DB:PUBL_BOOK,MASTER_TITLE_MISSING_RELATIONS_RECOVERED
825,,Missing from available BOOK master records,,,,,,,,,,طارق عبد الفتاح الشريعى,18,,مؤسسة حورس الدولية,9,,,,,2,825/1/1 | 825/2/1,A,658.8,17725,0,,,,digi1.DB:BOOK_OTHER_TITLES | digi1.DB:COPIES_VOLUMES | digi1.DB:EDITOR_BOOK | digi1.DB:PUBL_BOOK,MASTER_TITLE_MISSING_RELATIONS_RECOVERED
826,,Missing from available BOOK master records,,,,,,,,,,كويك نوتس,792,,دار الفاروق للنشر والتوزيع,63,,,,,2,826/1/1 | 826/2/1,A,658.8,15035,0,,,,digi1.DB:BOOK_OTHER_TITLES | digi1.DB:COPIES_VOLUMES | digi1.DB:EDITOR_BOOK | digi1.DB:PUBL_BOOK,MASTER_TITLE_MISSING_RELATIONS_RECOVERED
827,,Missing from available BOOK master records,,,,,,,,,,محمد الصيرفى,21,,مؤسسة حورس الدولية,9,,,,,2,827/1/1 | 827/2/1,A,658.8,17718,0,,,,digi1.DB:BOOK_OTHER_TITLES | digi1.DB:COPIES_VOLUMES | digi1.DB:EDITOR_BOOK | digi1.DB:PUBL_BOOK,MASTER_TITLE_MISSING_RELATIONS_RECOVERED
828,,Missing from available BOOK master records,,,,,,,,,,على عيد,683,,دار الفاروق للنشر والتوزيع,63,,,,,1,828/1/1,A,658.8,14738,0,,,,digi1.DB:BOOK_OTHER_TITLES | digi1.DB:COPIES_VOLUMES | digi1.DB:EDITOR_BOOK | digi1.DB:PUBL_BOOK,MASTER_TITLE_MISSING_RELATIONS_RECOVERED
829,,Missing from available BOOK master records,,,,,,,,,,جمال محمد ابو شنب | اشرف محمد خوخة,793 | 794,,دار المعرفة الجامعية,34,,,,,1,829/1/1,A,659.1,14473,0,,,,digi1.DB:BOOK_OTHER_TITLES | digi1.DB:COPIES_VOLUMES | digi1.DB:EDITOR_BOOK | digi1.DB:PUBL_BOOK,MASTER_TITLE_MISSING_RELATIONS_RECOVERED
830,,Missing from available BOOK master records,,,,,,,,,,جون ليدستون,777,,دار الفاروق للنشر والتوزيع,63,,,,,1,830/1/1,A,658.961,15029,0,,,,digi1.DB:BOOK_OTHER_TITLES | digi1.DB:COPIES_VOLUMES | digi1.DB:EDITOR_BOOK | digi1.DB:PUBL_BOOK,MASTER_TITLE_MISSING_RELATIONS_RECOVERED
831,,Missing from available BOOK master records,,,,,,,,,,على يوسف الشكرى,82,,إيتراك للطباعة والنشر والتوزيع,10,,,,,1,831/1/1,A,341.481,17556,0,,,,digi1.DB:BOOK_OTHER_TITLES | digi1.DB:COPIES_VOLUMES | digi1.DB:EDITOR_BOOK | digi1.DB:PUBL_BOOK,MASTER_TITLE_MISSING_RELATIONS_RECOVERED
832,,Missing from available BOOK master records,,,,,,,,,,تونى بوزان,731,,مكتبة جرير,29,,,,,1,832/1/1,A,15.12,17396,0,,,,digi1.DB:BOOK_OTHER_TITLES | digi1.DB:COPIES_VOLUMES | digi1.DB:EDITOR_BOOK | digi1.DB:PUBL_BOOK,MASTER_TITLE_MISSING_RELATIONS_RECOVERED
833,,Missing from available BOOK master records,,,,,,,,,,محمد عبد العظيم,19,,الدار الجامعية,1,,,,,1,833/1/1,A,658.8,17568,0,,,,digi1.DB:BOOK_OTHER_TITLES | digi1.DB:COPIES_VOLUMES | digi1.DB:EDITOR_BOOK | digi1.DB:PUBL_BOOK,MASTER_TITLE_MISSING_RELATIONS_RECOVERED
834,,Missing from available BOOK master records,,,,,,,,,,ناصر نور الدين عبد اللطيف,338,,الدار الجامعية,1,,,,,2,834/1/1 | 834/2/1,A,005.74,15056,0,,,,digi1.DB:BOOK_OTHER_TITLES | digi1.DB:COPIES_VOLUMES | digi1.DB:EDITOR_BOOK | digi1.DB:PUBL_BOOK,MASTER_TITLE_MISSING_RELATIONS_RECOVERED
835,,Missing from available BOOK master records,,,,,,,,,,ناصر نور الدين عبد اللطيف,338,,الدار الجامعية,1,,,,,1,835/1/1,A,05.43,14455,0,,,,digi1.DB:BOOK_OTHER_TITLES | digi1.DB:COPIES_VOLUMES | digi1.DB:EDITOR_BOOK | digi1.DB:PUBL_BOOK,MASTER_TITLE_MISSING_RELATIONS_RECOVERED
836,,Missing from available BOOK master records,,,,,,,,,,ضياء مجيد,746,,مؤسسة شباب الجامعة,53,,,,,2,836/1/1 | 836/2/1,A,332,17452,0,,,,digi1.DB:BOOK_OTHER_TITLES | digi1.DB:COPIES_VOLUMES | digi1.DB:EDITOR_BOOK | digi1.DB:PUBL_BOOK,MASTER_TITLE_MISSING_RELATIONS_RECOVERED
837,,Missing from available BOOK master records,,,,,,,,,,محمد حافظ حجازى,559,,دار الوفاء لدنيا الطباعة والنشر,64,,,,,1,837/1/1,A,658.8,17249,0,,,,digi1.DB:BOOK_OTHER_TITLES | digi1.DB:COPIES_VOLUMES | digi1.DB:EDITOR_BOOK | digi1.DB:PUBL_BOOK,MASTER_TITLE_MISSING_RELATIONS_RECOVERED
838,,Missing from available BOOK master records,,,,,,,,,,حسين محمد جمعة,795,,المؤلف,8,,,,,2,838/1/1 | 838/2/1,A,658.8,17374,0,,,,digi1.DB:BOOK_OTHER_TITLES | digi1.DB:COPIES_VOLUMES | digi1.DB:EDITOR_BOOK | digi1.DB:PUBL_BOOK,MASTER_TITLE_MISSING_RELATIONS_RECOVERED
839,,Missing from available BOOK master records,,,,,,,,,,عاطف جابر طه عبد الرحيم,118,,الدار الجامعية,1,,,,,1,839/1/1,A,658.3,17618,0,,,,digi1.DB:BOOK_OTHER_TITLES | digi1.DB:COPIES_VOLUMES | digi1.DB:EDITOR_BOOK | digi1.DB:PUBL_BOOK,MASTER_TITLE_MISSING_RELATIONS_RECOVERED
840,,Missing from available BOOK master records,,,,,,,,,,عمرو علاء الدين زيدان,796,,المنظمة العربية للتنمية الادارية,3,,,,,2,840/1/1 | 840/2/1,A,338.2,14824,0,,,,digi1.DB:BOOK_OTHER_TITLES | digi1.DB:COPIES_VOLUMES | digi1.DB:EDITOR_BOOK | digi1.DB:PUBL_BOOK,MASTER_TITLE_MISSING_RELATIONS_RECOVERED
841,,Missing from available BOOK master records,,,,,,,,,,عادل محمود الرشيد,797,,المنظمة العربية للتنمية الادارية,3,,,,,4,841/1/1 | 841/2/1 | 841/3/1 | 841/4/1,A,338.2,17695 | 15074,0,,,,digi1.DB:BOOK_OTHER_TITLES | digi1.DB:COPIES_VOLUMES | digi1.DB:EDITOR_BOOK | digi1.DB:PUBL_BOOK,MASTER_TITLE_MISSING_RELATIONS_RECOVERED
842,,Missing from available BOOK master records,,,,,,,,,,ريتشارد مانسفيلد,798,,دار الفاروق للنشر والتوزيع,63,,,,,2,842/1/1 | 842/2/1,A,005.84,15060,0,,,,digi1.DB:BOOK_OTHER_TITLES | digi1.DB:COPIES_VOLUMES | digi1.DB:EDITOR_BOOK | digi1.DB:PUBL_BOOK,MASTER_TITLE_MISSING_RELATIONS_RECOVERED
844,,Missing from available BOOK master records,,,,,,,,,,شكرى رجب العشماوى,799,,الدار الجامعية,1,,,,,2,844/1/1 | 844/2/1,A,338.925,14961,0,,,,digi1.DB:BOOK_OTHER_TITLES | digi1.DB:COPIES_VOLUMES | digi1.DB:EDITOR_BOOK | digi1.DB:PUBL_BOOK,MASTER_TITLE_MISSING_RELATIONS_RECOVERED
845,,Missing from available BOOK master records,,,,,,,,,,محمود امين زويل,800,,دار الوفاء لدنيا الطباعة والنشر,64,,,,,1,845/1/1,A,338.514,17390,0,,,,digi1.DB:BOOK_OTHER_TITLES | digi1.DB:COPIES_VOLUMES | digi1.DB:EDITOR_BOOK | digi1.DB:PUBL_BOOK,MASTER_TITLE_MISSING_RELATIONS_RECOVERED
846,,Missing from available BOOK master records,,,,,,,,,,ايمن على عمر,686,,الدار الجامعية,1,,,,,1,846/1/1,A,338.6,17109,0,,,,digi1.DB:BOOK_OTHER_TITLES | digi1.DB:COPIES_VOLUMES | digi1.DB:EDITOR_BOOK | digi1.DB:PUBL_BOOK,MASTER_TITLE_MISSING_RELATIONS_RECOVERED
847,,Missing from available BOOK master records,,,,,,,,,,عماد الحداد | اللجنة العلمية للتاليف والتحرير والنشر,740 | 801,,دار الفاروق للنشر والتوزيع,63,,,,,4,847/1/1 | 847/2/1 | 847/3/1 | 847/4/1,A,338.7,15034 | 14976,0,,,,digi1.DB:BOOK_OTHER_TITLES | digi1.DB:COPIES_VOLUMES | digi1.DB:EDITOR_BOOK | digi1.DB:PUBL_BOOK,MASTER_TITLE_MISSING_RELATIONS_RECOVERED
848,,Missing from available BOOK master records,,,,,,,,,,ستيف شاندلر | سامر بكفورد | خالد العامرى,706 | 802 | 287,,دار الفاروق للنشر والتوزيع,63,,,,,1,848/1/1,A,338.7,15022,0,,,,digi1.DB:BOOK_OTHER_TITLES | digi1.DB:COPIES_VOLUMES | digi1.DB:EDITOR_BOOK | digi1.DB:PUBL_BOOK,MASTER_TITLE_MISSING_RELATIONS_RECOVERED
849,,Missing from available BOOK master records,,,,,,,,,,ميشيل ب - تودارو | محمود حامد محمود عبد الرازق | محمود حسن حسنى,803 | 804 | 805,,دار المريخ,89,,,,,1,849/1/1,A,338.9,14934,0,,,,digi1.DB:BOOK_OTHER_TITLES | digi1.DB:COPIES_VOLUMES | digi1.DB:EDITOR_BOOK | digi1.DB:PUBL_BOOK,MASTER_TITLE_MISSING_RELATIONS_RECOVERED
850,,Missing from available BOOK master records,,,,,,,,,,مالكوم بيركين | خالد العامرى,806 | 287,,دار الفاروق للنشر والتوزيع,63,,,,,2,850/1/1 | 850/2/1,A,338.7,14994,0,,0,,digi1.DB:BOOK_OTHER_TITLES | digi1.DB:COPIES_VOLUMES | digi1.DB:EDITOR_BOOK | digi1.DB:PUBL_BOOK | digi1.DB:SERIAL_BOOK,MASTER_TITLE_MISSING_RELATIONS_RECOVERED
851,,Missing from available BOOK master records,,,,,,,,,,رونالد اتش بالو,807,,دار المريخ,89,,,,,2,851/1/1 | 851/2/1,A,658.7,15040,0,,,,digi1.DB:BOOK_OTHER_TITLES | digi1.DB:COPIES_VOLUMES | digi1.DB:EDITOR_BOOK | digi1.DB:PUBL_BOOK,MASTER_TITLE_MISSING_RELATIONS_RECOVERED
852,,Missing from available BOOK master records,,,,,,,,,,لونيس على,808,,المكتبة العصرية,32,,,,,1,852/1/1,A,658.834,17569,0,,,,digi1.DB:BOOK_OTHER_TITLES | digi1.DB:COPIES_VOLUMES | digi1.DB:EDITOR_BOOK | digi1.DB:PUBL_BOOK,MASTER_TITLE_MISSING_RELATIONS_RECOVERED
853,,Missing from available BOOK master records,,,,,,,,,,توفيق محمد عبد المحسن,809,,دار الفكر العربى | دار النهضة العربية,76 | 28,,,,,1,853/1/1,A,658.8,17572,0,,,,digi1.DB:BOOK_OTHER_TITLES | digi1.DB:COPIES_VOLUMES | digi1.DB:EDITOR_BOOK | digi1.DB:PUBL_BOOK,MASTER_TITLE_MISSING_RELATIONS_RECOVERED
854,,Missing from available BOOK master records,,,,,,,,,,محمود صادق بازرعة,810,,المكتبة الاكاديمية,2,,,,,1,854/1/1,A,658.8,16020,0,,,,digi1.DB:BOOK_OTHER_TITLES | digi1.DB:COPIES_VOLUMES | digi1.DB:EDITOR_BOOK | digi1.DB:PUBL_BOOK,MASTER_TITLE_MISSING_RELATIONS_RECOVERED
855,,Missing from available BOOK master records,,,,,,,,,,علاء الغرباوى | محمد عبد العظيم | ايمان شقير,811 | 19 | 812,,الدار الجامعية,1,,,,,1,855/1/1,A,658.8,17162,0,,,,digi1.DB:BOOK_OTHER_TITLES | digi1.DB:COPIES_VOLUMES | digi1.DB:EDITOR_BOOK | digi1.DB:PUBL_BOOK,MASTER_TITLE_MISSING_RELATIONS_RECOVERED
856,,Missing from available BOOK master records,,,,,,,,,,محمد حافظ حجازى,559,,دار الوفاء لدنيا الطباعة والنشر,64,,,,,1,856/1/1,A,658.8,14799,0,,,,digi1.DB:BOOK_OTHER_TITLES | digi1.DB:COPIES_VOLUMES | digi1.DB:EDITOR_BOOK | digi1.DB:PUBL_BOOK,MASTER_TITLE_MISSING_RELATIONS_RECOVERED
857,,Missing from available BOOK master records,,,,,,,,,,علاء عباس على,813,,الدار الجامعية,1,,,,,1,857/1/1,A,658.834,17499,0,,,,digi1.DB:BOOK_OTHER_TITLES | digi1.DB:COPIES_VOLUMES | digi1.DB:EDITOR_BOOK | digi1.DB:PUBL_BOOK,MASTER_TITLE_MISSING_RELATIONS_RECOVERED
858,,Missing from available BOOK master records,,,,,,,,,,ريتشارد تونى بى | خالد العامرى,814 | 287,,دار الفاروق للنشر والتوزيع,63,,,,,2,858/1/1 | 858/2/1,A,658.85,17125,0,,,,digi1.DB:BOOK_OTHER_TITLES | digi1.DB:COPIES_VOLUMES | digi1.DB:EDITOR_BOOK | digi1.DB:PUBL_BOOK,MASTER_TITLE_MISSING_RELATIONS_RECOVERED
860,,Missing from available BOOK master records,,,,,,,,,,فريد النجار,1,,الدار الجامعية,1,,,,,2,860/1/1 | 860/2/1,A,338.6,17111,0,,,,digi1.DB:BOOK_OTHER_TITLES | digi1.DB:COPIES_VOLUMES | digi1.DB:EDITOR_BOOK | digi1.DB:PUBL_BOOK,MASTER_TITLE_MISSING_RELATIONS_RECOVERED
861,,Missing from available BOOK master records,,,,,,,,,,محمدى فوزى أبو السعود | احمد رمضان نعمة الله | رمضان محمد مقلد | ايمان عطية ناصف,321 | 93 | 646 | 645,,الدار الجامعية,1,,,,,4,861/1/1 | 861/2/1 | 861/3/1 | 861/4/1,A,333.7,14777 | 14704,0,,,,digi1.DB:BOOK_OTHER_TITLES | digi1.DB:COPIES_VOLUMES | digi1.DB:EDITOR_BOOK | digi1.DB:PUBL_BOOK,MASTER_TITLE_MISSING_RELATIONS_RECOVERED
862,,Missing from available BOOK master records,,,,,,,,,,عبد الرحمن المهنا ابا الخيل | محيى الدين محمود قواس,815 | 816,,دار المريخ,89,,,,,1,862/1/1,A,577,17312,0,,,,digi1.DB:BOOK_OTHER_TITLES | digi1.DB:COPIES_VOLUMES | digi1.DB:EDITOR_BOOK | digi1.DB:PUBL_BOOK,MASTER_TITLE_MISSING_RELATIONS_RECOVERED
863,,Missing from available BOOK master records,,,,,,,,,,محمد عمر حماد ابو دوح,817,,الدار الجامعية,1,,,,,2,863/1/1 | 863/2/1,A,338.9,17476,0,,,,digi1.DB:BOOK_OTHER_TITLES | digi1.DB:COPIES_VOLUMES | digi1.DB:EDITOR_BOOK | digi1.DB:PUBL_BOOK,MASTER_TITLE_MISSING_RELATIONS_RECOVERED
864,,Missing from available BOOK master records,,,,,,,,,,محسن أحمد الخضيرى,20,,مجموعة النيل العربية,40,,,,,3,864/1/1 | 864/2/1 | 864/3/1,A,338.4,14413 | 792,0,,,,digi1.DB:BOOK_OTHER_TITLES | digi1.DB:COPIES_VOLUMES | digi1.DB:EDITOR_BOOK | digi1.DB:PUBL_BOOK,MASTER_TITLE_MISSING_RELATIONS_RECOVERED
865,,Missing from available BOOK master records,,,,,,,,,,رضا عبد السلام,637,,المكتبة العصرية,32,,,,,2,865/1/1 | 865/2/1,A,337.1,16006,0,,,,digi1.DB:BOOK_OTHER_TITLES | digi1.DB:COPIES_VOLUMES | digi1.DB:EDITOR_BOOK | digi1.DB:PUBL_BOOK,MASTER_TITLE_MISSING_RELATIONS_RECOVERED
866,,Missing from available BOOK master records,,,,,,,,,,السيدة إبراهيم مصطفى | احمد رمضان نعمة الله | السيد محمد أحمد السريتى,11 | 93 | 27,,الدار الجامعية,1,,,,,2,866/1/1 | 866/2/1,A,338.9,17134,0,,,,digi1.DB:BOOK_OTHER_TITLES | digi1.DB:COPIES_VOLUMES | digi1.DB:EDITOR_BOOK | digi1.DB:PUBL_BOOK,MASTER_TITLE_MISSING_RELATIONS_RECOVERED
867,,Missing from available BOOK master records,,,,,,,,,,محمد الصيرفى,21,,مؤسسة حورس الدولية,9,,,,,2,867/1/1 | 867/2/1,A,153.35,17555,0,,0,,digi1.DB:BOOK_OTHER_TITLES | digi1.DB:COPIES_VOLUMES | digi1.DB:EDITOR_BOOK | digi1.DB:PUBL_BOOK | digi1.DB:SERIAL_BOOK,MASTER_TITLE_MISSING_RELATIONS_RECOVERED
868,,Missing from available BOOK master records,,,,,,,,,,عبد المنعم عبد القادر الميلادى,818,,مؤسسة شباب الجامعة,53,,,,,1,868/1/1,A,306.461,16055,0,,,,digi1.DB:BOOK_OTHER_TITLES | digi1.DB:COPIES_VOLUMES | digi1.DB:EDITOR_BOOK | digi1.DB:PUBL_BOOK,MASTER_TITLE_MISSING_RELATIONS_RECOVERED
869,,Missing from available BOOK master records,,,,,,,,,,فيليب كوتلر | جارى ارمسترونج,771 | 772,,دار المريخ,89,,,,,1,869/1/1,A,658.8,17567,0,,,,digi1.DB:BOOK_OTHER_TITLES | digi1.DB:COPIES_VOLUMES | digi1.DB:EDITOR_BOOK | digi1.DB:PUBL_BOOK,MASTER_TITLE_MISSING_RELATIONS_RECOVERED
870,,Missing from available BOOK master records,,,,,,,,,,احمد جبر,819,,المكتبة العصرية,32,,,,,2,870/1/1 | 870/2/1,A,658.8,16007 | 17482,0,,,,digi1.DB:BOOK_OTHER_TITLES | digi1.DB:COPIES_VOLUMES | digi1.DB:EDITOR_BOOK | digi1.DB:PUBL_BOOK,MASTER_TITLE_MISSING_RELATIONS_RECOVERED
871,,Missing from available BOOK master records,,,,,,,,,,مكرم عبد المسيح باسيلى,820,,المكتبة العصرية,32,,,,,1,871/1/1,A,332,17308,0,,,,digi1.DB:BOOK_OTHER_TITLES | digi1.DB:COPIES_VOLUMES | digi1.DB:EDITOR_BOOK | digi1.DB:PUBL_BOOK,MASTER_TITLE_MISSING_RELATIONS_RECOVERED
872,,Missing from available BOOK master records,,,,,,,,,,فريد النجار,1,,الدار الجامعية,1,,,,,2,872/1/1 | 872/2/1,A,338.27,16021 | 14858,0,,,,digi1.DB:BOOK_OTHER_TITLES | digi1.DB:COPIES_VOLUMES | digi1.DB:EDITOR_BOOK | digi1.DB:PUBL_BOOK,MASTER_TITLE_MISSING_RELATIONS_RECOVERED
873,,Missing from available BOOK master records,,,,,,,,,,مجموعة خبراء,8,,المنظمة العربية للتنمية الادارية,3,,,,,2,873/1/1 | 873/2/1,A,346.07,15077,0,,,,digi1.DB:BOOK_OTHER_TITLES | digi1.DB:COPIES_VOLUMES | digi1.DB:EDITOR_BOOK | digi1.DB:PUBL_BOOK,MASTER_TITLE_MISSING_RELATIONS_RECOVERED
874,,Missing from available BOOK master records,,,,,,,,,,حلو ابو حلو,821,,الشركة العربية المتحدة للتسويق والتوريدات,39,,,,,1,874/1/1,A,346.620,14640,0,,,,digi1.DB:BOOK_OTHER_TITLES | digi1.DB:COPIES_VOLUMES | digi1.DB:EDITOR_BOOK | digi1.DB:PUBL_BOOK,MASTER_TITLE_MISSING_RELATIONS_RECOVERED
875,,Missing from available BOOK master records,,,,,,,,,,كلسى هسو | توم بورز | سرور على ابراهيم سرور,822 | 823 | 695,,دار المريخ,89,,,,,1,875/1/1,A,658.8,17234,0,,,,digi1.DB:BOOK_OTHER_TITLES | digi1.DB:COPIES_VOLUMES | digi1.DB:EDITOR_BOOK | digi1.DB:PUBL_BOOK,MASTER_TITLE_MISSING_RELATIONS_RECOVERED
876,,Missing from available BOOK master records,,,,,,,,,,محمود عبد المولى,824,,مؤسسة شباب الجامعة,53,,,,,2,876/1/1 | 876/2/1,A,363.73,14388,0,,,,digi1.DB:BOOK_OTHER_TITLES | digi1.DB:COPIES_VOLUMES | digi1.DB:EDITOR_BOOK | digi1.DB:PUBL_BOOK,MASTER_TITLE_MISSING_RELATIONS_RECOVERED
877,,Missing from available BOOK master records,,,,,,,,,,امين السيد احمد لطفى,181,,الدار الجامعية,1,,,,,2,877/1/1 | 877/2/1,A,338.7,14768,0,,,,digi1.DB:BOOK_OTHER_TITLES | digi1.DB:COPIES_VOLUMES | digi1.DB:EDITOR_BOOK | digi1.DB:PUBL_BOOK,MASTER_TITLE_MISSING_RELATIONS_RECOVERED
878,,Missing from available BOOK master records,,,,,,,,,,حسين عبد الحميد رشوان,825,,مؤسسة شباب الجامعة,53,,,,,2,878/1/1 | 878/2/1,A,350,15047 | 14797,0,,,,digi1.DB:BOOK_OTHER_TITLES | digi1.DB:COPIES_VOLUMES | digi1.DB:EDITOR_BOOK | digi1.DB:PUBL_BOOK,MASTER_TITLE_MISSING_RELATIONS_RECOVERED
879,,Missing from available BOOK master records,,,,,,,,,,محمد محمد إبراهيم,78,,الدار الجامعية,1,,,,,2,879/1/1 | 879/2/1,A,658.8,17535,0,,0,,digi1.DB:BOOK_OTHER_TITLES | digi1.DB:COPIES_VOLUMES | digi1.DB:EDITOR_BOOK | digi1.DB:PUBL_BOOK | digi1.DB:SERIAL_BOOK,MASTER_TITLE_MISSING_RELATIONS_RECOVERED
880,,Missing from available BOOK master records,,,,,,,,,,ثابت عبد الرحمن إدريس | جمال الدين محمد مرسى,155 | 75,,الدار الجامعية,1,,,,,1,880/1/1,A,658.8,14416,0,,,,digi1.DB:BOOK_OTHER_TITLES | digi1.DB:COPIES_VOLUMES | digi1.DB:EDITOR_BOOK | digi1.DB:PUBL_BOOK,MASTER_TITLE_MISSING_RELATIONS_RECOVERED
881,,Missing from available BOOK master records,,,,,,,,,,ديفيد فيلبس,826,,دار الفاروق للنشر والتوزيع,63,,,,,2,881/1/1 | 881/2/1,A,659.2,14996,0,,,,digi1.DB:BOOK_OTHER_TITLES | digi1.DB:COPIES_VOLUMES | digi1.DB:EDITOR_BOOK | digi1.DB:PUBL_BOOK,MASTER_TITLE_MISSING_RELATIONS_RECOVERED
882,,Missing from available BOOK master records,,,,,,,,,,برنارد تايلور الثالث | سرور على ابراهيم سرور | محمد يحي عبد الرحمن | عبد المنعم بن ابراهيم العبد المنعم,827 | 695 | 828 | 698,,دار المريخ,89,,,,,2,882/1/1 | 882/1/2,A,350,17303,0,,,,digi1.DB:BOOK_OTHER_TITLES | digi1.DB:COPIES_VOLUMES | digi1.DB:EDITOR_BOOK | digi1.DB:PUBL_BOOK,MASTER_TITLE_MISSING_RELATIONS_RECOVERED
883,,Missing from available BOOK master records,,,,,,,,,,محمدى فوزى أبو السعود,321,,الدار الجامعية,1,,,,,2,883/1/1 | 883/2/1,A,338.5,14404,0,,,,digi1.DB:BOOK_OTHER_TITLES | digi1.DB:COPIES_VOLUMES | digi1.DB:EDITOR_BOOK | digi1.DB:PUBL_BOOK,MASTER_TITLE_MISSING_RELATIONS_RECOVERED
884,,Missing from available BOOK master records,,,,,,,,,,عبد القادر محمد عبد القادر عطية,642,,الدار الجامعية,1,,,,,1,884/1/1,A,338.5,14477,0,,,,digi1.DB:BOOK_OTHER_TITLES | digi1.DB:COPIES_VOLUMES | digi1.DB:EDITOR_BOOK | digi1.DB:PUBL_BOOK,MASTER_TITLE_MISSING_RELATIONS_RECOVERED
885,,Missing from available BOOK master records,,,,,,,,,,طارق فاروق الحصرى,755,,المكتبة العصرية,32,,,,,2,885/1/1 | 885/2/1,A,306.3,17311,0,,,,digi1.DB:BOOK_OTHER_TITLES | digi1.DB:COPIES_VOLUMES | digi1.DB:EDITOR_BOOK | digi1.DB:PUBL_BOOK,MASTER_TITLE_MISSING_RELATIONS_RECOVERED
886,,Missing from available BOOK master records,,,,,,,,,,سمير محمود,829,,دار الفجر للنشر والتوزيع,54,,,,,1,886/1/1,A,306.42,17175,0,,,,digi1.DB:BOOK_OTHER_TITLES | digi1.DB:COPIES_VOLUMES | digi1.DB:EDITOR_BOOK | digi1.DB:PUBL_BOOK,MASTER_TITLE_MISSING_RELATIONS_RECOVERED
887,,Missing from available BOOK master records,,,,,,,,,,عبد الغفار حنفى,164,,الدار الجامعية,1,,,,,4,887/1/1 | 887/2/1 | 887/3/1 | 887/4/1,A,332.6,14166 | 14491,0,,,,digi1.DB:BOOK_OTHER_TITLES | digi1.DB:COPIES_VOLUMES | digi1.DB:EDITOR_BOOK | digi1.DB:PUBL_BOOK,MASTER_TITLE_MISSING_RELATIONS_RECOVERED
888,,Missing from available BOOK master records,,,,,,,,,,نادر شعبان إبراهيم السواح | ثناء على القبانى,830 | 831,,الدار الجامعية,1,,,,,2,888/1/1 | 888/2/1,A,332.4,14810,0,,,,digi1.DB:BOOK_OTHER_TITLES | digi1.DB:COPIES_VOLUMES | digi1.DB:EDITOR_BOOK | digi1.DB:PUBL_BOOK,MASTER_TITLE_MISSING_RELATIONS_RECOVERED
889,,Missing from available BOOK master records,,,,,,,,,,برايان كويل,649,,دار الفاروق للنشر والتوزيع,63,,,,,1,889/1/1,A,332.7,,0,,0,,digi1.DB:BOOK_OTHER_TITLES | digi1.DB:COPIES_VOLUMES | digi1.DB:EDITOR_BOOK | digi1.DB:PUBL_BOOK | digi1.DB:SERIAL_BOOK,MASTER_TITLE_MISSING_RELATIONS_RECOVERED
891,,Missing from available BOOK master records,,,,,,,,,,بهاجيراث لال داس | رضا عبد السلام | السيد احمد عبد الخالق,832 | 637 | 660,,دار المريخ,89,,,,,1,891/1/1,A,382,14625,0,,,,digi1.DB:BOOK_OTHER_TITLES | digi1.DB:COPIES_VOLUMES | digi1.DB:EDITOR_BOOK | digi1.DB:PUBL_BOOK,MASTER_TITLE_MISSING_RELATIONS_RECOVERED
892,,Missing from available BOOK master records,,,,,,,,,,خالد عبد العليم السيد عوض,834,,إيتراك للطباعة والنشر والتوزيع,10,,,,,1,892/1/1,A,336.2,17150,0,,,,digi1.DB:BOOK_OTHER_TITLES | digi1.DB:COPIES_VOLUMES | digi1.DB:EDITOR_BOOK | digi1.DB:PUBL_BOOK,MASTER_TITLE_MISSING_RELATIONS_RECOVERED
893,,Missing from available BOOK master records,,,,,,,,,,مورد خاى كريانين | محمد إبراهيم منصور | على مسعود عطية,835 | 836 | 837,,دار المريخ,89,,,,,2,893/1/1 | 893/2/1,A,382.6,17305,0,,,,digi1.DB:BOOK_OTHER_TITLES | digi1.DB:COPIES_VOLUMES | digi1.DB:EDITOR_BOOK | digi1.DB:PUBL_BOOK,MASTER_TITLE_MISSING_RELATIONS_RECOVERED
894,,Missing from available BOOK master records,,,,,,,,,,آلان وارنج | إيان جليندون | سرور على ابراهيم سرور | عبد المرضى حامد عزام | عبد المنعم بن ابراهيم العبد المنعم,838 | 839 | 695 | 697 | 698,,دار المريخ,89,,,,,1,894/1/1,A,658.4,17314,0,,,,digi1.DB:BOOK_OTHER_TITLES | digi1.DB:COPIES_VOLUMES | digi1.DB:EDITOR_BOOK | digi1.DB:PUBL_BOOK,MASTER_TITLE_MISSING_RELATIONS_RECOVERED
895,,Missing from available BOOK master records,,,,,,,,,,الهيئة المصرية للرقابة على التأمين,840,,الهيئة المصرية للرقابة على التأمين,99,,,,,2,895/1/1 | 895/2/1,A,382.91,17317,0,,,,digi1.DB:BOOK_OTHER_TITLES | digi1.DB:COPIES_VOLUMES | digi1.DB:EDITOR_BOOK | digi1.DB:PUBL_BOOK,MASTER_TITLE_MISSING_RELATIONS_RECOVERED
896,,Missing from available BOOK master records,,,,,,,,,,توم بورز | خالد العامرى,823 | 287,,دار الفاروق للاستثمارات الثقافية,47,,,,,2,896/1/1 | 896/2/1,A,382.9,17409,0,,,,digi1.DB:BOOK_OTHER_TITLES | digi1.DB:COPIES_VOLUMES | digi1.DB:EDITOR_BOOK | digi1.DB:PUBL_BOOK,MASTER_TITLE_MISSING_RELATIONS_RECOVERED
897,,Missing from available BOOK master records,,,,,,,,,,عبد الرحمن يسرى أحمد | ايمان عطية ناصف | ايمان محب زكى | محمد جابر حسن,26 | 645 | 841 | 842,,الدار الجامعية,1,,,,,2,897/1/1 | 897/2/1,A,337,14702,0,,,,digi1.DB:BOOK_OTHER_TITLES | digi1.DB:COPIES_VOLUMES | digi1.DB:EDITOR_BOOK | digi1.DB:PUBL_BOOK,MASTER_TITLE_MISSING_RELATIONS_RECOVERED
898,,Missing from available BOOK master records,,,,,,,,,,سيد محمد جاد الرب,168,,المؤلف,8,,,,,1,898/1/1,A,658.3,17508,0,,,,digi1.DB:BOOK_OTHER_TITLES | digi1.DB:COPIES_VOLUMES | digi1.DB:EDITOR_BOOK | digi1.DB:PUBL_BOOK,MASTER_TITLE_MISSING_RELATIONS_RECOVERED
899,,Missing from available BOOK master records,,,,,,,,,,جورج لويس,843,,دار الفاروق للنشر والتوزيع,63,,,,,1,899/1/1,A,658.8,16014,0,,,,digi1.DB:BOOK_OTHER_TITLES | digi1.DB:COPIES_VOLUMES | digi1.DB:EDITOR_BOOK | digi1.DB:PUBL_BOOK,MASTER_TITLE_MISSING_RELATIONS_RECOVERED
900,,Missing from available BOOK master records,,,,,,,,,,احمد عرفة | سمية شلبى,844 | 845,,المؤلف,8,,,,,3,900/1/1 | 900/2/1 | 900/3/1,A,658.8,14818,0,,,,digi1.DB:BOOK_OTHER_TITLES | digi1.DB:COPIES_VOLUMES | digi1.DB:EDITOR_BOOK | digi1.DB:PUBL_BOOK,MASTER_TITLE_MISSING_RELATIONS_RECOVERED
901,,Missing from available BOOK master records,,,,,,,,,,محمد بن مسلم الردادى,846,,المنظمة العربية للتنمية الادارية,3,,,,,1,901/1/1,A,332.121,14522,0,,,,digi1.DB:BOOK_OTHER_TITLES | digi1.DB:COPIES_VOLUMES | digi1.DB:EDITOR_BOOK | digi1.DB:PUBL_BOOK,MASTER_TITLE_MISSING_RELATIONS_RECOVERED
902,,Missing from available BOOK master records,,,,,,,,,,مروة احمد | نسيم برهم,325 | 449,,الشركة العربية المتحدة للتسويق والتوريدات,39,,,,,2,902/1/1 | 902/2/1,A,658.404,17443,0,,,,digi1.DB:BOOK_OTHER_TITLES | digi1.DB:COPIES_VOLUMES | digi1.DB:EDITOR_BOOK | digi1.DB:PUBL_BOOK,MASTER_TITLE_MISSING_RELATIONS_RECOVERED
903,,Missing from available BOOK master records,,,,,,,,,,عبد المطلب عبد الحميد,77,,الدار الجامعية,1,,,,,2,903/1/1 | 903/2/1,A,332,17615,0,,,,digi1.DB:BOOK_OTHER_TITLES | digi1.DB:COPIES_VOLUMES | digi1.DB:EDITOR_BOOK | digi1.DB:PUBL_BOOK,MASTER_TITLE_MISSING_RELATIONS_RECOVERED
904,,Missing from available BOOK master records,,,,,,,,,,محمد محمود يوسف,847,,المنظمة العربية للتنمية الادارية,3,,,,,2,904/1/1 | 904/2/1,A,658.15,14786,0,,,,digi1.DB:BOOK_OTHER_TITLES | digi1.DB:COPIES_VOLUMES | digi1.DB:EDITOR_BOOK | digi1.DB:PUBL_BOOK,MASTER_TITLE_MISSING_RELATIONS_RECOVERED
905,,Missing from available BOOK master records,,,,,,,,,,محمد احمد حسان,422,,الدار الجامعية,1,,,,,2,905/1/1 | 905/2/1,A,658,17253,0,,,,digi1.DB:BOOK_OTHER_TITLES | digi1.DB:COPIES_VOLUMES | digi1.DB:EDITOR_BOOK | digi1.DB:PUBL_BOOK,MASTER_TITLE_MISSING_RELATIONS_RECOVERED
906,,Missing from available BOOK master records,,,,,,,,,,محمد صالح الحناوى | اسماعيل السيد,753 | 848,,الدار الجامعية,1,,,,,2,906/1/1 | 906/2/1,A,658,14636,0,,,,digi1.DB:BOOK_OTHER_TITLES | digi1.DB:COPIES_VOLUMES | digi1.DB:EDITOR_BOOK | digi1.DB:PUBL_BOOK,MASTER_TITLE_MISSING_RELATIONS_RECOVERED
907,,Missing from available BOOK master records,,,,,,,,,,منير ابراهيم هندى,849,,المكتب العربى الحديث,100,,,,,1,907/1/1,A,658.15,15091,0,,,,digi1.DB:BOOK_OTHER_TITLES | digi1.DB:COPIES_VOLUMES | digi1.DB:EDITOR_BOOK | digi1.DB:PUBL_BOOK,MASTER_TITLE_MISSING_RELATIONS_RECOVERED
908,,Missing from available BOOK master records,,,,,,,,,,السيد عليوه,1097,,إيتراك للطباعة والنشر والتوزيع,10,,,,,0,,,,,0,,,,digi1.DB:BOOK_OTHER_TITLES | digi1.DB:EDITOR_BOOK | digi1.DB:PUBL_BOOK,MASTER_TITLE_MISSING_RELATIONS_RECOVERED
909,,Missing from available BOOK master records,,,,,,,,,,خبراء المنظمة العربية للتنمية الادارية,852,,المنظمة العربية للتنمية الادارية,3,,,,,2,909/1/1 | 909/2/1,A,382,15078,0,,,,digi1.DB:BOOK_OTHER_TITLES | digi1.DB:COPIES_VOLUMES | digi1.DB:EDITOR_BOOK | digi1.DB:PUBL_BOOK,MASTER_TITLE_MISSING_RELATIONS_RECOVERED
910,,Missing from available BOOK master records,,,,,,,,,,برايان كويل,649,,دار الفاروق للنشر والتوزيع,63,,,,,2,910/1/1 | 910/2/1,A,332.1,14717,0,,0,,digi1.DB:BOOK_OTHER_TITLES | digi1.DB:COPIES_VOLUMES | digi1.DB:EDITOR_BOOK | digi1.DB:PUBL_BOOK | digi1.DB:SERIAL_BOOK,MASTER_TITLE_MISSING_RELATIONS_RECOVERED
911,,Missing from available BOOK master records,,,,,,,,,,خبراء المنظمة العربية للتنمية الادارية | عبد القادر فتحى لاشين,852 | 854,,المنظمة العربية للتنمية الادارية,3,,,,,2,911/1/1 | 911/2/1,A,382,14627,0,,,,digi1.DB:BOOK_OTHER_TITLES | digi1.DB:COPIES_VOLUMES | digi1.DB:EDITOR_BOOK | digi1.DB:PUBL_BOOK,MASTER_TITLE_MISSING_RELATIONS_RECOVERED
912,,Missing from available BOOK master records,,,,,,,,,,عبد المطلب عبد الحميد,77,,الدار الجامعية,1,,,,,1,912/1/1,A,382,14393,0,,,,digi1.DB:BOOK_OTHER_TITLES | digi1.DB:COPIES_VOLUMES | digi1.DB:EDITOR_BOOK | digi1.DB:PUBL_BOOK,MASTER_TITLE_MISSING_RELATIONS_RECOVERED
913,,Missing from available BOOK master records,,,,,,,,,,بهاجيراث لال داس | أحمد يوسف الشحات | السيد احمد عبد الخالق,832 | 855 | 660,,دار المريخ,89,,,,,2,913/1/1 | 913/2/1,A,382,14631,0,,,,digi1.DB:BOOK_OTHER_TITLES | digi1.DB:COPIES_VOLUMES | digi1.DB:EDITOR_BOOK | digi1.DB:PUBL_BOOK,MASTER_TITLE_MISSING_RELATIONS_RECOVERED
914,,Missing from available BOOK master records,,,,,,,,,,صلاح عباس,647,,مؤسسة شباب الجامعة,53,,,,,2,914/1/1 | 914/2/1,A,382,17449,0,,,,digi1.DB:BOOK_OTHER_TITLES | digi1.DB:COPIES_VOLUMES | digi1.DB:EDITOR_BOOK | digi1.DB:PUBL_BOOK,MASTER_TITLE_MISSING_RELATIONS_RECOVERED
915,,Missing from available BOOK master records,,,,,,,,,,زينب جابر سالم,856,,دار الوفاء لدنيا الطباعة والنشر,64,,,,,1,915/1/1,A,382.9,17191,0,,,,digi1.DB:BOOK_OTHER_TITLES | digi1.DB:COPIES_VOLUMES | digi1.DB:EDITOR_BOOK | digi1.DB:PUBL_BOOK,MASTER_TITLE_MISSING_RELATIONS_RECOVERED
916,,Missing from available BOOK master records,,,,,,,,,,طارق عبد العال حماد,330,,الدار الجامعية,1,,,,,2,916/1/1 | 916/2/1,A,658.15,14496,0,,,,digi1.DB:BOOK_OTHER_TITLES | digi1.DB:COPIES_VOLUMES | digi1.DB:EDITOR_BOOK | digi1.DB:PUBL_BOOK,MASTER_TITLE_MISSING_RELATIONS_RECOVERED
917,,Missing from available BOOK master records,,,,,,,,,,سعيد عبد العزيز عثمان,752,,الدار الجامعية,1,,,,,2,917/1/1 | 917/2/1,A,336.2,17235,0,,,,digi1.DB:BOOK_OTHER_TITLES | digi1.DB:COPIES_VOLUMES | digi1.DB:EDITOR_BOOK | digi1.DB:PUBL_BOOK,MASTER_TITLE_MISSING_RELATIONS_RECOVERED
918,,Missing from available BOOK master records,,,,,,,,,,محمد فتحى البديوى,857,,المكتبة الاكاديمية,2,,,,,1,918/1/1,A,332.642,16051,0,,0,,digi1.DB:BOOK_OTHER_TITLES | digi1.DB:COPIES_VOLUMES | digi1.DB:EDITOR_BOOK | digi1.DB:PUBL_BOOK | digi1.DB:SERIAL_BOOK,MASTER_TITLE_MISSING_RELATIONS_RECOVERED
919,,Missing from available BOOK master records,,,,,,,,,,جمال الدين محمد مرسى | أحمد عبد الله اللحلح,75 | 719,,الدار الجامعية,1,,,,,2,919/1/1 | 919/2/1,A,658.15,14962,0,,,,digi1.DB:BOOK_OTHER_TITLES | digi1.DB:COPIES_VOLUMES | digi1.DB:EDITOR_BOOK | digi1.DB:PUBL_BOOK,MASTER_TITLE_MISSING_RELATIONS_RECOVERED
920,,Missing from available BOOK master records,,,,,,,,,,محمد سامى راضى | وجدى حامد حجازى,858 | 859,,الدار الجامعية,1,,,,,2,920/1/1 | 920/2/1,A,658.15,14758,0,,,,digi1.DB:BOOK_OTHER_TITLES | digi1.DB:COPIES_VOLUMES | digi1.DB:EDITOR_BOOK | digi1.DB:PUBL_BOOK,MASTER_TITLE_MISSING_RELATIONS_RECOVERED
921,,Missing from available BOOK master records,,,,,,,,,,مكرم عبد المسيح باسيلى,820,,المكتبة العصرية,32,,,,,2,921/1/1 | 921/2/1,A,658.151,17431,0,,,,digi1.DB:BOOK_OTHER_TITLES | digi1.DB:COPIES_VOLUMES | digi1.DB:EDITOR_BOOK | digi1.DB:PUBL_BOOK,MASTER_TITLE_MISSING_RELATIONS_RECOVERED
922,,Missing from available BOOK master records,,,,,,,,,,منير ابراهيم هندى,849,,منشأة المعارف,98,,,,,1,922/1/1,A,658.15,15093,0,,0,,digi1.DB:BOOK_OTHER_TITLES | digi1.DB:COPIES_VOLUMES | digi1.DB:EDITOR_BOOK | digi1.DB:PUBL_BOOK | digi1.DB:SERIAL_BOOK,MASTER_TITLE_MISSING_RELATIONS_RECOVERED
923,,Missing from available BOOK master records,,,,,,,,,,عاطف وليم اندراوس,860,,مؤسسة شباب الجامعة,53,,,,,2,923/1/1 | 923/2/1,A,338.5,14382,0,,,,digi1.DB:BOOK_OTHER_TITLES | digi1.DB:COPIES_VOLUMES | digi1.DB:EDITOR_BOOK | digi1.DB:PUBL_BOOK,MASTER_TITLE_MISSING_RELATIONS_RECOVERED
924,,Missing from available BOOK master records,,,,,,,,,,عبد المطلب عبد الحميد,77,,الدار الجامعية,1,,,,,2,924/1/1 | 924/2/1,A,382,17117,0,,,,digi1.DB:BOOK_OTHER_TITLES | digi1.DB:COPIES_VOLUMES | digi1.DB:EDITOR_BOOK | digi1.DB:PUBL_BOOK,MASTER_TITLE_MISSING_RELATIONS_RECOVERED
925,,Missing from available BOOK master records,,,,,,,,,,عايدة سيد خطاب | فداء محمد ناصر | ايمن حسن ديوب,69 | 861 | 862,,المؤلف,8,,,,,1,925/1/1,A,658.3,16024,0,,,,digi1.DB:BOOK_OTHER_TITLES | digi1.DB:COPIES_VOLUMES | digi1.DB:EDITOR_BOOK | digi1.DB:PUBL_BOOK,MASTER_TITLE_MISSING_RELATIONS_RECOVERED
926,,Missing from available BOOK master records,,,,,,,,,,على غربى | اسماعيل قيرة | بلقاسم سلاطنية,863 | 864 | 865,,دار الفجر للنشر والتوزيع,54,,,,,2,926/1/1 | 926/2/1,A,658.3,17337,0,,,,digi1.DB:BOOK_OTHER_TITLES | digi1.DB:COPIES_VOLUMES | digi1.DB:EDITOR_BOOK | digi1.DB:PUBL_BOOK,MASTER_TITLE_MISSING_RELATIONS_RECOVERED
927,,Missing from available BOOK master records,,,,,,,,,,سيد محمد جاد الرب,168,,المؤلف,8,,,,,2,927/1/1 | 927/2/1,A,658.4,17219,0,,,,digi1.DB:BOOK_OTHER_TITLES | digi1.DB:COPIES_VOLUMES | digi1.DB:EDITOR_BOOK | digi1.DB:PUBL_BOOK,MASTER_TITLE_MISSING_RELATIONS_RECOVERED
928,,Missing from available BOOK master records,,,,,,,,,,ممدوح سعد الدوسرى,866,,دار التأصيل للبحث والترجمة,101,,,,,2,928/1/1 | 928/2/1,A,658.041,17672,0,,,,digi1.DB:BOOK_OTHER_TITLES | digi1.DB:COPIES_VOLUMES | digi1.DB:EDITOR_BOOK | digi1.DB:PUBL_BOOK,MASTER_TITLE_MISSING_RELATIONS_RECOVERED
929,,Missing from available BOOK master records,,,,,,,,,,عايدة سيد خطاب,69,,المؤلف,8,,,,,1,929/1/1,A,658.4,14472,0,,,,digi1.DB:BOOK_OTHER_TITLES | digi1.DB:COPIES_VOLUMES | digi1.DB:EDITOR_BOOK | digi1.DB:PUBL_BOOK,MASTER_TITLE_MISSING_RELATIONS_RECOVERED
930,,Missing from available BOOK master records,,,,,,,,,,أحمد ماهر,918,,الدار الجامعية,1,,,,,1,930/1/1,A,658.3,14848,0,,,,digi1.DB:BOOK_OTHER_TITLES | digi1.DB:COPIES_VOLUMES | digi1.DB:EDITOR_BOOK | digi1.DB:PUBL_BOOK,MASTER_TITLE_MISSING_RELATIONS_RECOVERED
931,,Missing from available BOOK master records,,,,,,,,,,مدحت محمد ابو النصر,83,,دار الفجر للنشر والتوزيع,54,,,,,1,931/1/1,A,658.312,17256,0,,,,digi1.DB:BOOK_OTHER_TITLES | digi1.DB:COPIES_VOLUMES | digi1.DB:EDITOR_BOOK | digi1.DB:PUBL_BOOK,MASTER_TITLE_MISSING_RELATIONS_RECOVERED
932,,Missing from available BOOK master records,,,,,,,,,,يحيى ملحم,867,,المنظمة العربية للتنمية الادارية,3,,,,,1,932/1/1,A,658.315,15076,0,,,,digi1.DB:BOOK_OTHER_TITLES | digi1.DB:COPIES_VOLUMES | digi1.DB:EDITOR_BOOK | digi1.DB:PUBL_BOOK,MASTER_TITLE_MISSING_RELATIONS_RECOVERED
933,,Missing from available BOOK master records,,,,,,,,,,سيد محمد جاد الرب,168,,المؤلف,8,,,,,2,933/1/1 | 933/2/1,A,658.3,17519,0,,,,digi1.DB:BOOK_OTHER_TITLES | digi1.DB:COPIES_VOLUMES | digi1.DB:EDITOR_BOOK | digi1.DB:PUBL_BOOK,MASTER_TITLE_MISSING_RELATIONS_RECOVERED
934,,Missing from available BOOK master records,,,,,,,,,,سعد الدين محمد عشماوى,200,,دار المريخ,89,,,,,1,934/1/1,A,388,14817,0,,,,digi1.DB:BOOK_OTHER_TITLES | digi1.DB:COPIES_VOLUMES | digi1.DB:EDITOR_BOOK | digi1.DB:PUBL_BOOK,MASTER_TITLE_MISSING_RELATIONS_RECOVERED
935,,Missing from available BOOK master records,,,,,,,,,,يلمظ اكيوز | احمد بديع بليح | السيد احمد عبد الخالق,850 | 851 | 660,,دار المريخ,89,,,,,2,935/1/1 | 935/2/1,A,382,15038,0,,,,digi1.DB:BOOK_OTHER_TITLES | digi1.DB:COPIES_VOLUMES | digi1.DB:EDITOR_BOOK | digi1.DB:PUBL_BOOK,MASTER_TITLE_MISSING_RELATIONS_RECOVERED
936,,Missing from available BOOK master records,,,,,,,,,,شريف محمد ماهر,868,,الدار الجامعية,1,,,,,1,936/1/1,A,388,16022,0,,,,digi1.DB:BOOK_OTHER_TITLES | digi1.DB:COPIES_VOLUMES | digi1.DB:EDITOR_BOOK | digi1.DB:PUBL_BOOK,MASTER_TITLE_MISSING_RELATIONS_RECOVERED
937,,Missing from available BOOK master records,,,,,,,,,,عبد الغفار حنفى,164,,الدار الجامعية,1,,,,,2,937/1/1 | 937/2/1,A,658.15,14946,0,,,,digi1.DB:BOOK_OTHER_TITLES | digi1.DB:COPIES_VOLUMES | digi1.DB:EDITOR_BOOK | digi1.DB:PUBL_BOOK,MASTER_TITLE_MISSING_RELATIONS_RECOVERED
938,,Missing from available BOOK master records,,,,,,,,,,المرسى السيد حجازى,166,,الدار الجامعية,1,,,,,2,938/1/1 | 938/2/1,A,658.154,17529,0,,,,digi1.DB:BOOK_OTHER_TITLES | digi1.DB:COPIES_VOLUMES | digi1.DB:EDITOR_BOOK | digi1.DB:PUBL_BOOK,MASTER_TITLE_MISSING_RELATIONS_RECOVERED
939,,Missing from available BOOK master records,,,,,,,,,,محمد ممتاز,208,,دار الفاروق للاستثمارات الثقافية,47,,,,,1,939/1/1,A,382.026,17170,0,,,,digi1.DB:BOOK_OTHER_TITLES | digi1.DB:COPIES_VOLUMES | digi1.DB:EDITOR_BOOK | digi1.DB:PUBL_BOOK,MASTER_TITLE_MISSING_RELATIONS_RECOVERED
940,,Missing from available BOOK master records,,,,,,,,,,فريد النجار,1,,الدار الجامعية,1,,,,,1,940/1/1,A,382.6,17380,0,,,,digi1.DB:BOOK_OTHER_TITLES | digi1.DB:COPIES_VOLUMES | digi1.DB:EDITOR_BOOK | digi1.DB:PUBL_BOOK,MASTER_TITLE_MISSING_RELATIONS_RECOVERED
941,,Missing from available BOOK master records,,,,,,,,,,ابراهيم مختار,869,,المؤلف,8,,,,,1,941/1/1,A,332.1,16016,0,,,,digi1.DB:BOOK_OTHER_TITLES | digi1.DB:COPIES_VOLUMES | digi1.DB:EDITOR_BOOK | digi1.DB:PUBL_BOOK,MASTER_TITLE_MISSING_RELATIONS_RECOVERED
942,,Missing from available BOOK master records,,,,,,,,,,بلقاسم سلاطنية | اسماعيل قيرة,865 | 864,,دار الفجر للنشر والتوزيع,54,,,,,1,942/1/1,A,658.1,17402,0,,,,digi1.DB:BOOK_OTHER_TITLES | digi1.DB:COPIES_VOLUMES | digi1.DB:EDITOR_BOOK | digi1.DB:PUBL_BOOK,MASTER_TITLE_MISSING_RELATIONS_RECOVERED
943,,Missing from available BOOK master records,,,,,,,,,,أحمد محمد غنيم,146,,المكتبة العصرية,32,,,,,2,943/1/1 | 943/2/1,A,658.15,17430,0,,,,digi1.DB:BOOK_OTHER_TITLES | digi1.DB:COPIES_VOLUMES | digi1.DB:EDITOR_BOOK | digi1.DB:PUBL_BOOK,MASTER_TITLE_MISSING_RELATIONS_RECOVERED
944,,Missing from available BOOK master records,,,,,,,,,,صلاح عباس,647,,مؤسسة شباب الجامعة,53,,,,,1,944/1/1,A,658.15,14374,0,,,,digi1.DB:BOOK_OTHER_TITLES | digi1.DB:COPIES_VOLUMES | digi1.DB:EDITOR_BOOK | digi1.DB:PUBL_BOOK,MASTER_TITLE_MISSING_RELATIONS_RECOVERED
945,,Missing from available BOOK master records,,,,,,,,,,احمد حسين على حسنين,870,,الدار الجامعية,1,,,,,1,945/1/1,A,658.151,17172,0,,,,digi1.DB:BOOK_OTHER_TITLES | digi1.DB:COPIES_VOLUMES | digi1.DB:EDITOR_BOOK | digi1.DB:PUBL_BOOK,MASTER_TITLE_MISSING_RELATIONS_RECOVERED
946,,Missing from available BOOK master records,,,,,,,,,,محمد الصيرفى,21,,مؤسسة حورس الدولية,9,,,,,2,946/1/1 | 946/2/1,A,658.312,17549,0,,,,digi1.DB:BOOK_OTHER_TITLES | digi1.DB:COPIES_VOLUMES | digi1.DB:EDITOR_BOOK | digi1.DB:PUBL_BOOK,MASTER_TITLE_MISSING_RELATIONS_RECOVERED
947,,Missing from available BOOK master records,,,,,,,,,,حسين عبد الله,378,,دار النهضة العربية,28,,,,,1,947/1/1,A,338.27,14449,0,,,,digi1.DB:BOOK_OTHER_TITLES | digi1.DB:COPIES_VOLUMES | digi1.DB:EDITOR_BOOK | digi1.DB:PUBL_BOOK,MASTER_TITLE_MISSING_RELATIONS_RECOVERED
948,,Missing from available BOOK master records,,,,,,,,,,عبد الغفار حنفى,164,,الدار الجامعية,1,,,,,1,948/1/1,A,658.15,14766,0,,,,digi1.DB:BOOK_OTHER_TITLES | digi1.DB:COPIES_VOLUMES | digi1.DB:EDITOR_BOOK | digi1.DB:PUBL_BOOK,MASTER_TITLE_MISSING_RELATIONS_RECOVERED
949,,Missing from available BOOK master records,,,,,,,,,,مصطفى محمود ابو بكر | فهد بن عبد الله النعيم,76 | 871,,الدار الجامعية,1,,,,,3,949/1/1 | 949/2/1 | 949/3/1,A,658.401,17164 | 17532,0,,,,digi1.DB:BOOK_OTHER_TITLES | digi1.DB:COPIES_VOLUMES | digi1.DB:EDITOR_BOOK | digi1.DB:PUBL_BOOK,MASTER_TITLE_MISSING_RELATIONS_RECOVERED
950,,Missing from available BOOK master records,,,,,,,,,,رجب عبد الحميد,28,,المؤلف,8,,,,,2,950/1/1 | 950/2/1,A,658.405,17141,0,,,,digi1.DB:BOOK_OTHER_TITLES | digi1.DB:COPIES_VOLUMES | digi1.DB:EDITOR_BOOK | digi1.DB:PUBL_BOOK,MASTER_TITLE_MISSING_RELATIONS_RECOVERED
951,,Missing from available BOOK master records,,,,,,,,,,فريد النجار,1,,الدار الجامعية,1,,,,,1,951/1/1,A,658.403,17735,0,,,,digi1.DB:BOOK_OTHER_TITLES | digi1.DB:COPIES_VOLUMES | digi1.DB:EDITOR_BOOK | digi1.DB:PUBL_BOOK,MASTER_TITLE_MISSING_RELATIONS_RECOVERED
952,,Missing from available BOOK master records,,,,,,,,,,محمد حافظ حجازى,559,,دار الوفاء لدنيا الطباعة والنشر,64,,,,,1,952/1/1,A,658.3,17389,0,,,,digi1.DB:BOOK_OTHER_TITLES | digi1.DB:COPIES_VOLUMES | digi1.DB:EDITOR_BOOK | digi1.DB:PUBL_BOOK,MASTER_TITLE_MISSING_RELATIONS_RECOVERED
953,,Missing from available BOOK master records,,,,,,,,,,عبد الحميد عبد الفتاح المغربى | صفاء احمد الشربينى,301 | 872,,كلية التجارة - جامعة المنصورة,23,,,,,1,953/1/1,A,658.3,17293,0,,,,digi1.DB:BOOK_OTHER_TITLES | digi1.DB:COPIES_VOLUMES | digi1.DB:EDITOR_BOOK | digi1.DB:PUBL_BOOK,MASTER_TITLE_MISSING_RELATIONS_RECOVERED
954,,Missing from available BOOK master records,,,,,,,,,,بميك | عبد الرحمن توفيق,710 | 10,,مركز الخبرات المهنية للادارة (بميك),6,,,,,2,954/1/1 | 954/2/1,A,658.4,14688,0,,,,digi1.DB:BOOK_OTHER_TITLES | digi1.DB:COPIES_VOLUMES | digi1.DB:EDITOR_BOOK | digi1.DB:PUBL_BOOK,MASTER_TITLE_MISSING_RELATIONS_RECOVERED
955,,Missing from available BOOK master records,,,,,,,,,,احمد حسين على حسنين,870,,الدار الجامعية,1,,,,,1,955/1/1,A,004.2,14707,0,,,,digi1.DB:BOOK_OTHER_TITLES | digi1.DB:COPIES_VOLUMES | digi1.DB:EDITOR_BOOK | digi1.DB:PUBL_BOOK,MASTER_TITLE_MISSING_RELATIONS_RECOVERED
956,,Missing from available BOOK master records,,,,,,,,,,محمد على احمد قطب,873,,إيتراك للطباعة والنشر والتوزيع,10,,,,,2,956/1/1 | 956/2/1,A,343,14908,0,,,,digi1.DB:BOOK_OTHER_TITLES | digi1.DB:COPIES_VOLUMES | digi1.DB:EDITOR_BOOK | digi1.DB:PUBL_BOOK,MASTER_TITLE_MISSING_RELATIONS_RECOVERED
957,,Missing from available BOOK master records,,,,,,,,,,محمد سليم العوّا,874,,المركز العربى للتحكيم,102,,,,,1,957/1/1,A,347.09,17188,0,,,,digi1.DB:BOOK_OTHER_TITLES | digi1.DB:COPIES_VOLUMES | digi1.DB:EDITOR_BOOK | digi1.DB:PUBL_BOOK,MASTER_TITLE_MISSING_RELATIONS_RECOVERED
958,,Missing from available BOOK master records,,,,,,,,,,رجب عبد الحميد,28,,المعهد العالى للاقتصاد والعلوم السياسية,103,,,,,2,958/1/1 | 958/2/1,A,340,17244,0,,,,digi1.DB:BOOK_OTHER_TITLES | digi1.DB:COPIES_VOLUMES | digi1.DB:EDITOR_BOOK | digi1.DB:PUBL_BOOK,MASTER_TITLE_MISSING_RELATIONS_RECOVERED
959,,Missing from available BOOK master records,,,,,,,,,,بركات موسى الحواتى,875,,المنظمة العربية للتنمية الادارية,3,,,,,1,959/1/1,A,342.06,17691,0,,,,digi1.DB:BOOK_OTHER_TITLES | digi1.DB:COPIES_VOLUMES | digi1.DB:EDITOR_BOOK | digi1.DB:PUBL_BOOK,MASTER_TITLE_MISSING_RELATIONS_RECOVERED
960,,Missing from available BOOK master records,,,,,,,,,,مصطفى غنيم,673,,مؤسسة حورس الدولية,9,,,,,1,960/1/1,A,342.066,17600,0,,,,digi1.DB:BOOK_OTHER_TITLES | digi1.DB:COPIES_VOLUMES | digi1.DB:EDITOR_BOOK | digi1.DB:PUBL_BOOK,MASTER_TITLE_MISSING_RELATIONS_RECOVERED
961,,Missing from available BOOK master records,,,,,,,,,,محمود محمد على صبره,876,,مكتب صبره للترجمة القانونية,104,,,,,1,961/1/1,A,346.02,14906,0,,,,digi1.DB:BOOK_OTHER_TITLES | digi1.DB:COPIES_VOLUMES | digi1.DB:EDITOR_BOOK | digi1.DB:PUBL_BOOK,MASTER_TITLE_MISSING_RELATIONS_RECOVERED
962,,Missing from available BOOK master records,,,,,,,,,,السيد مصطفى احمد ابو الخير,877,,إيتراك للطباعة والنشر والتوزيع,10,,,,,1,962/1/1,A,346.02,17148,0,,,,digi1.DB:BOOK_OTHER_TITLES | digi1.DB:COPIES_VOLUMES | digi1.DB:EDITOR_BOOK | digi1.DB:PUBL_BOOK,MASTER_TITLE_MISSING_RELATIONS_RECOVERED
963,,Missing from available BOOK master records,,,,,,,,,,سعيد السيد على,129,,المؤلف,8,,,,,2,963/1/1 | 963/2/1,A,346.02,14907,0,,,,digi1.DB:BOOK_OTHER_TITLES | digi1.DB:COPIES_VOLUMES | digi1.DB:EDITOR_BOOK | digi1.DB:PUBL_BOOK,MASTER_TITLE_MISSING_RELATIONS_RECOVERED
964,,Missing from available BOOK master records,,,,,,,,,,احمد محمد موسى,878,,المكتبة العصرية,32,,,,,2,964/1/1 | 964/2/1,A,659.2,17319,0,,,,digi1.DB:BOOK_OTHER_TITLES | digi1.DB:COPIES_VOLUMES | digi1.DB:EDITOR_BOOK | digi1.DB:PUBL_BOOK,MASTER_TITLE_MISSING_RELATIONS_RECOVERED
965,,Missing from available BOOK master records,,,,,,,,,,ايمن على عمر,686,,الدار الجامعية,1,,,,,2,965/1/1 | 965/2/1,A,658.8,15007,0,,,,digi1.DB:BOOK_OTHER_TITLES | digi1.DB:COPIES_VOLUMES | digi1.DB:EDITOR_BOOK | digi1.DB:PUBL_BOOK,MASTER_TITLE_MISSING_RELATIONS_RECOVERED
966,,Missing from available BOOK master records,,,,,,,,,,عبد الخالق محمد عفيفى,879,,المكتبة العصرية,32,,,,,1,966/1/1,A,361.8,15083,0,,,,digi1.DB:BOOK_OTHER_TITLES | digi1.DB:COPIES_VOLUMES | digi1.DB:EDITOR_BOOK | digi1.DB:PUBL_BOOK,MASTER_TITLE_MISSING_RELATIONS_RECOVERED
967,,Missing from available BOOK master records,,,,,,,,,,,,,دار الفاروق للنشر والتوزيع,63,,,,,1,967/1/1,A,658.85,15027,0,,,,digi1.DB:BOOK_OTHER_TITLES | digi1.DB:COPIES_VOLUMES | digi1.DB:PUBL_BOOK,MASTER_TITLE_MISSING_RELATIONS_RECOVERED
968,,Missing from available BOOK master records,,,,,,,,,,سامية جلال سعد,881,,المنظمة العربية للتنمية الادارية,3,,,,,1,968/1/1,A,304.2,14641,0,,,,digi1.DB:BOOK_OTHER_TITLES | digi1.DB:COPIES_VOLUMES | digi1.DB:EDITOR_BOOK | digi1.DB:PUBL_BOOK,MASTER_TITLE_MISSING_RELATIONS_RECOVERED
969,,Missing from available BOOK master records,,,,,,,,,,فاروق عمر عبد الله العمر,882,,المكتبة الاكاديمية,2,,,,,1,969/1/1,A,320.1,14478,0,,,,digi1.DB:BOOK_OTHER_TITLES | digi1.DB:COPIES_VOLUMES | digi1.DB:EDITOR_BOOK | digi1.DB:PUBL_BOOK,MASTER_TITLE_MISSING_RELATIONS_RECOVERED
970,,Missing from available BOOK master records,,,,,,,,,,احمد سيد مصطفى,532,,المؤلف,8,,,,,1,970/1/1,A,658.3,14466,0,,,,digi1.DB:BOOK_OTHER_TITLES | digi1.DB:COPIES_VOLUMES | digi1.DB:EDITOR_BOOK | digi1.DB:PUBL_BOOK,MASTER_TITLE_MISSING_RELATIONS_RECOVERED
971,,Missing from available BOOK master records,,,,,,,,,,عبد الرحمن توفيق,10,,مركز الخبرات المهنية للادارة (بميك),6,,,,,1,971/1/1,A,658.312,14648,0,,,,digi1.DB:BOOK_OTHER_TITLES | digi1.DB:COPIES_VOLUMES | digi1.DB:EDITOR_BOOK | digi1.DB:PUBL_BOOK,MASTER_TITLE_MISSING_RELATIONS_RECOVERED
972,,Missing from available BOOK master records,,,,,,,,,,الفاتح كامل,883,,العربى للنشر والتوزيع,80,,,,,1,972/1/1,A,355.02,14452,0,,,,digi1.DB:BOOK_OTHER_TITLES | digi1.DB:COPIES_VOLUMES | digi1.DB:EDITOR_BOOK | digi1.DB:PUBL_BOOK,MASTER_TITLE_MISSING_RELATIONS_RECOVERED
973,,Missing from available BOOK master records,,,,,,,,,,جواهر القناديلى | عبد الرحمن توفيق,342 | 10,,مركز الخبرات المهنية للادارة (بميك),6,,,,,2,973/1/1 | 973/2/1,A,378.198,15050,0,,,,digi1.DB:BOOK_OTHER_TITLES | digi1.DB:COPIES_VOLUMES | digi1.DB:EDITOR_BOOK | digi1.DB:PUBL_BOOK,MASTER_TITLE_MISSING_RELATIONS_RECOVERED
974,,Missing from available BOOK master records,,,,,,,,,,محمد حسنين العجمى,884,,المكتبة العصرية,32,,,,,1,974/1/1,A,378.1,14943,0,,,,digi1.DB:BOOK_OTHER_TITLES | digi1.DB:COPIES_VOLUMES | digi1.DB:EDITOR_BOOK | digi1.DB:PUBL_BOOK,MASTER_TITLE_MISSING_RELATIONS_RECOVERED
975,,Missing from available BOOK master records,,,,,,,,,,الهيئة المصرية للرقابة على التأمين,840,,الهيئة المصرية للرقابة على التأمين,99,,,,,2,975/1/1 | 975/2/1,A,368,17229,0,,,,digi1.DB:BOOK_OTHER_TITLES | digi1.DB:COPIES_VOLUMES | digi1.DB:EDITOR_BOOK | digi1.DB:PUBL_BOOK,MASTER_TITLE_MISSING_RELATIONS_RECOVERED
976,,Missing from available BOOK master records,,,,,,,,,,الهيئة المصرية للرقابة على التأمين,840,,وزارة الاستثمار,105,,,,,2,976/1/1 | 976/2/1,A,368.012,17227,0,,0,,digi1.DB:BOOK_OTHER_TITLES | digi1.DB:COPIES_VOLUMES | digi1.DB:EDITOR_BOOK | digi1.DB:PUBL_BOOK | digi1.DB:SERIAL_BOOK,MASTER_TITLE_MISSING_RELATIONS_RECOVERED
977,,Missing from available BOOK master records,,,,,,,,,,دانا جاينس روبنسون | بميك | جيمس روبنسون,453 | 710 | 454,,مركز الخبرات المهنية للادارة (بميك),6,,,,,1,977/1/1,A,658.4,17180,0,,,,digi1.DB:BOOK_OTHER_TITLES | digi1.DB:COPIES_VOLUMES | digi1.DB:EDITOR_BOOK | digi1.DB:PUBL_BOOK,MASTER_TITLE_MISSING_RELATIONS_RECOVERED
978,,Missing from available BOOK master records,,,,,,,,,,مدحت محمد ابو النصر,83,,الروابط العالمية للنشر والتوزيع,106,,,,,1,978/1/1,A,658.3,17737,0,,,,digi1.DB:BOOK_OTHER_TITLES | digi1.DB:COPIES_VOLUMES | digi1.DB:EDITOR_BOOK | digi1.DB:PUBL_BOOK,MASTER_TITLE_MISSING_RELATIONS_RECOVERED
979,,Missing from available BOOK master records,,,,,,,,,,عبد الحميد عبد الفتاح المغربى,301,,المكتبة العصرية,32,,,,,3,979/1/1 | 979/2/1 | 979/3/1,A,658.401,17606 | 16001,0,,,,digi1.DB:BOOK_OTHER_TITLES | digi1.DB:COPIES_VOLUMES | digi1.DB:EDITOR_BOOK | digi1.DB:PUBL_BOOK,MASTER_TITLE_MISSING_RELATIONS_RECOVERED
980,,Missing from available BOOK master records,,,,,,,,,,عبد الحميد عبد الفتاح المغربى | رمضان فهيم غربية,301 | 885,,المكتبة العصرية,32,,,,,2,980/1/1 | 980/2/1,A,658.4,15042,0,,,,digi1.DB:BOOK_OTHER_TITLES | digi1.DB:COPIES_VOLUMES | digi1.DB:EDITOR_BOOK | digi1.DB:PUBL_BOOK,MASTER_TITLE_MISSING_RELATIONS_RECOVERED
981,,Missing from available BOOK master records,,,,,,,,,,ياسر توفيق حليم,886,,المؤلف,8,,,,,3,981/1/1 | 981/2/1 | 981/3/1,A,647.94,16053,0,,,,digi1.DB:BOOK_OTHER_TITLES | digi1.DB:COPIES_VOLUMES | digi1.DB:EDITOR_BOOK | digi1.DB:PUBL_BOOK,MASTER_TITLE_MISSING_RELATIONS_RECOVERED
982,,Missing from available BOOK master records,,,,,,,,,,محمود احمد حمزة | زينب عبد الرحمن عبد القادر,887 | 888,,الدار الجامعية,1,,,,,2,982/1/1 | 982/2/1,A,647.94,14776,0,,,,digi1.DB:BOOK_OTHER_TITLES | digi1.DB:COPIES_VOLUMES | digi1.DB:EDITOR_BOOK | digi1.DB:PUBL_BOOK,MASTER_TITLE_MISSING_RELATIONS_RECOVERED
983,,Missing from available BOOK master records,,,,,,,,,,ثابت عبد الرحمن إدريس | جمال الدين محمد مرسى,155 | 75,,الدار الجامعية,1,,,,,2,983/1/1 | 983/2/1,A,658.7,14821,0,,,,digi1.DB:BOOK_OTHER_TITLES | digi1.DB:COPIES_VOLUMES | digi1.DB:EDITOR_BOOK | digi1.DB:PUBL_BOOK,MASTER_TITLE_MISSING_RELATIONS_RECOVERED
984,,Missing from available BOOK master records,,,,,,,,,,عبد الغفار حنفى,164,,الدار الجامعية,1,,,,,2,984/1/1 | 984/2/1,A,658.7,15012,0,,,,digi1.DB:BOOK_OTHER_TITLES | digi1.DB:COPIES_VOLUMES | digi1.DB:EDITOR_BOOK | digi1.DB:PUBL_BOOK,MASTER_TITLE_MISSING_RELATIONS_RECOVERED
985,,Missing from available BOOK master records,,,,,,,,,,خبراء الشركة العربية المتحدة للتدريب والاستشارات الادارية,889,,الشركة العربية المتحدة للتسويق والتوريدات,39,,,,,3,985/1/1 | 985/2/1 | 985/3/1,A,658.7,15037 | 14944,0,,,,digi1.DB:BOOK_OTHER_TITLES | digi1.DB:COPIES_VOLUMES | digi1.DB:EDITOR_BOOK | digi1.DB:PUBL_BOOK,MASTER_TITLE_MISSING_RELATIONS_RECOVERED
986,,Missing from available BOOK master records,,,,,,,,,,محمد الصيرفى | حسن محمد بوجيرى,21 | 890,,مؤسسة لورد العالمية للشئون الجامعية,93,,,,,1,986/1/1,A,658.7,17276,0,,,,digi1.DB:BOOK_OTHER_TITLES | digi1.DB:COPIES_VOLUMES | digi1.DB:EDITOR_BOOK | digi1.DB:PUBL_BOOK,MASTER_TITLE_MISSING_RELATIONS_RECOVERED
987,,Missing from available BOOK master records,,,,,,,,,,برايان كويل,649,,دار الفاروق للنشر والتوزيع,63,,,,,1,987/1/1,A,332.1,14720,0,,,,digi1.DB:BOOK_OTHER_TITLES | digi1.DB:COPIES_VOLUMES | digi1.DB:EDITOR_BOOK | digi1.DB:PUBL_BOOK,MASTER_TITLE_MISSING_RELATIONS_RECOVERED
988,,Missing from available BOOK master records,,,,,,,,,,فريد النجار,1,,دار طيبة للنشر والتوزيع والتجهيزات العلمية,107,,,,,2,988/1/1 | 988/2/1,A,327,287,0,,,,digi1.DB:BOOK_OTHER_TITLES | digi1.DB:COPIES_VOLUMES | digi1.DB:EDITOR_BOOK | digi1.DB:PUBL_BOOK,MASTER_TITLE_MISSING_RELATIONS_RECOVERED
989,,Missing from available BOOK master records,,,,,,,,,,سيد ابو ضيف احمد,891,,دار النهضة العربية,28,,,,,1,989/1/1,A,323.3,17193,0,,,,digi1.DB:BOOK_OTHER_TITLES | digi1.DB:COPIES_VOLUMES | digi1.DB:EDITOR_BOOK | digi1.DB:PUBL_BOOK,MASTER_TITLE_MISSING_RELATIONS_RECOVERED
990,,Missing from available BOOK master records,,,,,,,,,,عبد الغفار حنفى | السيدة عبد الفتاح اسماعيل | رسمية قرياقص,164 | 892 | 942,,الدار الجامعية,1,,,,,1,990/1/1,A,332,14634,0,,,,digi1.DB:BOOK_OTHER_TITLES | digi1.DB:COPIES_VOLUMES | digi1.DB:EDITOR_BOOK | digi1.DB:PUBL_BOOK,MASTER_TITLE_MISSING_RELATIONS_RECOVERED
991,,Missing from available BOOK master records,,,,,,,,,,منى محمد ابراهيم البطل,894,,المؤلف,8,,,,,5,991/5/1 | 991/1/1 | 991/2/1 | 991/3/1 | 991/4/1,A,658.7,14822 | 17112,0,,,,digi1.DB:BOOK_OTHER_TITLES | digi1.DB:COPIES_VOLUMES | digi1.DB:EDITOR_BOOK | digi1.DB:PUBL_BOOK,MASTER_TITLE_MISSING_RELATIONS_RECOVERED
992,,Missing from available BOOK master records,,,,,,,,,,ابراهيم سالم محمد غراب | محمود محمد عبد السلام البيومى,895 | 896,,المؤلف,8,,,,,1,992/1/1,A,658.7,17552,0,,,,digi1.DB:BOOK_OTHER_TITLES | digi1.DB:COPIES_VOLUMES | digi1.DB:EDITOR_BOOK | digi1.DB:PUBL_BOOK,MASTER_TITLE_MISSING_RELATIONS_RECOVERED
993,,Missing from available BOOK master records,,,,,,,,,,عاطف جابر طه عبد الرحيم,118,,الدار الجامعية,1,,,,,2,993/1/1 | 993/2/1,A,658.7,17521,0,,,,digi1.DB:BOOK_OTHER_TITLES | digi1.DB:COPIES_VOLUMES | digi1.DB:EDITOR_BOOK | digi1.DB:PUBL_BOOK,MASTER_TITLE_MISSING_RELATIONS_RECOVERED
994,,Missing from available BOOK master records,,,,,,,,,,اشرف مصطفى توفيق,897,,إيتراك للطباعة والنشر والتوزيع,10,,,,,3,994/1/1 | 994/2/1 | 994/3/1,A,332.6,17323,0,,,,digi1.DB:BOOK_OTHER_TITLES | digi1.DB:COPIES_VOLUMES | digi1.DB:EDITOR_BOOK | digi1.DB:PUBL_BOOK,MASTER_TITLE_MISSING_RELATIONS_RECOVERED
995,,Missing from available BOOK master records,,,,,,,,,,مدحت محمد ابو النصر,83,,المجموعة العربية للتدريب والنشر,27,,,,,2,995/1/1 | 995/2/1,A,153.6,17513,0,,,,digi1.DB:BOOK_OTHER_TITLES | digi1.DB:COPIES_VOLUMES | digi1.DB:EDITOR_BOOK | digi1.DB:PUBL_BOOK,MASTER_TITLE_MISSING_RELATIONS_RECOVERED
996,,Missing from available BOOK master records,,,,,,,,,,مصطفى محمود ابو بكر,76,,الدار الجامعية,1,,,,,1,996/1/1,A,658.1,14699,0,,,,digi1.DB:BOOK_OTHER_TITLES | digi1.DB:COPIES_VOLUMES | digi1.DB:EDITOR_BOOK | digi1.DB:PUBL_BOOK,MASTER_TITLE_MISSING_RELATIONS_RECOVERED
997,,Missing from available BOOK master records,,,,,,,,,,السيد عبد العاطى السيد | احسان محمد حفظى صادق,898 | 899,,دار المعرفة الجامعية,34,,,,,1,997/1/1,A,304.2,14418,0,,,,digi1.DB:BOOK_OTHER_TITLES | digi1.DB:COPIES_VOLUMES | digi1.DB:EDITOR_BOOK | digi1.DB:PUBL_BOOK,MASTER_TITLE_MISSING_RELATIONS_RECOVERED
998,,Missing from available BOOK master records,,,,,,,,,,الهيئة المصرية للرقابة على التأمين,840,,الهيئة المصرية للرقابة على التأمين,99,,,,,2,998/1/1 | 998/2/1,A,368,17228,0,,,,digi1.DB:BOOK_OTHER_TITLES | digi1.DB:COPIES_VOLUMES | digi1.DB:EDITOR_BOOK | digi1.DB:PUBL_BOOK,MASTER_TITLE_MISSING_RELATIONS_RECOVERED
999,,Missing from available BOOK master records,,,,,,,,,,فريد النجار,1,,الدار الجامعية,1,,,,,3,999/1/1 | 999/2/1 | 999/3/1,A,658.406,17732,0,,,,digi1.DB:BOOK_OTHER_TITLES | digi1.DB:COPIES_VOLUMES | digi1.DB:EDITOR_BOOK | digi1.DB:PUBL_BOOK,MASTER_TITLE_MISSING_RELATIONS_RECOVERED
1000,,Missing from available BOOK master records,,,,,,,,,,محمد احمد حسان,422,,الدار الجامعية,1,,,,,1,1000/1/1,A,351,17609,0,,,,digi1.DB:BOOK_OTHER_TITLES | digi1.DB:COPIES_VOLUMES | digi1.DB:EDITOR_BOOK | digi1.DB:PUBL_BOOK,MASTER_TITLE_MISSING_RELATIONS_RECOVERED
1001,,Missing from available BOOK master records,,,,,,,,,,أحمد ماهر,918,,الدار الجامعية,1,,,,,1,1001/1/1,A,350,14956,0,,,,digi1.DB:BOOK_OTHER_TITLES | digi1.DB:COPIES_VOLUMES | digi1.DB:EDITOR_BOOK | digi1.DB:PUBL_BOOK,MASTER_TITLE_MISSING_RELATIONS_RECOVERED
1002,,Missing from available BOOK master records,,,,,,,,,,سعيد السيد على,129,,المؤلف,8,,,,,1,1002/1/1,A,351,16029,0,,,,digi1.DB:BOOK_OTHER_TITLES | digi1.DB:COPIES_VOLUMES | digi1.DB:EDITOR_BOOK | digi1.DB:PUBL_BOOK,MASTER_TITLE_MISSING_RELATIONS_RECOVERED
1003,,Missing from available BOOK master records,,,,,,,,,,عبد الحميد عبد الفتاح المغربى,301,,المؤلف,8,,,,,2,1003/1/1 | 1003/2/1,A,351,17166 | 17539,0,,,,digi1.DB:BOOK_OTHER_TITLES | digi1.DB:COPIES_VOLUMES | digi1.DB:EDITOR_BOOK | digi1.DB:PUBL_BOOK,MASTER_TITLE_MISSING_RELATIONS_RECOVERED
1004,,Missing from available BOOK master records,,,,,,,,,,محمد الصيرفى,21,,مؤسسة حورس الدولية,9,,,,,2,1004/1/1 | 1004/2/1,A,350,17560,0,,,,digi1.DB:BOOK_OTHER_TITLES | digi1.DB:COPIES_VOLUMES | digi1.DB:EDITOR_BOOK | digi1.DB:PUBL_BOOK,MASTER_TITLE_MISSING_RELATIONS_RECOVERED
1005,,Missing from available BOOK master records,,,,,,,,,,ابراهيم سيد احمد,335,,الدار الجامعية,1,,,,,2,1005/1/1 | 1005/2/1,A,346.04,14425,0,,,,digi1.DB:BOOK_OTHER_TITLES | digi1.DB:COPIES_VOLUMES | digi1.DB:EDITOR_BOOK | digi1.DB:PUBL_BOOK,MASTER_TITLE_MISSING_RELATIONS_RECOVERED
1006,,Missing from available BOOK master records,,,,,,,,,,عادل حسن على,900,,مكتبة زهراء الشرق,86,,,,,1,1006/1/1,A,346.07,17189,0,,,,digi1.DB:BOOK_OTHER_TITLES | digi1.DB:COPIES_VOLUMES | digi1.DB:EDITOR_BOOK | digi1.DB:PUBL_BOOK,MASTER_TITLE_MISSING_RELATIONS_RECOVERED
1007,,Missing from available BOOK master records,,,,,,,,,,حسن حسن البيلاوى | سلامة عبد العظيم حسين,901 | 902,,دار الوفاء لدنيا الطباعة والنشر,64,,,,,1,1007/1/1,A,371,17223,0,,,,digi1.DB:BOOK_OTHER_TITLES | digi1.DB:COPIES_VOLUMES | digi1.DB:EDITOR_BOOK | digi1.DB:PUBL_BOOK,MASTER_TITLE_MISSING_RELATIONS_RECOVERED
1008,,Missing from available BOOK master records,,,,,,,,,,ريتشارد ماكدونالد,903,,دار الفاروق للنشر والتوزيع,63,,,,,1,1008/1/1,A,179,15025,0,,,,digi1.DB:BOOK_OTHER_TITLES | digi1.DB:COPIES_VOLUMES | digi1.DB:EDITOR_BOOK | digi1.DB:PUBL_BOOK,MASTER_TITLE_MISSING_RELATIONS_RECOVERED
1009,,Missing from available BOOK master records,,,,,,,,,,احمد ابراهيم احمد,904,,دار الوفاء لدنيا الطباعة والنشر,64,,,,,1,1009/1/1,A,371.2,14800,0,,,,digi1.DB:BOOK_OTHER_TITLES | digi1.DB:COPIES_VOLUMES | digi1.DB:EDITOR_BOOK | digi1.DB:PUBL_BOOK,MASTER_TITLE_MISSING_RELATIONS_RECOVERED
1010,,Missing from available BOOK master records,,,,,,,,,,مارى هارتلى | خالد العامرى,905 | 287,,دار الفاروق للاستثمارات الثقافية,47,,,,,2,1010/1/1 | 1010/2/1,A,372.69,17406,0,,,,digi1.DB:BOOK_OTHER_TITLES | digi1.DB:COPIES_VOLUMES | digi1.DB:EDITOR_BOOK | digi1.DB:PUBL_BOOK,MASTER_TITLE_MISSING_RELATIONS_RECOVERED
1011,,Missing from available BOOK master records,,,,,,,,,,سوزان ايشامى | خالد العامرى,906 | 287,,دار الفاروق للنشر والتوزيع,63,,,,,2,1011/1/1 | 1011/2/1,A,350,15032,0,,,,digi1.DB:BOOK_OTHER_TITLES | digi1.DB:COPIES_VOLUMES | digi1.DB:EDITOR_BOOK | digi1.DB:PUBL_BOOK,MASTER_TITLE_MISSING_RELATIONS_RECOVERED
1012,,Missing from available BOOK master records,,,,,,,,,,كريس ايجلور | خالد العامرى,907 | 287,,دار الفاروق للنشر والتوزيع,63,,,,,2,1012/1/1 | 1012/2/1,A,350,17407,0,,0,,digi1.DB:BOOK_OTHER_TITLES | digi1.DB:COPIES_VOLUMES | digi1.DB:EDITOR_BOOK | digi1.DB:PUBL_BOOK | digi1.DB:SERIAL_BOOK,MASTER_TITLE_MISSING_RELATIONS_RECOVERED
1013,,Missing from available BOOK master records,,,,,,,,,,محمد عبد العظيم,19,,الدار الجامعية,1,,,,,2,1013/1/1 | 1013/2/1,A,658.83,17528,0,,,,digi1.DB:BOOK_OTHER_TITLES | digi1.DB:COPIES_VOLUMES | digi1.DB:EDITOR_BOOK | digi1.DB:PUBL_BOOK,MASTER_TITLE_MISSING_RELATIONS_RECOVERED
1014,,Missing from available BOOK master records,,,,,,,,,,احمد السعيد الزقرد,230,,المكتبة العصرية,32,,,,,1,1014/1/1,A,346.02,17154,0,,,,digi1.DB:BOOK_OTHER_TITLES | digi1.DB:COPIES_VOLUMES | digi1.DB:EDITOR_BOOK | digi1.DB:PUBL_BOOK,MASTER_TITLE_MISSING_RELATIONS_RECOVERED
1015,,Missing from available BOOK master records,,,,,,,,,,جمال حواش,128,,إيتراك للطباعة والنشر والتوزيع,10,,,,,3,1015/1/1 | 1015/2/1 | 1015/3/1,A,658.405,17537,0,,,,digi1.DB:BOOK_OTHER_TITLES | digi1.DB:COPIES_VOLUMES | digi1.DB:EDITOR_BOOK | digi1.DB:PUBL_BOOK,MASTER_TITLE_MISSING_RELATIONS_RECOVERED
1016,,Missing from available BOOK master records,,,,,,,,,,الهيئة المصرية للرقابة على التأمين,840,,الهيئة المصرية للرقابة على التأمين,99,,,,,2,1016/1/1 | 1016/2/1,A,368,17230,0,,,,digi1.DB:BOOK_OTHER_TITLES | digi1.DB:COPIES_VOLUMES | digi1.DB:EDITOR_BOOK | digi1.DB:PUBL_BOOK,MASTER_TITLE_MISSING_RELATIONS_RECOVERED
1017,,Missing from available BOOK master records,,,,,,,,,,انيس هادد | خالد العامرى,908 | 287,,دار الفاروق للنشر والتوزيع,63,,,,,2,1017/1/1 | 1017/2/1,A,658.802,17413,0,,,,digi1.DB:BOOK_OTHER_TITLES | digi1.DB:COPIES_VOLUMES | digi1.DB:EDITOR_BOOK | digi1.DB:PUBL_BOOK,MASTER_TITLE_MISSING_RELATIONS_RECOVERED
1018,,Missing from available BOOK master records,,,,,,,,,,عماد الحداد,740,,دار الفاروق للنشر والتوزيع,63,,,,,1,1018/1/1,A,659.1,14982,0,,,,digi1.DB:BOOK_OTHER_TITLES | digi1.DB:COPIES_VOLUMES | digi1.DB:EDITOR_BOOK | digi1.DB:PUBL_BOOK,MASTER_TITLE_MISSING_RELATIONS_RECOVERED
1019,,Missing from available BOOK master records,,,,,,,,,,مصطفى محمود ابو بكر,76,,الدار الجامعية,1,,,,,2,1019/1/1 | 1019/2/1,A,658.8,14420,0,,,,digi1.DB:BOOK_OTHER_TITLES | digi1.DB:COPIES_VOLUMES | digi1.DB:EDITOR_BOOK | digi1.DB:PUBL_BOOK,MASTER_TITLE_MISSING_RELATIONS_RECOVERED
1020,,Missing from available BOOK master records,,,,,,,,,,بارى كشواى,909,,دار الفاروق للنشر والتوزيع,63,,,,,3,1020/1/1 | 1020/2/1 | 1020/3/1,A,658.3,15020 | 14726,0,,,,digi1.DB:BOOK_OTHER_TITLES | digi1.DB:COPIES_VOLUMES | digi1.DB:EDITOR_BOOK | digi1.DB:PUBL_BOOK,MASTER_TITLE_MISSING_RELATIONS_RECOVERED
1021,تحديد مخاطر الائتمان,Recovered from BOOK table,2006,977-408-057-2,332.7/ب.ت,B,1,1,128ص,24× 17سم,,برايان كويل,649,,دار الفاروق للنشر والتوزيع,63,,الائتمان - مخاطر | الائتمان الصناعى - مخاطر,1413 | 1414,,1,1021/1/1,A,332.7,14983,0,,,sss.DB,digi1.DB:BOOK_OTHER_TITLES | digi1.DB:COPIES_VOLUMES | digi1.DB:EDITOR_BOOK | digi1.DB:PUBL_BOOK | sss.DB:BOOK | sss.DB:BOOK_OTHER_TITLES | sss.DB:BOOK_SUBJECT | sss.DB:COPIES_VOLUMES | sss.DB:EDITOR_BOOK | sss.DB:PUBL_BOOK,MASTER_RECORD_RECOVERED
1022,ادارة جودة الخدمة فى الضيافة والسياحة ووقت الفراغ,Recovered from BOOK table,2007,9960-24-596-9,338.47/ج.ا,B,1,1,425ص,20×25سم,,جاى ككاندا مبولى | بيغير لى سباركس | كونى موك,910 | 911 | 912,,دار المريخ,89,,السياحة | السياحة - بريطانيا | الجودة,669 | 1415 | 1416,,1,1022/1/1,A,338.47,17383,0,,,sss.DB,digi1.DB:BOOK_OTHER_TITLES | digi1.DB:COPIES_VOLUMES | digi1.DB:EDITOR_BOOK | digi1.DB:PUBL_BOOK | sss.DB:BOOK | sss.DB:BOOK_OTHER_TITLES | sss.DB:BOOK_SUBJECT | sss.DB:COPIES_VOLUMES | sss.DB:EDITOR_BOOK | sss.DB:PUBL_BOOK,MASTER_RECORD_RECOVERED
1023,,Missing from available BOOK master records,,,,,,,,,,زكريا طاحون,300,,المؤلف,8,,,,,2,1023/1/1 | 1023/2/1,A,363.7,17142,0,,,,digi1.DB:BOOK_OTHER_TITLES | digi1.DB:COPIES_VOLUMES | digi1.DB:EDITOR_BOOK | digi1.DB:PUBL_BOOK,MASTER_TITLE_MISSING_RELATIONS_RECOVERED
1024,,Missing from available BOOK master records,,,,,,,,,,سامية جلال سعد,881,,المنظمة العربية للتنمية الادارية,3,,,,,1,1024/1/1,A,363.72,15067,0,,,,digi1.DB:BOOK_OTHER_TITLES | digi1.DB:COPIES_VOLUMES | digi1.DB:EDITOR_BOOK | digi1.DB:PUBL_BOOK,MASTER_TITLE_MISSING_RELATIONS_RECOVERED
1025,,Missing from available BOOK master records,,,,,,,,,,امين السيد احمد لطفى,181,,الدار الجامعية,1,,,,,1,1025/1/1,A,,,0,,,,digi1.DB:BOOK_OTHER_TITLES | digi1.DB:COPIES_VOLUMES | digi1.DB:EDITOR_BOOK | digi1.DB:PUBL_BOOK,MASTER_TITLE_MISSING_RELATIONS_RECOVERED
1026,,Missing from available BOOK master records,,,,,,,,,,السيد عبد المقصود دبيان | ناصر نور الدين عبد اللطيف | كمال الدين مصطفى الدهراوى,913 | 338 | 914,,الدار الجامعية,1,,,,,2,1026/1/1 | 1026/2/1,A,657,14774 | 14653,0,,,,digi1.DB:BOOK_OTHER_TITLES | digi1.DB:COPIES_VOLUMES | digi1.DB:EDITOR_BOOK | digi1.DB:PUBL_BOOK,MASTER_TITLE_MISSING_RELATIONS_RECOVERED
1027,,Missing from available BOOK master records,,,,,,,,,,محمد المبروك أبوزيد,915,,إيتراك للطباعة والنشر والتوزيع,10,,,,,2,1027/1/1 | 1027/2/1,A,657,14655,0,,,,digi1.DB:BOOK_OTHER_TITLES | digi1.DB:COPIES_VOLUMES | digi1.DB:EDITOR_BOOK | digi1.DB:PUBL_BOOK,MASTER_TITLE_MISSING_RELATIONS_RECOVERED
1028,,Missing from available BOOK master records,,,,,,,,,,ناصر نور الدين عبد اللطيف,338,,الدار الجامعية,1,,,,,4,1028/1/1 | 1028/2/1 | 1028/3/1 | 1028/4/1,A,657.837,14706 | 14775,0,,,,digi1.DB:BOOK_OTHER_TITLES | digi1.DB:COPIES_VOLUMES | digi1.DB:EDITOR_BOOK | digi1.DB:PUBL_BOOK,MASTER_TITLE_MISSING_RELATIONS_RECOVERED
1029,,Missing from available BOOK master records,,,,,,,,,,مسعد محمود الشرقاوى,916,,المؤلف,8,,,,,2,1029/1/1 | 1029/2/1,A,657.48,17428,0,,,,digi1.DB:BOOK_OTHER_TITLES | digi1.DB:COPIES_VOLUMES | digi1.DB:EDITOR_BOOK | digi1.DB:PUBL_BOOK,MASTER_TITLE_MISSING_RELATIONS_RECOVERED
1030,,Missing from available BOOK master records,,,,,,,,,,عبد العزيز جميل مخيمر,84,,المنظمة العربية للتنمية الادارية,3,,,,,2,1030/1/1 | 1030/2/1,A,658.4,15068,0,,,,digi1.DB:BOOK_OTHER_TITLES | digi1.DB:COPIES_VOLUMES | digi1.DB:EDITOR_BOOK | digi1.DB:PUBL_BOOK,MASTER_TITLE_MISSING_RELATIONS_RECOVERED
1031,,Missing from available BOOK master records,,,,,,,,,,جيرمى كوردى,917,,دار الفاروق للاستثمارات الثقافية,47,,,,,2,1031/1/1 | 1031/2/1,A,658.403,17130,0,,,,digi1.DB:BOOK_OTHER_TITLES | digi1.DB:COPIES_VOLUMES | digi1.DB:EDITOR_BOOK | digi1.DB:PUBL_BOOK,MASTER_TITLE_MISSING_RELATIONS_RECOVERED
1032,,Missing from available BOOK master records,,,,,,,,,,أحمد ماهر,918,,الدار الجامعية,1,,,,,3,1032/1/1 | 1032/2/1 | 1032/3/1,A,658.403,17301 | 17611,0,,,,digi1.DB:BOOK_OTHER_TITLES | digi1.DB:COPIES_VOLUMES | digi1.DB:EDITOR_BOOK | digi1.DB:PUBL_BOOK,MASTER_TITLE_MISSING_RELATIONS_RECOVERED
1033,,Missing from available BOOK master records,,,,,,,,,,محمد حافظ حجازى,559,,دار الوفاء لدنيا الطباعة والنشر,64,,,,,3,1033/1/1 | 1033/2/1 | 1033/3/1,A,658.403,17272 | 14801,0,,,,digi1.DB:BOOK_OTHER_TITLES | digi1.DB:COPIES_VOLUMES | digi1.DB:EDITOR_BOOK | digi1.DB:PUBL_BOOK,MASTER_TITLE_MISSING_RELATIONS_RECOVERED
1034,,Missing from available BOOK master records,,,,,,,,,,عبد الوهاب نصر على,919,,الدار الجامعية,1,,,,,2,1034/1/1 | 1034/2/1,A,657,14650,0,,,,digi1.DB:BOOK_OTHER_TITLES | digi1.DB:COPIES_VOLUMES | digi1.DB:EDITOR_BOOK | digi1.DB:PUBL_BOOK,MASTER_TITLE_MISSING_RELATIONS_RECOVERED
1035,,Missing from available BOOK master records,,,,,,,,,,ماثيو ريكورد,920,,دار الفاروق للنشر والتوزيع,63,,,,,1,1035/1/1,A,658.4,15002,0,,,,digi1.DB:BOOK_OTHER_TITLES | digi1.DB:COPIES_VOLUMES | digi1.DB:EDITOR_BOOK | digi1.DB:PUBL_BOOK,MASTER_TITLE_MISSING_RELATIONS_RECOVERED
1036,,Missing from available BOOK master records,,,,,,,,,,عبد الرحمن توفيق,10,,مركز الخبرات المهنية للادارة (بميك),6,,,,,2,1036/1/1 | 1036/2/1,A,658.4,14607,0,,1,,digi1.DB:BOOK_OTHER_TITLES | digi1.DB:COPIES_VOLUMES | digi1.DB:EDITOR_BOOK | digi1.DB:PUBL_BOOK | digi1.DB:SERIAL_BOOK,MASTER_TITLE_MISSING_RELATIONS_RECOVERED
1037,,Missing from available BOOK master records,,,,,,,,,,امين السيد احمد لطفى,181,,الدار الجامعية,1,,,,,1,1037/1/1,A,657,14930,0,,,,digi1.DB:BOOK_OTHER_TITLES | digi1.DB:COPIES_VOLUMES | digi1.DB:EDITOR_BOOK | digi1.DB:PUBL_BOOK,MASTER_TITLE_MISSING_RELATIONS_RECOVERED
1038,,Missing from available BOOK master records,,,,,,,,,,مايك فريدمان | عبد الرحمن بن أحمد هيجان | نعيم حافظ عطية أبو جمعة,921 | 922 | 923,,المنظمة العربية للتنمية الادارية,3,,,,,2,1038/1/1 | 1038/2/1,A,658.4,15063,0,,,,digi1.DB:BOOK_OTHER_TITLES | digi1.DB:COPIES_VOLUMES | digi1.DB:EDITOR_BOOK | digi1.DB:PUBL_BOOK,MASTER_TITLE_MISSING_RELATIONS_RECOVERED
1039,,Missing from available BOOK master records,,,,,,,,,,إيان دودج | عبد الحكم أحمد الخزامى,924 | 451,,دار الفجر للنشر والتوزيع,54,,,,,1,1039/1/1,A,658.4,14915,0,,,,digi1.DB:BOOK_OTHER_TITLES | digi1.DB:COPIES_VOLUMES | digi1.DB:EDITOR_BOOK | digi1.DB:PUBL_BOOK,MASTER_TITLE_MISSING_RELATIONS_RECOVERED
1040,,Missing from available BOOK master records,,,,,,,,,,ستيفن كون | فينسنت أوكونل,925 | 926,,دار الفاروق للنشر والتوزيع,63,,,,,2,1040/1/1 | 1040/2/1,A,658.4,15015,0,,0,,digi1.DB:BOOK_OTHER_TITLES | digi1.DB:COPIES_VOLUMES | digi1.DB:EDITOR_BOOK | digi1.DB:PUBL_BOOK | digi1.DB:SERIAL_BOOK,MASTER_TITLE_MISSING_RELATIONS_RECOVERED
1041,,Missing from available BOOK master records,,,,,,,,,,عبد الحميد عبد الفتاح المغربى,301,,المؤلف,8,,,,,2,1041/1/1 | 1041/2/1,A,658.403,16019 | 14008,0,,,,digi1.DB:BOOK_OTHER_TITLES | digi1.DB:COPIES_VOLUMES | digi1.DB:EDITOR_BOOK | digi1.DB:PUBL_BOOK,MASTER_TITLE_MISSING_RELATIONS_RECOVERED
1042,,Missing from available BOOK master records,,,,,,,,,,رون فراى,927,,دار الفاروق للنشر والتوزيع,63,,,,,2,1042/1/1 | 1042/2/1,A,658.3,15018,0,,0,,digi1.DB:BOOK_OTHER_TITLES | digi1.DB:COPIES_VOLUMES | digi1.DB:EDITOR_BOOK | digi1.DB:PUBL_BOOK | digi1.DB:SERIAL_BOOK,MASTER_TITLE_MISSING_RELATIONS_RECOVERED
1043,,Missing from available BOOK master records,,,,,,,,,,ممدوح عبد العزيز رفاعى,928,,المؤلف,8,,,,,2,1043/1/1 | 1043/2/1,A,658.403,17143,0,,,,digi1.DB:BOOK_OTHER_TITLES | digi1.DB:COPIES_VOLUMES | digi1.DB:EDITOR_BOOK | digi1.DB:PUBL_BOOK,MASTER_TITLE_MISSING_RELATIONS_RECOVERED
1045,,Missing from available BOOK master records,,,,,,,,,,أيمن الشربينى,929,,إيتراك للطباعة والنشر والتوزيع,10,,,,,1,1045/1/1,A,658.4,,0,,,,digi1.DB:BOOK_OTHER_TITLES | digi1.DB:COPIES_VOLUMES | digi1.DB:EDITOR_BOOK | digi1.DB:PUBL_BOOK,MASTER_TITLE_MISSING_RELATIONS_RECOVERED
1046,,Missing from available BOOK master records,,,,,,,,,,أحمد سيد مصطفى,930,,المؤلف,8,,,,,2,1046/1/1 | 1046/2/1,A,658.3,14844 | 14785,0,,,,digi1.DB:BOOK_OTHER_TITLES | digi1.DB:COPIES_VOLUMES | digi1.DB:EDITOR_BOOK | digi1.DB:PUBL_BOOK,MASTER_TITLE_MISSING_RELATIONS_RECOVERED
1047,,Missing from available BOOK master records,,,,,,,,,,عماد الحداد,740,,دار الفاروق للنشر والتوزيع,63,,,,,1,1047/1/1,A,,,0,,,,digi1.DB:BOOK_OTHER_TITLES | digi1.DB:COPIES_VOLUMES | digi1.DB:EDITOR_BOOK | digi1.DB:PUBL_BOOK,MASTER_TITLE_MISSING_RELATIONS_RECOVERED
1048,,Missing from available BOOK master records,,,,,,,,,,ماريون هاينز,931,,دار الفاروق للنشر والتوزيع,63,,,,,1,1048/1/1,A,658.4,15030,0,,,,digi1.DB:BOOK_OTHER_TITLES | digi1.DB:COPIES_VOLUMES | digi1.DB:EDITOR_BOOK | digi1.DB:PUBL_BOOK,MASTER_TITLE_MISSING_RELATIONS_RECOVERED
1049,,Missing from available BOOK master records,,,,,,,,,,مدحت محمد ابو النصر,83,,المجموعة العربية للتدريب والنشر,27,,,,,1,1049/1/1,A,658.3,17514,0,,,,digi1.DB:BOOK_OTHER_TITLES | digi1.DB:COPIES_VOLUMES | digi1.DB:EDITOR_BOOK | digi1.DB:PUBL_BOOK,MASTER_TITLE_MISSING_RELATIONS_RECOVERED
1050,,Missing from available BOOK master records,,,,,,,,,,مدحت محمد ابو النصر,83,,مجموعة النيل العربية,40,,,,,1,1050/1/1,A,658.456,14939,0,,0,,digi1.DB:BOOK_OTHER_TITLES | digi1.DB:COPIES_VOLUMES | digi1.DB:EDITOR_BOOK | digi1.DB:PUBL_BOOK | digi1.DB:SERIAL_BOOK,MASTER_TITLE_MISSING_RELATIONS_RECOVERED
1051,,Missing from available BOOK master records,,,,,,,,,,عبد الغفار حنفى,164,,الدار الجامعية,1,,,,,1,1051/1/1,A,658.314,14966,0,,,,digi1.DB:BOOK_OTHER_TITLES | digi1.DB:COPIES_VOLUMES | digi1.DB:EDITOR_BOOK | digi1.DB:PUBL_BOOK,MASTER_TITLE_MISSING_RELATIONS_RECOVERED
1052,,Missing from available BOOK master records,,,,,,,,,,حسن محمد وجيه,932,,المكتبة الاكاديمية,2,,,,,2,1052/1/1 | 1052/2/1,A,370,16061,0,,0,,digi1.DB:BOOK_OTHER_TITLES | digi1.DB:COPIES_VOLUMES | digi1.DB:EDITOR_BOOK | digi1.DB:PUBL_BOOK | digi1.DB:SERIAL_BOOK,MASTER_TITLE_MISSING_RELATIONS_RECOVERED
1053,,Missing from available BOOK master records,,,,,,,,,,أحمد المغربى,933,,دار الفجر للنشر والتوزيع,54,,,,,2,1053/1/1 | 1053/2/1,A,370,17338,0,,,,digi1.DB:BOOK_OTHER_TITLES | digi1.DB:COPIES_VOLUMES | digi1.DB:EDITOR_BOOK | digi1.DB:PUBL_BOOK,MASTER_TITLE_MISSING_RELATIONS_RECOVERED
1054,,Missing from available BOOK master records,,,,,,,,,,عبادة توفيق أحمد بهنسى,934,,إيتراك للطباعة والنشر والتوزيع,10,,,,,1,1054/1/1,A,346.620,17645,0,,,,digi1.DB:BOOK_OTHER_TITLES | digi1.DB:COPIES_VOLUMES | digi1.DB:EDITOR_BOOK | digi1.DB:PUBL_BOOK,MASTER_TITLE_MISSING_RELATIONS_RECOVERED
1055,,Missing from available BOOK master records,,,,,,,,,,رشدى شحاته أبوزيد,935,,دار الوفاء لدنيا الطباعة والنشر,64,,,,,2,1055/1/1 | 1055/2/1,A,343.078,17220,0,,,,digi1.DB:BOOK_OTHER_TITLES | digi1.DB:COPIES_VOLUMES | digi1.DB:EDITOR_BOOK | digi1.DB:PUBL_BOOK,MASTER_TITLE_MISSING_RELATIONS_RECOVERED
1056,,Missing from available BOOK master records,,,,,,,,,,مائيير كوهين | عبد الحكم أحمد الخزامى,936 | 451,,دار الفجر للنشر والتوزيع,54,,,,,2,1056/1/1 | 1056/2/1,A,332.1,17395,0,,,,digi1.DB:BOOK_OTHER_TITLES | digi1.DB:COPIES_VOLUMES | digi1.DB:EDITOR_BOOK | digi1.DB:PUBL_BOOK,MASTER_TITLE_MISSING_RELATIONS_RECOVERED
1057,,Missing from available BOOK master records,,,,,,,,,,حمدى عبد العظيم,634,,الدار الجامعية,1,,,,,1,1057/1/1,A,332.1,14968,0,,,,digi1.DB:BOOK_OTHER_TITLES | digi1.DB:COPIES_VOLUMES | digi1.DB:EDITOR_BOOK | digi1.DB:PUBL_BOOK,MASTER_TITLE_MISSING_RELATIONS_RECOVERED
1058,,Missing from available BOOK master records,,,,,,,,,,محمد الصيرفى,21,,مؤسسة حورس الدولية,9,,,,,2,1058/1/1 | 1058/2/1,A,658.576,17516,0,,0,,digi1.DB:BOOK_OTHER_TITLES | digi1.DB:COPIES_VOLUMES | digi1.DB:EDITOR_BOOK | digi1.DB:PUBL_BOOK | digi1.DB:SERIAL_BOOK,MASTER_TITLE_MISSING_RELATIONS_RECOVERED
1059,,Missing from available BOOK master records,,,,,,,,,,امين السيد احمد لطفى,181,,الدار الجامعية,1,,,,,2,1059/1/1 | 1059/2/1,A,657.45,14497,0,,,,digi1.DB:BOOK_OTHER_TITLES | digi1.DB:COPIES_VOLUMES | digi1.DB:EDITOR_BOOK | digi1.DB:PUBL_BOOK,MASTER_TITLE_MISSING_RELATIONS_RECOVERED
1060,,Missing from available BOOK master records,,,,,,,,,,خالد ممدوح ابراهيم,215,,الدار الجامعية,1,,,,,2,1060/1/1 | 1060/2/1,A,658.472,17470,0,,,,digi1.DB:BOOK_OTHER_TITLES | digi1.DB:COPIES_VOLUMES | digi1.DB:EDITOR_BOOK | digi1.DB:PUBL_BOOK,MASTER_TITLE_MISSING_RELATIONS_RECOVERED
1061,,Missing from available BOOK master records,,,,,,,,,,فريد النجار,1,,الدار الجامعية,1,,,,,2,1061/1/1 | 1061/2/1,A,658.56,15057,0,,,,digi1.DB:BOOK_OTHER_TITLES | digi1.DB:COPIES_VOLUMES | digi1.DB:EDITOR_BOOK | digi1.DB:PUBL_BOOK,MASTER_TITLE_MISSING_RELATIONS_RECOVERED
1062,,Missing from available BOOK master records,,,,,,,,,,خبراء مركز الخبرات المهنية للإدارة,572,,مركز الخبرات المهنية للادارة (بميك),6,,,,,1,1062/1/1,A,338.5,14560,0,,0,,digi1.DB:BOOK_OTHER_TITLES | digi1.DB:COPIES_VOLUMES | digi1.DB:EDITOR_BOOK | digi1.DB:PUBL_BOOK | digi1.DB:SERIAL_BOOK,MASTER_TITLE_MISSING_RELATIONS_RECOVERED
1063,,Missing from available BOOK master records,,,,,,,,,,أحمد عرفه | سمية شلبى,937 | 845,,المؤلف,8,,,,,4,1063/1/1 | 1063/2/1 | 1063/3/1 | 1063/4/1,A,658.5,14823 | 14778,0,,,,digi1.DB:BOOK_OTHER_TITLES | digi1.DB:COPIES_VOLUMES | digi1.DB:EDITOR_BOOK | digi1.DB:PUBL_BOOK,MASTER_TITLE_MISSING_RELATIONS_RECOVERED
1064,,Missing from available BOOK master records,,,,,,,,,,ابراهيم مختار,869,,مكتبة الأنجلو الأمريكية,108,,,,,2,1064/1/1 | 1064/2/1,A,336,,0,,,,digi1.DB:BOOK_OTHER_TITLES | digi1.DB:COPIES_VOLUMES | digi1.DB:EDITOR_BOOK | digi1.DB:PUBL_BOOK,MASTER_TITLE_MISSING_RELATIONS_RECOVERED
1065,,Missing from available BOOK master records,,,,,,,,,,مدحت محمد ابو النصر,83,,إيتراك للطباعة والنشر والتوزيع,10,,,,,2,1065/1/1 | 1065/2/1,A,351,17329,0,,,,digi1.DB:BOOK_OTHER_TITLES | digi1.DB:COPIES_VOLUMES | digi1.DB:EDITOR_BOOK | digi1.DB:PUBL_BOOK,MASTER_TITLE_MISSING_RELATIONS_RECOVERED
1066,,Missing from available BOOK master records,,,,,,,,,,خالد ممدوح ابراهيم,215,,الدار الجامعية,1,,,,,2,1066/1/1 | 1066/2/1,A,381.34,17468,0,,,,digi1.DB:BOOK_OTHER_TITLES | digi1.DB:COPIES_VOLUMES | digi1.DB:EDITOR_BOOK | digi1.DB:PUBL_BOOK,MASTER_TITLE_MISSING_RELATIONS_RECOVERED
1067,,Missing from available BOOK master records,,,,,,,,,,محمد شوقى أحمد شوقى | محمد العزازى أحمد إدريس,938 | 939,,المؤلف,8,,,,,2,1067/1/1 | 1067/2/1,A,351,17446,0,,,,digi1.DB:BOOK_OTHER_TITLES | digi1.DB:COPIES_VOLUMES | digi1.DB:EDITOR_BOOK | digi1.DB:PUBL_BOOK,MASTER_TITLE_MISSING_RELATIONS_RECOVERED
1068,,Missing from available BOOK master records,,,,,,,,,,رضا عبد السلام,637,,الدار الجامعية,1,,,,,2,1068/1/1 | 1068/2/1,A,347.62,14423,0,,,,digi1.DB:BOOK_OTHER_TITLES | digi1.DB:COPIES_VOLUMES | digi1.DB:EDITOR_BOOK | digi1.DB:PUBL_BOOK,MASTER_TITLE_MISSING_RELATIONS_RECOVERED
1069,,Missing from available BOOK master records,,,,,,,,,,سعيد السيد على,129,,المؤلف,8,,,,,2,1069/1/1 | 1069/2/1,A,346.04,14904,0,,,,digi1.DB:BOOK_OTHER_TITLES | digi1.DB:COPIES_VOLUMES | digi1.DB:EDITOR_BOOK | digi1.DB:PUBL_BOOK,MASTER_TITLE_MISSING_RELATIONS_RECOVERED
1070,,Missing from available BOOK master records,,,,,,,,,,توفيق محمد عبد المحسن,809,,دار الفكر العربى,76,,,,,1,1070/1/1,A,658.4,15043,0,,,,digi1.DB:BOOK_OTHER_TITLES | digi1.DB:COPIES_VOLUMES | digi1.DB:EDITOR_BOOK | digi1.DB:PUBL_BOOK,MASTER_TITLE_MISSING_RELATIONS_RECOVERED
1071,,Missing from available BOOK master records,,,,,,,,,,أحمد محمد محمود خلف,941,,المكتبة العصرية,32,,,,,2,1071/1/1 | 1071/2/1,A,343.071,17225,0,,,,digi1.DB:BOOK_OTHER_TITLES | digi1.DB:COPIES_VOLUMES | digi1.DB:EDITOR_BOOK | digi1.DB:PUBL_BOOK,MASTER_TITLE_MISSING_RELATIONS_RECOVERED
1072,,Missing from available BOOK master records,,,,,,,,,,عبد الغفار حنفى | رسمية قرياقص,164 | 942,,الدار الجامعية,1,,,,,1,1072/1/1,A,332.1,14490,0,,,,digi1.DB:BOOK_OTHER_TITLES | digi1.DB:COPIES_VOLUMES | digi1.DB:EDITOR_BOOK | digi1.DB:PUBL_BOOK,MASTER_TITLE_MISSING_RELATIONS_RECOVERED
1073,,Missing from available BOOK master records,,,,,,,,,,ضياء مجيد,746,,مؤسسة شباب الجامعة,53,,,,,1,1073/1/1,A,,,0,,,,digi1.DB:BOOK_OTHER_TITLES | digi1.DB:COPIES_VOLUMES | digi1.DB:EDITOR_BOOK | digi1.DB:PUBL_BOOK,MASTER_TITLE_MISSING_RELATIONS_RECOVERED
1074,,Missing from available BOOK master records,,,,,,,,,,كويك نوتس | عماد الحداد,792 | 740,,دار الفاروق للنشر والتوزيع,63,,,,,1,1074/1/1,A,,,0,,,,digi1.DB:BOOK_OTHER_TITLES | digi1.DB:COPIES_VOLUMES | digi1.DB:EDITOR_BOOK | digi1.DB:PUBL_BOOK,MASTER_TITLE_MISSING_RELATIONS_RECOVERED
1075,,Missing from available BOOK master records,,,,,,,,,,زينب جابر سالم | أحمد مرعى | قطب محمد مصطفى,856 | 943 | 944,,دار الوفاء لدنيا الطباعة والنشر,64,,,,,2,1075/1/1 | 1075/2/1,A,341.37,17480,0,,,,digi1.DB:BOOK_OTHER_TITLES | digi1.DB:COPIES_VOLUMES | digi1.DB:EDITOR_BOOK | digi1.DB:PUBL_BOOK,MASTER_TITLE_MISSING_RELATIONS_RECOVERED
1076,,Missing from available BOOK master records,,,,,,,,,,جمال حواش | عزة عبد الله,128 | 945,,إيتراك للطباعة والنشر والتوزيع,10,,,,,1,1076/1/1,A,658.405,14849,0,,,,digi1.DB:BOOK_OTHER_TITLES | digi1.DB:COPIES_VOLUMES | digi1.DB:EDITOR_BOOK | digi1.DB:PUBL_BOOK,MASTER_TITLE_MISSING_RELATIONS_RECOVERED
1077,,Missing from available BOOK master records,,,,,,,,,,على عبد الهادى مسلم | أيمن على عمر,178 | 946,,الدار الجامعية,1,,,,,2,1077/1/1 | 1077/2/1,A,658.406,14964,0,,,,digi1.DB:BOOK_OTHER_TITLES | digi1.DB:COPIES_VOLUMES | digi1.DB:EDITOR_BOOK | digi1.DB:PUBL_BOOK,MASTER_TITLE_MISSING_RELATIONS_RECOVERED
1078,,Missing from available BOOK master records,,,,,,,,,,فريد النجار,1,,الدار الجامعية,1,,,,,1,1078/1/1,A,658.4,17167,0,,,,digi1.DB:BOOK_OTHER_TITLES | digi1.DB:COPIES_VOLUMES | digi1.DB:EDITOR_BOOK | digi1.DB:PUBL_BOOK,MASTER_TITLE_MISSING_RELATIONS_RECOVERED
1079,,Missing from available BOOK master records,,,,,,,,,,طارق شريف يونس,947,,المنظمة العربية للتنمية الادارية,3,,,,,3,1079/1/1 | 1079/2/1 | 1079/3/1,A,658.4,15064 | 13936,0,,0,,digi1.DB:BOOK_OTHER_TITLES | digi1.DB:COPIES_VOLUMES | digi1.DB:EDITOR_BOOK | digi1.DB:PUBL_BOOK | digi1.DB:SERIAL_BOOK,MASTER_TITLE_MISSING_RELATIONS_RECOVERED
1080,,Missing from available BOOK master records,,,,,,,,,,تى جى هويسينجتون,948,,دار الفاروق للاستثمارات الثقافية,47,,,,,2,1080/1/1 | 1080/2/1,A,658.3,17405,0,,0,,digi1.DB:BOOK_OTHER_TITLES | digi1.DB:COPIES_VOLUMES | digi1.DB:EDITOR_BOOK | digi1.DB:PUBL_BOOK | digi1.DB:SERIAL_BOOK,MASTER_TITLE_MISSING_RELATIONS_RECOVERED
1081,,Missing from available BOOK master records,,,,,,,,,,بسيونى محمد البرادعى,187,,إيتراك للطباعة والنشر والتوزيع,10,,,,,1,1081/1/1,A,658.3,14697,0,,,,digi1.DB:BOOK_OTHER_TITLES | digi1.DB:COPIES_VOLUMES | digi1.DB:EDITOR_BOOK | digi1.DB:PUBL_BOOK,MASTER_TITLE_MISSING_RELATIONS_RECOVERED
1082,,Missing from available BOOK master records,,,,,,,,,,كن لانجدون | عبد الحكم أحمد الخزامى,949 | 451,,إيتراك للطباعة والنشر والتوزيع,10,,,,,2,1082/1/1 | 1082/2/1,A,658.4,17404,0,,,,digi1.DB:BOOK_OTHER_TITLES | digi1.DB:COPIES_VOLUMES | digi1.DB:EDITOR_BOOK | digi1.DB:PUBL_BOOK,MASTER_TITLE_MISSING_RELATIONS_RECOVERED
1083,,Missing from available BOOK master records,,,,,,,,,,محمد منير حجاب,950,,دار الفجر للنشر والتوزيع,54,,,,,1,1083/1/1,A,659.2,17399,0,,,,digi1.DB:BOOK_OTHER_TITLES | digi1.DB:COPIES_VOLUMES | digi1.DB:EDITOR_BOOK | digi1.DB:PUBL_BOOK,MASTER_TITLE_MISSING_RELATIONS_RECOVERED
1084,,Missing from available BOOK master records,,,,,,,,,,مصطفى محمود ابو بكر,76,,الدار الجامعية,1,,,,,1,1084/1/1,A,338.7,14512,0,,,,digi1.DB:BOOK_OTHER_TITLES | digi1.DB:COPIES_VOLUMES | digi1.DB:EDITOR_BOOK | digi1.DB:PUBL_BOOK,MASTER_TITLE_MISSING_RELATIONS_RECOVERED
1085,,Missing from available BOOK master records,,,,,,,,,,أحمد طلعت البشبيشى | سوزان كاتر,952 | 951,,,,,,,,1,1085/1/1,A,304.2,14480,0,,,,digi1.DB:BOOK_OTHER_TITLES | digi1.DB:COPIES_VOLUMES | digi1.DB:EDITOR_BOOK,MASTER_TITLE_MISSING_RELATIONS_RECOVERED
1086,,Missing from available BOOK master records,,,,,,,,,,عبد الله محمد عبد الرحمن,953,,دار المعرفة الجامعية,34,,,,,2,1086/1/1 | 1086/2/1,A,306.4,14446,0,,,,digi1.DB:BOOK_OTHER_TITLES | digi1.DB:COPIES_VOLUMES | digi1.DB:EDITOR_BOOK | digi1.DB:PUBL_BOOK,MASTER_TITLE_MISSING_RELATIONS_RECOVERED
1087,,Missing from available BOOK master records,,,,,,,,,,جوناثان روفيد | علا احمد اصلاح,954 | 323,,مجموعة النيل العربية,40,,,,,1,1087/1/1,A,658.4,17562,0,,,,digi1.DB:BOOK_OTHER_TITLES | digi1.DB:COPIES_VOLUMES | digi1.DB:EDITOR_BOOK | digi1.DB:PUBL_BOOK,MASTER_TITLE_MISSING_RELATIONS_RECOVERED
1088,,Missing from available BOOK master records,,,,,,,,,,عبد المطلب عبد الحميد,77,,الدار الجامعية,1,,,,,1,1088/1/1,A,332.1,14476,0,,,,digi1.DB:BOOK_OTHER_TITLES | digi1.DB:COPIES_VOLUMES | digi1.DB:EDITOR_BOOK | digi1.DB:PUBL_BOOK,MASTER_TITLE_MISSING_RELATIONS_RECOVERED
1089,,Missing from available BOOK master records,,,,,,,,,,مصطفى محمود ابو بكر | عبد الله بن عبد الرحمن البريدى,76 | 955,,الدار الجامعية,1,,,,,1,1089/1/1,A,658.45,17254,0,,,,digi1.DB:BOOK_OTHER_TITLES | digi1.DB:COPIES_VOLUMES | digi1.DB:EDITOR_BOOK | digi1.DB:PUBL_BOOK,MASTER_TITLE_MISSING_RELATIONS_RECOVERED
1090,,Missing from available BOOK master records,,,,,,,,,,محمد الصيرفى,21,,دار الوفاء لدنيا الطباعة والنشر,64,,,,,2,1090/1/1 | 1090/2/1,A,155.2,17222,0,,,,digi1.DB:BOOK_OTHER_TITLES | digi1.DB:COPIES_VOLUMES | digi1.DB:EDITOR_BOOK | digi1.DB:PUBL_BOOK,MASTER_TITLE_MISSING_RELATIONS_RECOVERED
1091,,Missing from available BOOK master records,,,,,,,,,,أحمد محمد غنيم,146,,المكتبة العصرية,32,,,,,2,1091/1/1 | 1091/2/1,A,658.5,17525,0,,2,,digi1.DB:BOOK_OTHER_TITLES | digi1.DB:COPIES_VOLUMES | digi1.DB:EDITOR_BOOK | digi1.DB:PUBL_BOOK | digi1.DB:SERIAL_BOOK,MASTER_TITLE_MISSING_RELATIONS_RECOVERED
1092,,Missing from available BOOK master records,,,,,,,,,,محمد الصيرفى,21,,مؤسسة حورس الدولية,9,,,,,2,1092/1/1 | 1092/2/1,A,658.4,17720,0,,,,digi1.DB:BOOK_OTHER_TITLES | digi1.DB:COPIES_VOLUMES | digi1.DB:EDITOR_BOOK | digi1.DB:PUBL_BOOK,MASTER_TITLE_MISSING_RELATIONS_RECOVERED
1093,,Missing from available BOOK master records,,,,,,,,,,حاتم محمد الشيشينى,956,,المكتبة العصرية,32,,,,,1,1093/1/1,A,657,17155,0,,,,digi1.DB:BOOK_OTHER_TITLES | digi1.DB:COPIES_VOLUMES | digi1.DB:EDITOR_BOOK | digi1.DB:PUBL_BOOK,MASTER_TITLE_MISSING_RELATIONS_RECOVERED
1094,,Missing from available BOOK master records,,,,,,,,,,إيهاب عبده نفادى,957,,شمس المعارف للنشر والتوزيع,109,,,,,3,1094/1/1 | 1094/1/2 | 1094/1/3,A,657,17527,0,,,,digi1.DB:BOOK_OTHER_TITLES | digi1.DB:COPIES_VOLUMES | digi1.DB:EDITOR_BOOK | digi1.DB:PUBL_BOOK,MASTER_TITLE_MISSING_RELATIONS_RECOVERED
1095,,Missing from available BOOK master records,,,,,,,,,,محمود السيد الناغى,958,,المكتبة العصرية,32,,,,,2,1095/1/1 | 1095/2/1,A,657.9,17429,0,,,,digi1.DB:BOOK_OTHER_TITLES | digi1.DB:COPIES_VOLUMES | digi1.DB:EDITOR_BOOK | digi1.DB:PUBL_BOOK,MASTER_TITLE_MISSING_RELATIONS_RECOVERED
1096,,Missing from available BOOK master records,,,,,,,,,,محمد سامى راضى,858,,الدار الجامعية,1,,,,,2,1096/1/1 | 1096/2/1,A,657,14953,0,,,,digi1.DB:BOOK_OTHER_TITLES | digi1.DB:COPIES_VOLUMES | digi1.DB:EDITOR_BOOK | digi1.DB:PUBL_BOOK,MASTER_TITLE_MISSING_RELATIONS_RECOVERED
1097,,Missing from available BOOK master records,,,,,,,,,,ثناء على القبانى,831,,الدار الجامعية,1,,,,,2,1097/1/1 | 1097/2/1,A,657,14712,0,,,,digi1.DB:BOOK_OTHER_TITLES | digi1.DB:COPIES_VOLUMES | digi1.DB:EDITOR_BOOK | digi1.DB:PUBL_BOOK,MASTER_TITLE_MISSING_RELATIONS_RECOVERED
1098,,Missing from available BOOK master records,,,,,,,,,,نظير رياض محمد الشحات,959,,المؤلف,8,,,,,2,1098/1/1 | 1098/2/1,A,332.1,17332,0,,,,digi1.DB:BOOK_OTHER_TITLES | digi1.DB:COPIES_VOLUMES | digi1.DB:EDITOR_BOOK | digi1.DB:PUBL_BOOK,MASTER_TITLE_MISSING_RELATIONS_RECOVERED
1099,,Missing from available BOOK master records,,,,,,,,,,ألكسندر ديفيدسون,960,,دار الفاروق للنشر والتوزيع,63,,,,,1,1099/1/1,A,332.6,14979,0,,,,digi1.DB:BOOK_OTHER_TITLES | digi1.DB:COPIES_VOLUMES | digi1.DB:EDITOR_BOOK | digi1.DB:PUBL_BOOK,MASTER_TITLE_MISSING_RELATIONS_RECOVERED
1100,,Missing from available BOOK master records,,,,,,,,,,عواطف عبد الرحمن,961,,العربى للنشر والتوزيع,80,,,,,2,1100/1/1 | 1100/2/1,A,306.4,14879,0,,,,digi1.DB:BOOK_OTHER_TITLES | digi1.DB:COPIES_VOLUMES | digi1.DB:EDITOR_BOOK | digi1.DB:PUBL_BOOK,MASTER_TITLE_MISSING_RELATIONS_RECOVERED
1101,,Missing from available BOOK master records,,,,,,,,,,شدوان على شيبة,103,,دار المعرفة الجامعية,34,,,,,1,1101/1/1,A,306.4,14444,0,,,,digi1.DB:BOOK_OTHER_TITLES | digi1.DB:COPIES_VOLUMES | digi1.DB:EDITOR_BOOK | digi1.DB:PUBL_BOOK,MASTER_TITLE_MISSING_RELATIONS_RECOVERED
1102,,Missing from available BOOK master records,,,,,,,,,,مائيير كوهين | عبد الحكم أحمد الخزامى,936 | 451,,دار الفجر للنشر والتوزيع,54,,,,,2,1102/1/1 | 1102/2/1,A,332.46,17435,0,,,,digi1.DB:BOOK_OTHER_TITLES | digi1.DB:COPIES_VOLUMES | digi1.DB:EDITOR_BOOK | digi1.DB:PUBL_BOOK,MASTER_TITLE_MISSING_RELATIONS_RECOVERED
1103,,Missing from available BOOK master records,,,,,,,,,,حسان الجيلانى,962,,دار الفجر للنشر والتوزيع,54,,,,,2,1103/1/1 | 1103/2/1,A,305,17261,0,,,,digi1.DB:BOOK_OTHER_TITLES | digi1.DB:COPIES_VOLUMES | digi1.DB:EDITOR_BOOK | digi1.DB:PUBL_BOOK,MASTER_TITLE_MISSING_RELATIONS_RECOVERED
1105,,Missing from available BOOK master records,,,,,,,,,,أحمد على دغيم,963,,المكتبة الاكاديمية,2,,,,,2,1105/1/1 | 1105/2/1,A,338.9,15045,0,,,,digi1.DB:BOOK_OTHER_TITLES | digi1.DB:COPIES_VOLUMES | digi1.DB:EDITOR_BOOK | digi1.DB:PUBL_BOOK,MASTER_TITLE_MISSING_RELATIONS_RECOVERED
1106,,Missing from available BOOK master records,,,,,,,,,,زكريا طاحون,300,,المؤلف,8,,,,,4,1106/1/1 | 1106/2/1 | 1106/3/1 | 1106/4/1,A,658.4,16054 | 17115,0,,9,,digi1.DB:BOOK_OTHER_TITLES | digi1.DB:COPIES_VOLUMES | digi1.DB:EDITOR_BOOK | digi1.DB:PUBL_BOOK | digi1.DB:SERIAL_BOOK,MASTER_TITLE_MISSING_RELATIONS_RECOVERED
1107,,Missing from available BOOK master records,,,,,,,,,,ميرلين ستون | نيل وودكوك | ليز ماكتينجر,964 | 965 | 966,,دار الفاروق للنشر والتوزيع,63,,,,,2,1107/1/1 | 1107/2/1,A,659.1,14974,0,,,,digi1.DB:BOOK_OTHER_TITLES | digi1.DB:COPIES_VOLUMES | digi1.DB:EDITOR_BOOK | digi1.DB:PUBL_BOOK,MASTER_TITLE_MISSING_RELATIONS_RECOVERED
1108,,Missing from available BOOK master records,,,,,,,,,,بسمان فيصل محجوب | عقيلة مصطفى الأتروشى | غسان قاسم داود,967 | 968 | 969,,المنظمة العربية للتنمية الادارية,3,,,,,2,1108/1/1 | 1108/2/1,A,658.5,15072,0,,0,,digi1.DB:BOOK_OTHER_TITLES | digi1.DB:COPIES_VOLUMES | digi1.DB:EDITOR_BOOK | digi1.DB:PUBL_BOOK | digi1.DB:SERIAL_BOOK,MASTER_TITLE_MISSING_RELATIONS_RECOVERED
1109,,Missing from available BOOK master records,,,,,,,,,,أيمن على عمر,946,,الدار الجامعية,1,,,,,2,1109/1/1 | 1109/2/1,A,658.812,14931,0,,,,digi1.DB:BOOK_OTHER_TITLES | digi1.DB:COPIES_VOLUMES | digi1.DB:EDITOR_BOOK | digi1.DB:PUBL_BOOK,MASTER_TITLE_MISSING_RELATIONS_RECOVERED
1110,,Missing from available BOOK master records,,,,,,,,,,أحمد فريد مصطفى,970,,مؤسسة شباب الجامعة,53,,,,,2,1110/1/1 | 1110/2/1,A,337,17439,0,,,,digi1.DB:BOOK_OTHER_TITLES | digi1.DB:COPIES_VOLUMES | digi1.DB:EDITOR_BOOK | digi1.DB:PUBL_BOOK,MASTER_TITLE_MISSING_RELATIONS_RECOVERED
1111,,Missing from available BOOK master records,,,,,,,,,,برايان كويل | خالد العامرى,649 | 287,,دار الفاروق للاستثمارات الثقافية,47,,,,,1,1111/1/1,A,332.7,17411,0,,0,,digi1.DB:BOOK_OTHER_TITLES | digi1.DB:COPIES_VOLUMES | digi1.DB:EDITOR_BOOK | digi1.DB:PUBL_BOOK | digi1.DB:SERIAL_BOOK,MASTER_TITLE_MISSING_RELATIONS_RECOVERED
1112,,Missing from available BOOK master records,,,,,,,,,,سيد محمد جاد الرب,168,,المؤلف,8,,,,,3,1112/1/1 | 1112/2/1 | 1112/3/1,A,658.4,16012 | 17608,0,,,,digi1.DB:BOOK_OTHER_TITLES | digi1.DB:COPIES_VOLUMES | digi1.DB:EDITOR_BOOK | digi1.DB:PUBL_BOOK,MASTER_TITLE_MISSING_RELATIONS_RECOVERED
1113,,Missing from available BOOK master records,,,,,,,,,,أحمد شعبان محمد على,971,,الدار الجامعية,1,,,,,1,1113/1/1,A,332.1,15004,0,,,,digi1.DB:BOOK_OTHER_TITLES | digi1.DB:COPIES_VOLUMES | digi1.DB:EDITOR_BOOK | digi1.DB:PUBL_BOOK,MASTER_TITLE_MISSING_RELATIONS_RECOVERED
1114,,Missing from available BOOK master records,,,,,,,,,,محمد العزازى أحمد إدريس,939,,المكتبة العلمية,110,,,,,2,1114/1/1 | 1114/2/1,A,659.2,17442,0,,,,digi1.DB:BOOK_OTHER_TITLES | digi1.DB:COPIES_VOLUMES | digi1.DB:EDITOR_BOOK | digi1.DB:PUBL_BOOK,MASTER_TITLE_MISSING_RELATIONS_RECOVERED
1115,,Missing from available BOOK master records,,,,,,,,,,توفيق محمد عبد المحسن,809,,دار الفكر العربى,76,,,,,1,1115/1/1,A,658.401,14278,0,,,,digi1.DB:BOOK_OTHER_TITLES | digi1.DB:COPIES_VOLUMES | digi1.DB:EDITOR_BOOK | digi1.DB:PUBL_BOOK,MASTER_TITLE_MISSING_RELATIONS_RECOVERED
1116,,Missing from available BOOK master records,,,,,,,,,,عبد الرحمن توفيق,10,,مركز الخبرات المهنية للادارة (بميك),6,,,,,2,1116/1/1 | 1116/2/1,A,658.4,14690,0,,71,,digi1.DB:BOOK_OTHER_TITLES | digi1.DB:COPIES_VOLUMES | digi1.DB:EDITOR_BOOK | digi1.DB:PUBL_BOOK | digi1.DB:SERIAL_BOOK,MASTER_TITLE_MISSING_RELATIONS_RECOVERED
1118,,Missing from available BOOK master records,,,,,,,,,,سعيد عبد العزيز عثمان | شكرى رجب العشماوى,752 | 799,,الدار الجامعية,1,,,,,1,1118/1/1,A,336.2,14958,0,,,,digi1.DB:BOOK_OTHER_TITLES | digi1.DB:COPIES_VOLUMES | digi1.DB:EDITOR_BOOK | digi1.DB:PUBL_BOOK,MASTER_TITLE_MISSING_RELATIONS_RECOVERED
1119,,Missing from available BOOK master records,,,,,,,,,,محمود السيد الناغى,958,,المكتبة العصرية,32,,,,,2,1119/1/1 | 1119/2/1,A,336.24,15084,0,,,,digi1.DB:BOOK_OTHER_TITLES | digi1.DB:COPIES_VOLUMES | digi1.DB:EDITOR_BOOK | digi1.DB:PUBL_BOOK,MASTER_TITLE_MISSING_RELATIONS_RECOVERED
1122,,Missing from available BOOK master records,,,,,,,,,,امين السيد احمد لطفى,181,,الدار الجامعية,1,,,,,2,1122/1/1 | 1122/2/1,A,332.6,,0,,,,digi1.DB:BOOK_OTHER_TITLES | digi1.DB:COPIES_VOLUMES | digi1.DB:EDITOR_BOOK | digi1.DB:PUBL_BOOK,MASTER_TITLE_MISSING_RELATIONS_RECOVERED
1123,,Missing from available BOOK master records,,,,,,,,,,سلوى عثمان عباس الصديقى | أميره منصور يوسف على,972 | 973,,دار المعرفة الجامعية,34,,,,,1,1123/1/1,A,304.6,14883,0,,,,digi1.DB:BOOK_OTHER_TITLES | digi1.DB:COPIES_VOLUMES | digi1.DB:EDITOR_BOOK | digi1.DB:PUBL_BOOK,MASTER_TITLE_MISSING_RELATIONS_RECOVERED
1124,,Missing from available BOOK master records,,,,,,,,,,شريف حسن على,448,,المؤلف,8,,,,,2,1124/1/1 | 1124/2/1,A,332.6,16015,0,,,,digi1.DB:BOOK_OTHER_TITLES | digi1.DB:COPIES_VOLUMES | digi1.DB:EDITOR_BOOK | digi1.DB:PUBL_BOOK,MASTER_TITLE_MISSING_RELATIONS_RECOVERED
1125,,Missing from available BOOK master records,,,,,,,,,,أندرو برادبرى,974,,دار الفاروق للنشر والتوزيع,63,,,,,1,1125/1/1,A,153.4,14733,0,,,,digi1.DB:BOOK_OTHER_TITLES | digi1.DB:COPIES_VOLUMES | digi1.DB:EDITOR_BOOK | digi1.DB:PUBL_BOOK,MASTER_TITLE_MISSING_RELATIONS_RECOVERED
1126,,Missing from available BOOK master records,,,,,,,,,,جمال محمد ابو شنب,793,,دار المعرفة الجامعية,34,,,,,2,1126/1/1 | 1126/2/1,A,306.4,14880,0,,,,digi1.DB:BOOK_OTHER_TITLES | digi1.DB:COPIES_VOLUMES | digi1.DB:EDITOR_BOOK | digi1.DB:PUBL_BOOK,MASTER_TITLE_MISSING_RELATIONS_RECOVERED
1127,,Missing from available BOOK master records,,,,,,,,,,محمد طارق,975,,الدار الجامعية,1,,,,,6,1127/1/1 | 1127/2/1 | 1127/3/1 | 1127/4/1 | 1127/5/1 | 1127/6/1,A,658.4,14608 | 14820 | 14700 | 14783 | 1678,0,,,,digi1.DB:BOOK_OTHER_TITLES | digi1.DB:COPIES_VOLUMES | digi1.DB:EDITOR_BOOK | digi1.DB:PUBL_BOOK,MASTER_TITLE_MISSING_RELATIONS_RECOVERED
1128,,Missing from available BOOK master records,,,,,,,,,,حسين عبد الحميد رشوان,825,,مؤسسة شباب الجامعة,53,,,,,1,1128/1/1,A,306,16049,0,,,,digi1.DB:BOOK_OTHER_TITLES | digi1.DB:COPIES_VOLUMES | digi1.DB:EDITOR_BOOK | digi1.DB:PUBL_BOOK,MASTER_TITLE_MISSING_RELATIONS_RECOVERED
1129,,Missing from available BOOK master records,,,,,,,,,,عبد الرحمن توفيق | هالة صدقى,10 | 976,,مركز الخبرات المهنية للادارة (بميك),6,,,,,1,1129/1/1,A,153.35,17179,0,,,,digi1.DB:BOOK_OTHER_TITLES | digi1.DB:COPIES_VOLUMES | digi1.DB:EDITOR_BOOK | digi1.DB:PUBL_BOOK,MASTER_TITLE_MISSING_RELATIONS_RECOVERED
1130,,Missing from available BOOK master records,,,,,,,,,,برايان كويل,649,,دار الفاروق للنشر والتوزيع,63,,,,,1,1130/1/1,A,332.4,14719,0,,,,digi1.DB:BOOK_OTHER_TITLES | digi1.DB:COPIES_VOLUMES | digi1.DB:EDITOR_BOOK | digi1.DB:PUBL_BOOK,MASTER_TITLE_MISSING_RELATIONS_RECOVERED
1131,,Missing from available BOOK master records,,,,,,,,,,رضا عبد السلام,637,,المكتبة العصرية,32,,,,,1,1131/1/1,A,332.673,17307,0,,,,digi1.DB:BOOK_OTHER_TITLES | digi1.DB:COPIES_VOLUMES | digi1.DB:EDITOR_BOOK | digi1.DB:PUBL_BOOK,MASTER_TITLE_MISSING_RELATIONS_RECOVERED
1132,,Missing from available BOOK master records,,,,,,,,,,محسن أحمد الخضيرى,20,,إيتراك للطباعة والنشر والتوزيع,10,,,,,1,1132/1/1,A,339.5,17540,0,,,,digi1.DB:BOOK_OTHER_TITLES | digi1.DB:COPIES_VOLUMES | digi1.DB:EDITOR_BOOK | digi1.DB:PUBL_BOOK,MASTER_TITLE_MISSING_RELATIONS_RECOVERED
1133,,Missing from available BOOK master records,,,,,,,,,,فوزى الشربينى,977,,المكتبة العصرية,32,,,,,2,1133/1/1 | 1133/2/1,A,153.35,16005,0,,,,digi1.DB:BOOK_OTHER_TITLES | digi1.DB:COPIES_VOLUMES | digi1.DB:EDITOR_BOOK | digi1.DB:PUBL_BOOK,MASTER_TITLE_MISSING_RELATIONS_RECOVERED
1134,,Missing from available BOOK master records,,,,,,,,,,تيرى ليفين,978,,دار الفاروق للاستثمارات الثقافية,47,,,,,2,1134/1/1 | 1134/2/1,A,658.409,17122,0,,,,digi1.DB:BOOK_OTHER_TITLES | digi1.DB:COPIES_VOLUMES | digi1.DB:EDITOR_BOOK | digi1.DB:PUBL_BOOK,MASTER_TITLE_MISSING_RELATIONS_RECOVERED
1135,,Missing from available BOOK master records,,,,,,,,,,غازى عناية,979,,مؤسسة شباب الجامعة,53,,,,,1,1135/1/1,A,336.2,14882,0,,,,digi1.DB:BOOK_OTHER_TITLES | digi1.DB:COPIES_VOLUMES | digi1.DB:EDITOR_BOOK | digi1.DB:PUBL_BOOK,MASTER_TITLE_MISSING_RELATIONS_RECOVERED
1136,,Missing from available BOOK master records,,,,,,,,,,محمد فتحى البديوى,857,,الاكاديمية الحديثة لعلوم الكمبيوتر وتكنولوجيا الادارة,111,,,,,1,1136/1/1,A,332.6,17384,0,,,,digi1.DB:BOOK_OTHER_TITLES | digi1.DB:COPIES_VOLUMES | digi1.DB:EDITOR_BOOK | digi1.DB:PUBL_BOOK,MASTER_TITLE_MISSING_RELATIONS_RECOVERED
1137,,Missing from available BOOK master records,,,,,,,,,,محمد عمر حماد ابو دوح,817,,الدار الجامعية,1,,,,,3,1137/1/1 | 1137/2/1 | 1137/3/1,A,336.3,14637 | 14759,0,,,,digi1.DB:BOOK_OTHER_TITLES | digi1.DB:COPIES_VOLUMES | digi1.DB:EDITOR_BOOK | digi1.DB:PUBL_BOOK,MASTER_TITLE_MISSING_RELATIONS_RECOVERED
1138,,Missing from available BOOK master records,,,,,,,,,,حامد عبد المجيد دراز | محمد عمر حماد ابو دوح,165 | 817,,الدار الجامعية,1,,,,,1,1138/1/1,A,336,14638,0,,,,digi1.DB:BOOK_OTHER_TITLES | digi1.DB:COPIES_VOLUMES | digi1.DB:EDITOR_BOOK | digi1.DB:PUBL_BOOK,MASTER_TITLE_MISSING_RELATIONS_RECOVERED
1139,,Missing from available BOOK master records,,,,,,,,,,كيفين وتكنز,980,,meric,112,,,,,1,1139/1/1,A,658.301,17467,0,,,,digi1.DB:BOOK_OTHER_TITLES | digi1.DB:COPIES_VOLUMES | digi1.DB:EDITOR_BOOK | digi1.DB:PUBL_BOOK,MASTER_TITLE_MISSING_RELATIONS_RECOVERED
1140,,Missing from available BOOK master records,,,,,,,,,,ناصر نور الدين عبد اللطيف | رشيد الجمال,338 | 981,,الدار الجامعية,1,,,,,2,1140/1/1 | 1140/2/1,A,657.42,14711,0,,,,digi1.DB:BOOK_OTHER_TITLES | digi1.DB:COPIES_VOLUMES | digi1.DB:EDITOR_BOOK | digi1.DB:PUBL_BOOK,MASTER_TITLE_MISSING_RELATIONS_RECOVERED
1141,,Missing from available BOOK master records,,,,,,,,,,عادل صادق,982,,دار الفجر للنشر والتوزيع,54,,,,,2,1141/1/1 | 1141/2/1,A,658.405,17260,0,,,,digi1.DB:BOOK_OTHER_TITLES | digi1.DB:COPIES_VOLUMES | digi1.DB:EDITOR_BOOK | digi1.DB:PUBL_BOOK,MASTER_TITLE_MISSING_RELATIONS_RECOVERED
1142,,Missing from available BOOK master records,,,,,,,,,,نبيل فهمى سلامة | جيهان عادل أميرهم,983 | 1056,,دار النهضة العربية,28,,,,,3,1142/1/1 | 1142/2/1 | 1142/3/1,A,657.46,14752 | 14937,0,,,,digi1.DB:BOOK_OTHER_TITLES | digi1.DB:COPIES_VOLUMES | digi1.DB:EDITOR_BOOK | digi1.DB:PUBL_BOOK,MASTER_TITLE_MISSING_RELATIONS_RECOVERED
1143,,Missing from available BOOK master records,,,,,,,,,,السيد أحمد السقا,132,,كلية التجارة - جامعة طنطا,66,,,,,1,1143/1/1,A,657,17183,0,,,,digi1.DB:BOOK_OTHER_TITLES | digi1.DB:COPIES_VOLUMES | digi1.DB:EDITOR_BOOK | digi1.DB:PUBL_BOOK,MASTER_TITLE_MISSING_RELATIONS_RECOVERED
1144,,Missing from available BOOK master records,,,,,,,,,,محمد الصيرفى,21,,مؤسسة حورس الدولية,9,,,,,2,1144/1/1 | 1144/2/1,A,658.409,17512,0,,,,digi1.DB:BOOK_OTHER_TITLES | digi1.DB:COPIES_VOLUMES | digi1.DB:EDITOR_BOOK | digi1.DB:PUBL_BOOK,MASTER_TITLE_MISSING_RELATIONS_RECOVERED
1145,,Missing from available BOOK master records,,,,,,,,,,محمد احمد حسان,422,,الدار الجامعية,1,,,,,2,1145/1/1 | 1145/2/1,A,658.72,17570 | 17607,0,,,,digi1.DB:BOOK_OTHER_TITLES | digi1.DB:COPIES_VOLUMES | digi1.DB:EDITOR_BOOK | digi1.DB:PUBL_BOOK,MASTER_TITLE_MISSING_RELATIONS_RECOVERED
1146,,Missing from available BOOK master records,,,,,,,,,,تريفورل ينج | بهاء شاهين,985 | 494,,مجموعة النيل العربية,40,,,,,2,1146/1/1 | 1146/2/1,A,658.4,14509 | 14846,0,,,,digi1.DB:BOOK_OTHER_TITLES | digi1.DB:COPIES_VOLUMES | digi1.DB:EDITOR_BOOK | digi1.DB:PUBL_BOOK,MASTER_TITLE_MISSING_RELATIONS_RECOVERED
1147,,Missing from available BOOK master records,,,,,,,,,,هارولد لويس,986,,دار الفاروق للنشر والتوزيع,63,,,,,1,1147/1/1,A,658.314,15021,0,,3,,digi1.DB:BOOK_OTHER_TITLES | digi1.DB:COPIES_VOLUMES | digi1.DB:EDITOR_BOOK | digi1.DB:PUBL_BOOK | digi1.DB:SERIAL_BOOK,MASTER_TITLE_MISSING_RELATIONS_RECOVERED
1148,,Missing from available BOOK master records,,,,,,,,,,امين السيد احمد لطفى,181,,الدار الجامعية,1,,,,,2,1148/1/1 | 1148/2/1,A,658.4,15008,0,,,,digi1.DB:BOOK_OTHER_TITLES | digi1.DB:COPIES_VOLUMES | digi1.DB:EDITOR_BOOK | digi1.DB:PUBL_BOOK,MASTER_TITLE_MISSING_RELATIONS_RECOVERED
1149,,Missing from available BOOK master records,,,,,,,,,,بارى كشواى,909,,دار الفاروق للنشر والتوزيع,63,,,,,1,1149/1/1,A,658.3,14715,0,,4,,digi1.DB:BOOK_OTHER_TITLES | digi1.DB:COPIES_VOLUMES | digi1.DB:EDITOR_BOOK | digi1.DB:PUBL_BOOK | digi1.DB:SERIAL_BOOK,MASTER_TITLE_MISSING_RELATIONS_RECOVERED
1150,,Missing from available BOOK master records,,,,,,,,,,فريد النجار,1,,الدار الجامعية,1,,,,,2,1150/1/1 | 1150/2/1,A,658.4,17530,0,,,,digi1.DB:BOOK_OTHER_TITLES | digi1.DB:COPIES_VOLUMES | digi1.DB:EDITOR_BOOK | digi1.DB:PUBL_BOOK,MASTER_TITLE_MISSING_RELATIONS_RECOVERED
1151,,Missing from available BOOK master records,,,,,,,,,,بسيونى محمد البرادعى,187,,إيتراك للطباعة والنشر والتوزيع,10,,,,,1,1151/1/1,A,658.4,17147,0,,,,digi1.DB:BOOK_OTHER_TITLES | digi1.DB:COPIES_VOLUMES | digi1.DB:EDITOR_BOOK | digi1.DB:PUBL_BOOK,MASTER_TITLE_MISSING_RELATIONS_RECOVERED
1152,,Missing from available BOOK master records,,,,,,,,,,رايموند مكليود | جيورج شيل | سرور على ابراهيم سرور | محمد يحي عبد الرحمن | عبد المنعم بن ابراهيم العبد المنعم,987 | 988 | 695 | 828 | 698,,دار المريخ,89,,,,,1,1152/1/1,A,658.4,14933,0,,,,digi1.DB:BOOK_OTHER_TITLES | digi1.DB:COPIES_VOLUMES | digi1.DB:EDITOR_BOOK | digi1.DB:PUBL_BOOK,MASTER_TITLE_MISSING_RELATIONS_RECOVERED
1153,,Missing from available BOOK master records,,,,,,,,,,محمد الصيرفى,21,,مؤسسة حورس الدولية,9,,,,,2,1153/1/1 | 1153/2/1,A,658.3,17509,0,,0,,digi1.DB:BOOK_OTHER_TITLES | digi1.DB:COPIES_VOLUMES | digi1.DB:EDITOR_BOOK | digi1.DB:PUBL_BOOK | digi1.DB:SERIAL_BOOK,MASTER_TITLE_MISSING_RELATIONS_RECOVERED
1154,,Missing from available BOOK master records,,,,,,,,,,أحمد سيد مصطفى,930,,المؤلف,8,,,,,1,1154/1/1,A,658.3,17612,0,,,,digi1.DB:BOOK_OTHER_TITLES | digi1.DB:COPIES_VOLUMES | digi1.DB:EDITOR_BOOK | digi1.DB:PUBL_BOOK,MASTER_TITLE_MISSING_RELATIONS_RECOVERED
1155,,Missing from available BOOK master records,,,,,,,,,,سامى عبد القادر,989,,مجموعة النيل العربية,40,,,,,1,1155/1/1,A,647.9,14178,0,,,,digi1.DB:BOOK_OTHER_TITLES | digi1.DB:COPIES_VOLUMES | digi1.DB:EDITOR_BOOK | digi1.DB:PUBL_BOOK,MASTER_TITLE_MISSING_RELATIONS_RECOVERED
1156,,Missing from available BOOK master records,,,,,,,,,,مدحت محمد ابو النصر,83,,إيتراك للطباعة والنشر والتوزيع,10,,,,,1,1156/1/1,A,658.3,17401,0,,,,digi1.DB:BOOK_OTHER_TITLES | digi1.DB:COPIES_VOLUMES | digi1.DB:EDITOR_BOOK | digi1.DB:PUBL_BOOK,MASTER_TITLE_MISSING_RELATIONS_RECOVERED
1157,,Missing from available BOOK master records,,,,,,,,,,عبد الله فرغلى على موسى,990,,إيتراك للطباعة والنشر والتوزيع,10,,,,,2,1157/1/1 | 1157/2/1,A,658.801,17149,0,,,,digi1.DB:BOOK_OTHER_TITLES | digi1.DB:COPIES_VOLUMES | digi1.DB:EDITOR_BOOK | digi1.DB:PUBL_BOOK,MASTER_TITLE_MISSING_RELATIONS_RECOVERED
1158,,Missing from available BOOK master records,,,,,,,,,,ثابت عبد الرحمن إدريس,155,,الدار الجامعية,1,,,,,1,1158/1/1,A,658.7,14761,0,,,,digi1.DB:BOOK_OTHER_TITLES | digi1.DB:COPIES_VOLUMES | digi1.DB:EDITOR_BOOK | digi1.DB:PUBL_BOOK,MASTER_TITLE_MISSING_RELATIONS_RECOVERED
1159,,Missing from available BOOK master records,,,,,,,,,,أحمد ماهر,918,,الدار الجامعية,1,,,,,1,1159/1/1,A,658.405,14951,0,,,,digi1.DB:BOOK_OTHER_TITLES | digi1.DB:COPIES_VOLUMES | digi1.DB:EDITOR_BOOK | digi1.DB:PUBL_BOOK,MASTER_TITLE_MISSING_RELATIONS_RECOVERED
1160,,Missing from available BOOK master records,,,,,,,,,,عبد الرحمن توفيق,10,,مركز الخبرات المهنية للادارة (بميك),6,,,,,1,1160/1/1,A,658.312,14689,0,,7,,digi1.DB:BOOK_OTHER_TITLES | digi1.DB:COPIES_VOLUMES | digi1.DB:EDITOR_BOOK | digi1.DB:PUBL_BOOK | digi1.DB:SERIAL_BOOK,MASTER_TITLE_MISSING_RELATIONS_RECOVERED
1161,,Missing from available BOOK master records,,,,,,,,,,إدوارد مينيكا | زوريانا كورزيجا,991 | 992,,دار المريخ,89,,,,,2,1161/1/1 | 1161/2/1,A,519.5,17478,0,,,,digi1.DB:BOOK_OTHER_TITLES | digi1.DB:COPIES_VOLUMES | digi1.DB:EDITOR_BOOK | digi1.DB:PUBL_BOOK,MASTER_TITLE_MISSING_RELATIONS_RECOVERED
1162,,Missing from available BOOK master records,,,,,,,,,,منير ابراهيم هندى,849,,منشأة المعارف,98,,,,,1,1162/1/1,A,332.66,15092,0,,,,digi1.DB:BOOK_OTHER_TITLES | digi1.DB:COPIES_VOLUMES | digi1.DB:EDITOR_BOOK | digi1.DB:PUBL_BOOK,MASTER_TITLE_MISSING_RELATIONS_RECOVERED
1163,,Missing from available BOOK master records,,,,,,,,,,محمود محمود السجاعى,124,,المكتبة العصرية,32,,,,,2,1163/1/1 | 1163/2/1,A,657.95,17224,0,,,,digi1.DB:BOOK_OTHER_TITLES | digi1.DB:COPIES_VOLUMES | digi1.DB:EDITOR_BOOK | digi1.DB:PUBL_BOOK,MASTER_TITLE_MISSING_RELATIONS_RECOVERED
1164,,Missing from available BOOK master records,,,,,,,,,,طارق عبد العال حماد,330,,الدار الجامعية,1,,,,,2,1164/1/1 | 1164/2/1,A,332.642,15006,0,,,,digi1.DB:BOOK_OTHER_TITLES | digi1.DB:COPIES_VOLUMES | digi1.DB:EDITOR_BOOK | digi1.DB:PUBL_BOOK,MASTER_TITLE_MISSING_RELATIONS_RECOVERED
1165,,Missing from available BOOK master records,,,,,,,,,,برايان كويل,649,,دار الفاروق للنشر والتوزيع,63,,,,,2,1165/1/1 | 1165/2/1,A,336.3,14995,0,,,,digi1.DB:BOOK_OTHER_TITLES | digi1.DB:COPIES_VOLUMES | digi1.DB:EDITOR_BOOK | digi1.DB:PUBL_BOOK,MASTER_TITLE_MISSING_RELATIONS_RECOVERED
1166,,Missing from available BOOK master records,,,,,,,,,,اسامة كامل | عبد الغنى حامد,702 | 768,,مؤسسة لورد العالمية للشئون الجامعية,93,,,,,1,1166/1/1,A,332.1,17415,0,,,,digi1.DB:BOOK_OTHER_TITLES | digi1.DB:COPIES_VOLUMES | digi1.DB:EDITOR_BOOK | digi1.DB:PUBL_BOOK,MASTER_TITLE_MISSING_RELATIONS_RECOVERED
1168,,Missing from available BOOK master records,,,,,,,,,,محمد منير حجاب,950,,دار الفجر للنشر والتوزيع,54,,,,,2,1168/1/1 | 1168/2/1,A,302.2,17258,0,,,,digi1.DB:BOOK_OTHER_TITLES | digi1.DB:COPIES_VOLUMES | digi1.DB:EDITOR_BOOK | digi1.DB:PUBL_BOOK,MASTER_TITLE_MISSING_RELATIONS_RECOVERED
1169,,Missing from available BOOK master records,,,,,,,,,,محمد منير حجاب,950,,دار الفجر للنشر والتوزيع,54,,,,,1,1169/1/1,A,302.23,17277,0,,,,digi1.DB:BOOK_OTHER_TITLES | digi1.DB:COPIES_VOLUMES | digi1.DB:EDITOR_BOOK | digi1.DB:PUBL_BOOK,MASTER_TITLE_MISSING_RELATIONS_RECOVERED
1170,,Missing from available BOOK master records,,,,,,,,,,ناصر نور الدين عبد اللطيف | شحاته السيد شحاته,338 | 1008,,الدار الجامعية,1,,,,,2,1170/1/1 | 1170/2/1,A,657.42,14710,0,,,,digi1.DB:BOOK_OTHER_TITLES | digi1.DB:COPIES_VOLUMES | digi1.DB:EDITOR_BOOK | digi1.DB:PUBL_BOOK,MASTER_TITLE_MISSING_RELATIONS_RECOVERED
1171,,Missing from available BOOK master records,,,,,,,,,,غادة صالح حسن,375,,دار الوفاء لدنيا الطباعة والنشر,64,,,,,1,1171/1/1,A,338.514,17324,0,,,,digi1.DB:BOOK_OTHER_TITLES | digi1.DB:COPIES_VOLUMES | digi1.DB:EDITOR_BOOK | digi1.DB:PUBL_BOOK,MASTER_TITLE_MISSING_RELATIONS_RECOVERED
1172,,Missing from available BOOK master records,,,,,,,,,,أحمد سيد مصطفى,930,,المؤلف,8,,,,,2,1172/1/1 | 1172/2/1,A,658.5,17325 | 14475,0,,,,digi1.DB:BOOK_OTHER_TITLES | digi1.DB:COPIES_VOLUMES | digi1.DB:EDITOR_BOOK | digi1.DB:PUBL_BOOK,MASTER_TITLE_MISSING_RELATIONS_RECOVERED
1173,,Missing from available BOOK master records,,,,,,,,,,طارق عبد العال حماد,330,,الدار الجامعية,1,,,,,2,1173/1/1 | 1173/2/1,A,657.48,17334,0,,,,digi1.DB:BOOK_OTHER_TITLES | digi1.DB:COPIES_VOLUMES | digi1.DB:EDITOR_BOOK | digi1.DB:PUBL_BOOK,MASTER_TITLE_MISSING_RELATIONS_RECOVERED
1174,,Missing from available BOOK master records,,,,,,,,,,محمد المهدى محمد على | كرم على فايد,993 | 994,,جامعة قناة السويس,113,,,,,2,1174/1/1 | 1174/2/1,A,510,17114,0,,,,digi1.DB:BOOK_OTHER_TITLES | digi1.DB:COPIES_VOLUMES | digi1.DB:EDITOR_BOOK | digi1.DB:PUBL_BOOK,MASTER_TITLE_MISSING_RELATIONS_RECOVERED
1175,,Missing from available BOOK master records,,,,,,,,,,ديفيد أندرسون | دينس سوينى | توماس وليامز | محمد توفيق البلقينى | مرفت طلعت المحلاوى,995 | 996 | 997 | 998 | 999,,دار المريخ,89,,,,,1,1175/1/1,A,519,17327,0,,,,digi1.DB:BOOK_OTHER_TITLES | digi1.DB:COPIES_VOLUMES | digi1.DB:EDITOR_BOOK | digi1.DB:PUBL_BOOK,MASTER_TITLE_MISSING_RELATIONS_RECOVERED
1176,,Missing from available BOOK master records,,,,,,,,,,جمال محمد شاكر,1000,,الدار الجامعية,1,,,,,2,1176/1/1 | 1176/2/1,A,519.5,14463,0,,,,digi1.DB:BOOK_OTHER_TITLES | digi1.DB:COPIES_VOLUMES | digi1.DB:EDITOR_BOOK | digi1.DB:PUBL_BOOK,MASTER_TITLE_MISSING_RELATIONS_RECOVERED
1177,,Missing from available BOOK master records,,,,,,,,,,امين السيد احمد لطفى,181,,الدار الجامعية,1,,,,,2,1177/1/1 | 1177/2/1,A,657,14407,0,,,,digi1.DB:BOOK_OTHER_TITLES | digi1.DB:COPIES_VOLUMES | digi1.DB:EDITOR_BOOK | digi1.DB:PUBL_BOOK,MASTER_TITLE_MISSING_RELATIONS_RECOVERED
1178,,Missing from available BOOK master records,,,,,,,,,,رجاء محمود أبو علام,1001,,دار النشر للجامعات,55,,,,,1,1178/1/1,A,519.5,17017,0,,,,digi1.DB:BOOK_OTHER_TITLES | digi1.DB:COPIES_VOLUMES | digi1.DB:EDITOR_BOOK | digi1.DB:PUBL_BOOK,MASTER_TITLE_MISSING_RELATIONS_RECOVERED
1179,,Missing from available BOOK master records,,,,,,,,,,فؤاد محمد موسى,1002,,دار اسراء للطباعة والنشر,87,,,,,2,1179/1/1 | 1179/2/1,A,510,14687,0,,,,digi1.DB:BOOK_OTHER_TITLES | digi1.DB:COPIES_VOLUMES | digi1.DB:EDITOR_BOOK | digi1.DB:PUBL_BOOK,MASTER_TITLE_MISSING_RELATIONS_RECOVERED
1180,,Missing from available BOOK master records,,,,,,,,,,محمد سمير الصبان,1003,,الدار الجامعية,1,,,,,1,1180/1/1,A,657.833,14493,0,,,,digi1.DB:BOOK_OTHER_TITLES | digi1.DB:COPIES_VOLUMES | digi1.DB:EDITOR_BOOK | digi1.DB:PUBL_BOOK,MASTER_TITLE_MISSING_RELATIONS_RECOVERED
1181,,Missing from available BOOK master records,,,,,,,,,,محمد منير حجاب,950,,دار الفجر للنشر والتوزيع,54,,,,,2,1181/1/1 | 1181/2/1,A,302.24,17257,0,,,,digi1.DB:BOOK_OTHER_TITLES | digi1.DB:COPIES_VOLUMES | digi1.DB:EDITOR_BOOK | digi1.DB:PUBL_BOOK,MASTER_TITLE_MISSING_RELATIONS_RECOVERED
1182,,Missing from available BOOK master records,,,,,,,,,,مراد على نشأت خليل,1004,,المؤلف,8,,,,,1,1182/1/1,A,338.514,17440,0,,,,digi1.DB:BOOK_OTHER_TITLES | digi1.DB:COPIES_VOLUMES | digi1.DB:EDITOR_BOOK | digi1.DB:PUBL_BOOK,MASTER_TITLE_MISSING_RELATIONS_RECOVERED
1183,,Missing from available BOOK master records,,,,,,,,,,كمال الدين مصطفى الدهراوى,914,,الدار الجامعية,1,,,,,2,1183/1/1 | 1183/2/1,A,657,14652,0,,,,digi1.DB:BOOK_OTHER_TITLES | digi1.DB:COPIES_VOLUMES | digi1.DB:EDITOR_BOOK | digi1.DB:PUBL_BOOK,MASTER_TITLE_MISSING_RELATIONS_RECOVERED
1184,,Missing from available BOOK master records,,,,,,,,,,ناصر نور الدين عبد اللطيف,338,,الدار الجامعية,1,,,,,2,1184/1/1 | 1184/2/1,A,657.4 | 657,14756,0,,,,digi1.DB:BOOK_OTHER_TITLES | digi1.DB:COPIES_VOLUMES | digi1.DB:EDITOR_BOOK | digi1.DB:PUBL_BOOK,MASTER_TITLE_MISSING_RELATIONS_RECOVERED
1185,,Missing from available BOOK master records,,,,,,,,,,احمد محمد غنيم,1005,,المكتبة العصرية,32,,,,,2,1185/1/1 | 1185/2/1,A,332.1,17310,0,,,,digi1.DB:BOOK_OTHER_TITLES | digi1.DB:COPIES_VOLUMES | digi1.DB:EDITOR_BOOK | digi1.DB:PUBL_BOOK,MASTER_TITLE_MISSING_RELATIONS_RECOVERED
1188,,Missing from available BOOK master records,,,,,,,,,,غازى عناية,979,,مؤسسة شباب الجامعة,53,,,,,2,1188/1/1 | 1188/2/1,A,336,,0,,,,digi1.DB:BOOK_OTHER_TITLES | digi1.DB:COPIES_VOLUMES | digi1.DB:EDITOR_BOOK | digi1.DB:PUBL_BOOK,MASTER_TITLE_MISSING_RELATIONS_RECOVERED
1189,,Missing from available BOOK master records,,,,,,,,,,برايان كويل,649,,دار الفاروق للنشر والتوزيع,63,,,,,3,1189/1/1 | 1189/2/1 | 1189/3/1,A,332.63 | 336.63,14718,0,,,,digi1.DB:BOOK_OTHER_TITLES | digi1.DB:COPIES_VOLUMES | digi1.DB:EDITOR_BOOK | digi1.DB:PUBL_BOOK,MASTER_TITLE_MISSING_RELATIONS_RECOVERED
1190,,Missing from available BOOK master records,,,,,,,,,,محمود السيد الناغى,958,,المكتبة العصرية,32,,,,,0,,,,,0,,,,digi1.DB:BOOK_OTHER_TITLES | digi1.DB:EDITOR_BOOK | digi1.DB:PUBL_BOOK,MASTER_TITLE_MISSING_RELATIONS_RECOVERED
1191,,Missing from available BOOK master records,,,,,,,,,,أحمد محمد نور | حسين عبيد | شحاته السيد شحاته,1006 | 1007 | 1008,,الدار الجامعية,1,,,,,2,1191/1/1 | 1191/2/1,A,657.42,15014,0,,,,digi1.DB:BOOK_OTHER_TITLES | digi1.DB:COPIES_VOLUMES | digi1.DB:EDITOR_BOOK | digi1.DB:PUBL_BOOK,MASTER_TITLE_MISSING_RELATIONS_RECOVERED
1192,,Missing from available BOOK master records,,,,,,,,,,عاطف وليم اندراوس,860,,مؤسسة شباب الجامعة,53,,,,,3,1192/1/1 | 1192/2/1 | 1192/3/1,A,336 | هدية,14639 | 14380 | 798,0,,,,digi1.DB:BOOK_OTHER_TITLES | digi1.DB:COPIES_VOLUMES | digi1.DB:EDITOR_BOOK | digi1.DB:PUBL_BOOK,MASTER_TITLE_MISSING_RELATIONS_RECOVERED
1193,,Missing from available BOOK master records,,,,,,,,,,ثناء على القبانى,831,,الدار الجامعية,1,,,,,1,1193/1/1,A,657,15094,0,,,,digi1.DB:BOOK_OTHER_TITLES | digi1.DB:COPIES_VOLUMES | digi1.DB:EDITOR_BOOK | digi1.DB:PUBL_BOOK,MASTER_TITLE_MISSING_RELATIONS_RECOVERED
1194,,Missing from available BOOK master records,,,,,,,,,,ابراهيم على ابراهيم عبد ربه,1009,,الدار الجامعية,1,,,,,1,1194/1/1,A,519.5,17157,0,,,,digi1.DB:BOOK_OTHER_TITLES | digi1.DB:COPIES_VOLUMES | digi1.DB:EDITOR_BOOK | digi1.DB:PUBL_BOOK,MASTER_TITLE_MISSING_RELATIONS_RECOVERED
1195,,Missing from available BOOK master records,,,,,,,,,,امين السيد احمد لطفى,181,,الدار الجامعية,1,,,,,6,1195/1/1 | 1195/2/1 | 1195/3/1 | 1195/4/1 | 1195/5/1 | 1195/6/1,A,657.48,14632 | 14708,0,,,,digi1.DB:BOOK_OTHER_TITLES | digi1.DB:COPIES_VOLUMES | digi1.DB:EDITOR_BOOK | digi1.DB:PUBL_BOOK,MASTER_TITLE_MISSING_RELATIONS_RECOVERED
1196,,Missing from available BOOK master records,,,,,,,,,,عبد الوهاب نصر على | شحاته السيد شحاته,919 | 1008,,الدار الجامعية,1,,,,,1,1196/1/1,A,657.54,14948,0,,,,digi1.DB:BOOK_OTHER_TITLES | digi1.DB:COPIES_VOLUMES | digi1.DB:EDITOR_BOOK | digi1.DB:PUBL_BOOK,MASTER_TITLE_MISSING_RELATIONS_RECOVERED
1198,,Missing from available BOOK master records,,,,,,,,,,محمد سامى راضى,858,,الدار الجامعية,1,,,,,2,1198/1/1 | 1198/2/1,A,657.832,14955,0,,,,digi1.DB:BOOK_OTHER_TITLES | digi1.DB:COPIES_VOLUMES | digi1.DB:EDITOR_BOOK | digi1.DB:PUBL_BOOK,MASTER_TITLE_MISSING_RELATIONS_RECOVERED
1199,,Missing from available BOOK master records,,,,,,,,,,أحمد محمد غنيم,146,,المكتبة العصرية,32,,,,,1,1199/1/1,A,658.5,17326,0,,,,digi1.DB:BOOK_OTHER_TITLES | digi1.DB:COPIES_VOLUMES | digi1.DB:EDITOR_BOOK | digi1.DB:PUBL_BOOK,MASTER_TITLE_MISSING_RELATIONS_RECOVERED
1200,,Missing from available BOOK master records,,,,,,,,,,بول الن شوت,1010,,مركز معلومات قراء الشرق الاوسط,114,,,,,1,1200/1/1,A,332,,0,,,,digi1.DB:BOOK_OTHER_TITLES | digi1.DB:COPIES_VOLUMES | digi1.DB:EDITOR_BOOK | digi1.DB:PUBL_BOOK,MASTER_TITLE_MISSING_RELATIONS_RECOVERED
1201,,Missing from available BOOK master records,,,,,,,,,,أحمد سيد مصطفى,930,,المؤلف,8,,,,,2,1201/1/1 | 1201/2/1,A,658.5,15054,0,,,,digi1.DB:BOOK_OTHER_TITLES | digi1.DB:COPIES_VOLUMES | digi1.DB:EDITOR_BOOK | digi1.DB:PUBL_BOOK,MASTER_TITLE_MISSING_RELATIONS_RECOVERED
1202,,Missing from available BOOK master records,,,,,,,,,,عبد الغفار حنفى | رسمية قرياقص,164 | 942,,الدار الجامعية,1,,,,,1,1202/1/1,A,332.1,17333,0,,,,digi1.DB:BOOK_OTHER_TITLES | digi1.DB:COPIES_VOLUMES | digi1.DB:EDITOR_BOOK | digi1.DB:PUBL_BOOK,MASTER_TITLE_MISSING_RELATIONS_RECOVERED
1203,,Missing from available BOOK master records,,,,,,,,,,,,,المكتبة العصرية,32,,,,,3,1203/1/1 | 1203/2/1 | 1203/3/1,A,657.835,15055 | 16013,0,,,,digi1.DB:BOOK_OTHER_TITLES | digi1.DB:COPIES_VOLUMES | digi1.DB:PUBL_BOOK,MASTER_TITLE_MISSING_RELATIONS_RECOVERED
1204,,Missing from available BOOK master records,,,,,,,,,,محمود احمد عبد الرحيم التونى,1011,,دار الفجر للنشر والتوزيع,54,,,,,1,1204/1/1,A,332.16,17320,0,,,,digi1.DB:BOOK_OTHER_TITLES | digi1.DB:COPIES_VOLUMES | digi1.DB:EDITOR_BOOK | digi1.DB:PUBL_BOOK,MASTER_TITLE_MISSING_RELATIONS_RECOVERED
1205,,Missing from available BOOK master records,,,,,,,,,,حدة رايس,1012,,إيتراك للطباعة والنشر والتوزيع,10,,,,,1,1205/1/1,A,332.113,17526,0,,,,digi1.DB:BOOK_OTHER_TITLES | digi1.DB:COPIES_VOLUMES | digi1.DB:EDITOR_BOOK | digi1.DB:PUBL_BOOK,MASTER_TITLE_MISSING_RELATIONS_RECOVERED
1206,,Missing from available BOOK master records,,,,,,,,,,طارق وفيق,1013,,المكتبة الاكاديمية,2,,,,,1,1206/1/1,A,307.1,14424,0,,,,digi1.DB:BOOK_OTHER_TITLES | digi1.DB:COPIES_VOLUMES | digi1.DB:EDITOR_BOOK | digi1.DB:PUBL_BOOK,MASTER_TITLE_MISSING_RELATIONS_RECOVERED
1207,,Missing from available BOOK master records,,,,,,,,,,احمد السعيد الزقرد,230,,المكتبة العصرية,32,,,,,1,1207/1/1,A,344,17153,0,,,,digi1.DB:BOOK_OTHER_TITLES | digi1.DB:COPIES_VOLUMES | digi1.DB:EDITOR_BOOK | digi1.DB:PUBL_BOOK,MASTER_TITLE_MISSING_RELATIONS_RECOVERED
1208,,Missing from available BOOK master records,,,,,,,,,,محمود محمد على صبره,876,,مكتبة صبره للتأليف والنشر,115,,,,,1,1208/1/1,A,346.02,17186,0,,,,digi1.DB:BOOK_OTHER_TITLES | digi1.DB:COPIES_VOLUMES | digi1.DB:EDITOR_BOOK | digi1.DB:PUBL_BOOK,MASTER_TITLE_MISSING_RELATIONS_RECOVERED
1209,,Missing from available BOOK master records,,,,,,,,,,خالد ممدوح ابراهيم,215,,الدار الجامعية,1,,,,,2,1209/1/1 | 1209/2/1,A,346.02,14949,0,,,,digi1.DB:BOOK_OTHER_TITLES | digi1.DB:COPIES_VOLUMES | digi1.DB:EDITOR_BOOK | digi1.DB:PUBL_BOOK,MASTER_TITLE_MISSING_RELATIONS_RECOVERED
1210,,Missing from available BOOK master records,,,,,,,,,,ثابت عبد الرحمن إدريس,155,,الدار الجامعية,1,,,,,5,1210/1/1 | 1210/2/1 | 1210/3/1 | 1210/4/1 | 1210/5/1,A,658.5,14698 | 15005 | 14762,0,,,,digi1.DB:BOOK_OTHER_TITLES | digi1.DB:COPIES_VOLUMES | digi1.DB:EDITOR_BOOK | digi1.DB:PUBL_BOOK,MASTER_TITLE_MISSING_RELATIONS_RECOVERED
1211,,Missing from available BOOK master records,,,,,,,,,,محمد صالح الحناوى | جلال إبراهيم العبد,753 | 1014,,الدار الجامعية,1,,,,,2,1211/1/1 | 1211/2/1,A,332,14487,0,,,,digi1.DB:BOOK_OTHER_TITLES | digi1.DB:COPIES_VOLUMES | digi1.DB:EDITOR_BOOK | digi1.DB:PUBL_BOOK,MASTER_TITLE_MISSING_RELATIONS_RECOVERED
1212,,Missing from available BOOK master records,,,,,,,,,,ثناء على القبانى,831,,,,,,,,2,1212/1/1 | 1212/2/1,A,657,14709,0,,,,digi1.DB:BOOK_OTHER_TITLES | digi1.DB:COPIES_VOLUMES | digi1.DB:EDITOR_BOOK,MASTER_TITLE_MISSING_RELATIONS_RECOVERED
1213,,Missing from available BOOK master records,,,,,,,,,,صلاح إسماعيل حسن | عبد الرحمن توفيق,1015 | 10,,مركز الخبرات المهنية للادارة (بميك),6,,,,,2,1213/1/1 | 1213/2/1,A,336.27,15098,0,,,,digi1.DB:BOOK_OTHER_TITLES | digi1.DB:COPIES_VOLUMES | digi1.DB:EDITOR_BOOK | digi1.DB:PUBL_BOOK,MASTER_TITLE_MISSING_RELATIONS_RECOVERED
1214,,Missing from available BOOK master records,,,,,,,,,,احمد محمد غنيم,1005,,المكتبة العصرية,32,,,,,2,1214/1/1 | 1214/2/1,A,658.5,17330,0,,,,digi1.DB:BOOK_OTHER_TITLES | digi1.DB:COPIES_VOLUMES | digi1.DB:EDITOR_BOOK | digi1.DB:PUBL_BOOK,MASTER_TITLE_MISSING_RELATIONS_RECOVERED
1215,,Missing from available BOOK master records,,,,,,,,,,فوزى درويش,1016,,المؤلف,8,,,,,2,1215/1/1 | 1215/2/1,A,333.79,14398,0,,,,digi1.DB:BOOK_OTHER_TITLES | digi1.DB:COPIES_VOLUMES | digi1.DB:EDITOR_BOOK | digi1.DB:PUBL_BOOK,MASTER_TITLE_MISSING_RELATIONS_RECOVERED
1216,,Missing from available BOOK master records,,,,,,,,,,عبد الوهاب نصر على | شحاته السيد شحاته,919 | 1008,,الدار الجامعية,1,,,,,1,1216/1/1,A,657.48,17156,0,,,,digi1.DB:BOOK_OTHER_TITLES | digi1.DB:COPIES_VOLUMES | digi1.DB:EDITOR_BOOK | digi1.DB:PUBL_BOOK,MASTER_TITLE_MISSING_RELATIONS_RECOVERED
1217,,Missing from available BOOK master records,,,,,,,,,,عبد الحميد الشواربى,1017,,منشأة المعارف,98,,,,,2,1217/1/1 | 1217/2/1,A,346.02,14142,0,,,,digi1.DB:BOOK_OTHER_TITLES | digi1.DB:COPIES_VOLUMES | digi1.DB:EDITOR_BOOK | digi1.DB:PUBL_BOOK,MASTER_TITLE_MISSING_RELATIONS_RECOVERED
1218,,Missing from available BOOK master records,,,,,,,,,,جوديت ليغ | عبد الحكم أحمد الخزامى,1018 | 451,,دار الفجر للنشر والتوزيع,54,,,,,1,1218/1/1,A,658.45,17259,0,,,,digi1.DB:BOOK_OTHER_TITLES | digi1.DB:COPIES_VOLUMES | digi1.DB:EDITOR_BOOK | digi1.DB:PUBL_BOOK,MASTER_TITLE_MISSING_RELATIONS_RECOVERED
1219,,Missing from available BOOK master records,,,,,,,,,,جواهر القناديلى,342,,مركز الخبرات المهنية للادارة (بميك),6,,,,,1,1219/1/1,A,658.401,17140,0,,,,digi1.DB:BOOK_OTHER_TITLES | digi1.DB:COPIES_VOLUMES | digi1.DB:EDITOR_BOOK | digi1.DB:PUBL_BOOK,MASTER_TITLE_MISSING_RELATIONS_RECOVERED
1220,,Missing from available BOOK master records,,,,,,,,,,جلال الشافعى,1019,,المؤلف,8,,,,,2,1220/1/1 | 1220/2/1,A,657.46,14753,0,,,,digi1.DB:BOOK_OTHER_TITLES | digi1.DB:COPIES_VOLUMES | digi1.DB:EDITOR_BOOK | digi1.DB:PUBL_BOOK,MASTER_TITLE_MISSING_RELATIONS_RECOVERED
1221,,Missing from available BOOK master records,,,,,,,,,,ثابت عبد الرحمن إدريس,155,,الدار الجامعية,1,,,,,1,1221/1/1,A,658.4,14511,0,,,,digi1.DB:BOOK_OTHER_TITLES | digi1.DB:COPIES_VOLUMES | digi1.DB:EDITOR_BOOK | digi1.DB:PUBL_BOOK,MASTER_TITLE_MISSING_RELATIONS_RECOVERED
1222,,Missing from available BOOK master records,,,,,,,,,,ثناء على القبانى | نادر شعبان إبراهيم السواح,831 | 830,,الدار الجامعية,1,,,,,2,1222/1/1 | 1222/2/1,A,657.45,14649,0,,,,digi1.DB:BOOK_OTHER_TITLES | digi1.DB:COPIES_VOLUMES | digi1.DB:EDITOR_BOOK | digi1.DB:PUBL_BOOK,MASTER_TITLE_MISSING_RELATIONS_RECOVERED
1223,,Missing from available BOOK master records,,,,,,,,,,ثابت عبد الرحمن إدريس,155,,الدار الجامعية,1,,,,,2,1223/1/1 | 1223/2/1,A,658.7,15053,0,,,,digi1.DB:BOOK_OTHER_TITLES | digi1.DB:COPIES_VOLUMES | digi1.DB:EDITOR_BOOK | digi1.DB:PUBL_BOOK,MASTER_TITLE_MISSING_RELATIONS_RECOVERED
1224,,Missing from available BOOK master records,,,,,,,,,,امين السيد احمد لطفى,181,,الدار الجامعية,1,,,,,1,1224/1/1,A,657,14929,0,,,,digi1.DB:BOOK_OTHER_TITLES | digi1.DB:COPIES_VOLUMES | digi1.DB:EDITOR_BOOK | digi1.DB:PUBL_BOOK,MASTER_TITLE_MISSING_RELATIONS_RECOVERED
1225,,Missing from available BOOK master records,,,,,,,,,,طارق عبد العال حماد,330,,الدار الجامعية,1,,,,,2,1225/1/1 | 1225/2/1,A,338.7,14391,0,,,,digi1.DB:BOOK_OTHER_TITLES | digi1.DB:COPIES_VOLUMES | digi1.DB:EDITOR_BOOK | digi1.DB:PUBL_BOOK,MASTER_TITLE_MISSING_RELATIONS_RECOVERED
1226,,Missing from available BOOK master records,,,,,,,,,,Robin karol,1021,,"Wiley publishing,inc",18,,,,,1,1226/1/1,A,658.5,17266,0,,,,digi1.DB:BOOK_OTHER_TITLES | digi1.DB:COPIES_VOLUMES | digi1.DB:EDITOR_BOOK | digi1.DB:PUBL_BOOK,MASTER_TITLE_MISSING_RELATIONS_RECOVERED
1227,,Missing from available BOOK master records,,,,,,,,,,جمال الدين الخازندار,1022,,المنظمة العربية للتنمية الادارية,3,,,,,2,1227/1/1 | 1227/2/1,A,153.9,15075,0,,,,digi1.DB:BOOK_OTHER_TITLES | digi1.DB:COPIES_VOLUMES | digi1.DB:EDITOR_BOOK | digi1.DB:PUBL_BOOK,MASTER_TITLE_MISSING_RELATIONS_RECOVERED
1228,,Missing from available BOOK master records,,,,,,,,,,أحمد محمد نور | احمد حسين على حسنين,1006 | 870,,الدار الجامعية,1,,,,,2,1228/1/1 | 1228/2/1,A,658.151,14967,0,,,,digi1.DB:BOOK_OTHER_TITLES | digi1.DB:COPIES_VOLUMES | digi1.DB:EDITOR_BOOK | digi1.DB:PUBL_BOOK,MASTER_TITLE_MISSING_RELATIONS_RECOVERED
1229,,Missing from available BOOK master records,,,,,,,,,,مكرم عبد المسيح باسيلى | محمود محمود السجاعى,820 | 124,,المكتبة العصرية,32,,,,,2,1229/1/1 | 1229/2/1,A,657,17437,0,,,,digi1.DB:BOOK_OTHER_TITLES | digi1.DB:COPIES_VOLUMES | digi1.DB:EDITOR_BOOK | digi1.DB:PUBL_BOOK,MASTER_TITLE_MISSING_RELATIONS_RECOVERED
1230,,Missing from available BOOK master records,,,,,,,,,,احمد صلاح عطية,122,,الدار الجامعية,1,,,,,3,1230/1/1 | 1230/2/1 | 1230/3/1,A,657.42,14651 | 14763,0,,,,digi1.DB:BOOK_OTHER_TITLES | digi1.DB:COPIES_VOLUMES | digi1.DB:EDITOR_BOOK | digi1.DB:PUBL_BOOK,MASTER_TITLE_MISSING_RELATIONS_RECOVERED
1231,,Missing from available BOOK master records,,,,,,,,,,محسن أحمد الخضيرى,20,,الدار الجامعية,1,,,,,2,1231/1/1 | 1231/2/1,A,658,14954,0,,,,digi1.DB:BOOK_OTHER_TITLES | digi1.DB:COPIES_VOLUMES | digi1.DB:EDITOR_BOOK | digi1.DB:PUBL_BOOK,MASTER_TITLE_MISSING_RELATIONS_RECOVERED
1232,,Missing from available BOOK master records,,,,,,,,,,عبد الوهاب نصر على | عبد الفتاح محمد الصحن | محمد السيد سرايا | شحاته السيد شحاته,919 | 1023 | 1024 | 1008,,الدار الجامعية,1,,,,,1,1232/1/1,A,657,17158,0,,,,digi1.DB:BOOK_OTHER_TITLES | digi1.DB:COPIES_VOLUMES | digi1.DB:EDITOR_BOOK | digi1.DB:PUBL_BOOK,MASTER_TITLE_MISSING_RELATIONS_RECOVERED
1233,,Missing from available BOOK master records,,,,,,,,,,أسامة ربيع | غزال عبد العزيز عامر,1026 | 1027,,المؤلف,8,,,,,2,1233/1/1 | 1233/2/1,A,519.5,16030,0,,,,digi1.DB:BOOK_OTHER_TITLES | digi1.DB:COPIES_VOLUMES | digi1.DB:EDITOR_BOOK | digi1.DB:PUBL_BOOK,MASTER_TITLE_MISSING_RELATIONS_RECOVERED
1234,,Missing from available BOOK master records,,,,,,,,,,حسين عبيد | شحاتة السيد شحاتة,1007 | 1025,,الدار الجامعية,1,,,,,2,1234/1/1 | 1234/2/1,A,657.45,14950,0,,,,digi1.DB:BOOK_OTHER_TITLES | digi1.DB:COPIES_VOLUMES | digi1.DB:EDITOR_BOOK | digi1.DB:PUBL_BOOK,MASTER_TITLE_MISSING_RELATIONS_RECOVERED
1235,,Missing from available BOOK master records,,,,,,,,,,جمال الدين محمد مرسى | مصطفى محمود ابو بكر | طارق رشدى جبة,75 | 76 | 1028,,الدار الجامعية,1,,,,,2,1235/1/1 | 1235/2/1,A,658.4,14959,0,,,,digi1.DB:BOOK_OTHER_TITLES | digi1.DB:COPIES_VOLUMES | digi1.DB:EDITOR_BOOK | digi1.DB:PUBL_BOOK,MASTER_TITLE_MISSING_RELATIONS_RECOVERED
1236,,Missing from available BOOK master records,,,,,,,,,,طارق عبد العال حماد,330,,الدار الجامعية,1,,,,,1,1236/1/1,A,338.54,17731,0,,,,digi1.DB:BOOK_OTHER_TITLES | digi1.DB:COPIES_VOLUMES | digi1.DB:EDITOR_BOOK | digi1.DB:PUBL_BOOK,MASTER_TITLE_MISSING_RELATIONS_RECOVERED
1237,,Missing from available BOOK master records,,,,,,,,,,غريب سيد أحمد,1029,,دار المعرفة الجامعية,34,,,,,1,1237/1/1,A,519.5,14431,0,,,,digi1.DB:BOOK_OTHER_TITLES | digi1.DB:COPIES_VOLUMES | digi1.DB:EDITOR_BOOK | digi1.DB:PUBL_BOOK,MASTER_TITLE_MISSING_RELATIONS_RECOVERED
1238,,Missing from available BOOK master records,,,,,,,,,,محمد جبر المغربى,1030,,المكتبة العصرية,32,,,,,1,1238/1/1,A,519.5,17151,0,,,,digi1.DB:BOOK_OTHER_TITLES | digi1.DB:COPIES_VOLUMES | digi1.DB:EDITOR_BOOK | digi1.DB:PUBL_BOOK,MASTER_TITLE_MISSING_RELATIONS_RECOVERED
1239,,Missing from available BOOK master records,,,,,,,,,,سلطان محمد عبد الحميد,1031,,المكتبة العصرية,32,,,,,2,1239/1/1 | 1239/2/1,A,510,15085,0,,,,digi1.DB:BOOK_OTHER_TITLES | digi1.DB:COPIES_VOLUMES | digi1.DB:EDITOR_BOOK | digi1.DB:PUBL_BOOK,MASTER_TITLE_MISSING_RELATIONS_RECOVERED
1240,,Missing from available BOOK master records,,,,,,,,,,محمد الصيرفى,21,,مؤسسة حورس الدولية,9,,,,,1,1240/1/1,A,368,17722,0,,17,,digi1.DB:BOOK_OTHER_TITLES | digi1.DB:COPIES_VOLUMES | digi1.DB:EDITOR_BOOK | digi1.DB:PUBL_BOOK | digi1.DB:SERIAL_BOOK,MASTER_TITLE_MISSING_RELATIONS_RECOVERED
1241,,Missing from available BOOK master records,,,,,,,,,,محمد احمد حسان,422,,الدار الجامعية,1,,,,,1,1241/1/1,A,658.4,17161,0,,,,digi1.DB:BOOK_OTHER_TITLES | digi1.DB:COPIES_VOLUMES | digi1.DB:EDITOR_BOOK | digi1.DB:PUBL_BOOK,MASTER_TITLE_MISSING_RELATIONS_RECOVERED
1242,,Missing from available BOOK master records,,,,,,,,,,محمود السيد الناغى,958,,المكتبة العصرية,32,,,,,3,1242/1/1 | 1242/2/1 | 1242/3/1,A,657,16004 | 17433,0,,,,digi1.DB:BOOK_OTHER_TITLES | digi1.DB:COPIES_VOLUMES | digi1.DB:EDITOR_BOOK | digi1.DB:PUBL_BOOK,MASTER_TITLE_MISSING_RELATIONS_RECOVERED
1243,,Missing from available BOOK master records,,,,,,,,,,ممدوح عبد العزيز رفاعى,928,,المؤلف,8,,,,,2,1243/1/1 | 1243/2/1,A,658.5,17462,0,,,,digi1.DB:BOOK_OTHER_TITLES | digi1.DB:COPIES_VOLUMES | digi1.DB:EDITOR_BOOK | digi1.DB:PUBL_BOOK,MASTER_TITLE_MISSING_RELATIONS_RECOVERED
1244,,Missing from available BOOK master records,,,,,,,,,,فريد النجار,1,,الدار الجامعية,1,,,,,2,1244/1/1 | 1244/2/1,A,658.5,17729,0,,,,digi1.DB:BOOK_OTHER_TITLES | digi1.DB:COPIES_VOLUMES | digi1.DB:EDITOR_BOOK | digi1.DB:PUBL_BOOK,MASTER_TITLE_MISSING_RELATIONS_RECOVERED
1245,,Missing from available BOOK master records,,,,,,,,,,محمد محمد محمد الخولانى,1032,,دار الوفاء لدنيا الطباعة والنشر,64,,,,,1,1245/1/1,A,658.5,17247,0,,,,digi1.DB:BOOK_OTHER_TITLES | digi1.DB:COPIES_VOLUMES | digi1.DB:EDITOR_BOOK | digi1.DB:PUBL_BOOK,MASTER_TITLE_MISSING_RELATIONS_RECOVERED
1246,,Missing from available BOOK master records,,,,,,,,,,سهير فهمى حجازى,1033,,المؤلف,8,,,,,2,1246/1/1 | 1246/2/1,A,519.5,16000,0,,,,digi1.DB:BOOK_OTHER_TITLES | digi1.DB:COPIES_VOLUMES | digi1.DB:EDITOR_BOOK | digi1.DB:PUBL_BOOK,MASTER_TITLE_MISSING_RELATIONS_RECOVERED
1247,,Missing from available BOOK master records,,,,,,,,,,محمد سامى راضى,858,,الدار الجامعية,1,,,,,2,1247/1/1 | 1247/2/1,A,657.42,15011,0,,,,digi1.DB:BOOK_OTHER_TITLES | digi1.DB:COPIES_VOLUMES | digi1.DB:EDITOR_BOOK | digi1.DB:PUBL_BOOK,MASTER_TITLE_MISSING_RELATIONS_RECOVERED
1248,,Missing from available BOOK master records,,,,,,,,,,فريد النجار,1,,الدار الجامعية,1,,,,,2,1248/1/1 | 1248/2/1,A,658.405,14960,0,,,,digi1.DB:BOOK_OTHER_TITLES | digi1.DB:COPIES_VOLUMES | digi1.DB:EDITOR_BOOK | digi1.DB:PUBL_BOOK,MASTER_TITLE_MISSING_RELATIONS_RECOVERED
1249,,Missing from available BOOK master records,,,,,,,,,,ممدوح حمزة احمد,1034,,جامعة القاهرة,90,,,,,1,1249/1/1,A,519.5,14521,0,,,,digi1.DB:BOOK_OTHER_TITLES | digi1.DB:COPIES_VOLUMES | digi1.DB:EDITOR_BOOK | digi1.DB:PUBL_BOOK,MASTER_TITLE_MISSING_RELATIONS_RECOVERED
1250,,Missing from available BOOK master records,,,,,,,,,,أحمد محمد المصرى,1035,,مؤسسة شباب الجامعة,53,,,,,2,1250/1/1 | 1250/2/1,A,658.405,14384,0,,,,digi1.DB:BOOK_OTHER_TITLES | digi1.DB:COPIES_VOLUMES | digi1.DB:EDITOR_BOOK | digi1.DB:PUBL_BOOK,MASTER_TITLE_MISSING_RELATIONS_RECOVERED
1251,,Missing from available BOOK master records,,,,,,,,,,ابراهيم على ابراهيم عبد الله,169,,الدار الجامعية,1,,,,,2,1251/1/1 | 1251/2/1,A,519.5,15096,0,,,,digi1.DB:BOOK_OTHER_TITLES | digi1.DB:COPIES_VOLUMES | digi1.DB:EDITOR_BOOK | digi1.DB:PUBL_BOOK,MASTER_TITLE_MISSING_RELATIONS_RECOVERED
1252,,Missing from available BOOK master records,,,,,,,,,,مختار محمود الهانسى | محمد توفيق قفشير,1036 | 1037,,الدار الجامعية,1,,,,,2,1252/1/1 | 1252/2/1,A,519.5,15097,0,,,,digi1.DB:BOOK_OTHER_TITLES | digi1.DB:COPIES_VOLUMES | digi1.DB:EDITOR_BOOK | digi1.DB:PUBL_BOOK,MASTER_TITLE_MISSING_RELATIONS_RECOVERED
1253,,Missing from available BOOK master records,,,,,,,,,,توفيق محمد عبد المحسن,809,,دار الفكر العربى,76,,,,,1,1253/1/1,A,658.5,14394,0,,,,digi1.DB:BOOK_OTHER_TITLES | digi1.DB:COPIES_VOLUMES | digi1.DB:EDITOR_BOOK | digi1.DB:PUBL_BOOK,MASTER_TITLE_MISSING_RELATIONS_RECOVERED
1254,,Missing from available BOOK master records,,,,,,,,,,سعيد السيد على,129,,المؤلف,8,,,,,1,1254/1/1,A,519.5,17517,0,,,,digi1.DB:BOOK_OTHER_TITLES | digi1.DB:COPIES_VOLUMES | digi1.DB:EDITOR_BOOK | digi1.DB:PUBL_BOOK,MASTER_TITLE_MISSING_RELATIONS_RECOVERED
1255,,Missing from available BOOK master records,,,,,,,,,,محمد حافظ حجازى,559,,دار الوفاء لدنيا الطباعة والنشر,64,,,,,2,1255/1/1 | 1255/2/1,A,658.4,15070,0,,,,digi1.DB:BOOK_OTHER_TITLES | digi1.DB:COPIES_VOLUMES | digi1.DB:EDITOR_BOOK | digi1.DB:PUBL_BOOK,MASTER_TITLE_MISSING_RELATIONS_RECOVERED
1256,,Missing from available BOOK master records,,,,,,,,,,جمال غيطاس,1038,,مركز الخبرات المهنية للادارة (بميك),6,,,,,2,1256/1/1 | 1256/2/1,A,658.403,17242,0,,,,digi1.DB:BOOK_OTHER_TITLES | digi1.DB:COPIES_VOLUMES | digi1.DB:EDITOR_BOOK | digi1.DB:PUBL_BOOK,MASTER_TITLE_MISSING_RELATIONS_RECOVERED
1257,,Missing from available BOOK master records,,,,,,,,,,عايدة سيد خطاب | عمرو خير الدين | يحيى إبراهيم | إيمان عودة | سميا رمضان,69 | 1039 | 1040 | 1041 | 1042,,المؤلف,8,,,,,1,1257/1/1,A,658.4,14903,0,,,,digi1.DB:BOOK_OTHER_TITLES | digi1.DB:COPIES_VOLUMES | digi1.DB:EDITOR_BOOK | digi1.DB:PUBL_BOOK,MASTER_TITLE_MISSING_RELATIONS_RECOVERED
1258,,Missing from available BOOK master records,,,,,,,,,,سيد محمد جاد الرب,168,,المؤلف,8,,,,,2,1258/1/1 | 1258/2/1,A,658.4,15041,0,,,,digi1.DB:BOOK_OTHER_TITLES | digi1.DB:COPIES_VOLUMES | digi1.DB:EDITOR_BOOK | digi1.DB:PUBL_BOOK,MASTER_TITLE_MISSING_RELATIONS_RECOVERED
1259,,Missing from available BOOK master records,,,,,,,,,,جلال الشافعى,1019,,المؤلف,8,,,,,1,1259/1/1,A,657.46,14046,0,,,,digi1.DB:BOOK_OTHER_TITLES | digi1.DB:COPIES_VOLUMES | digi1.DB:EDITOR_BOOK | digi1.DB:PUBL_BOOK,MASTER_TITLE_MISSING_RELATIONS_RECOVERED
1260,,Missing from available BOOK master records,,,,,,,,,,أحمد محمد المصرى,1035,,مؤسسة شباب الجامعة,53,,,,,1,1260/1/1,A,658.45,17451,0,,,,digi1.DB:BOOK_OTHER_TITLES | digi1.DB:COPIES_VOLUMES | digi1.DB:EDITOR_BOOK | digi1.DB:PUBL_BOOK,MASTER_TITLE_MISSING_RELATIONS_RECOVERED
1261,,Missing from available BOOK master records,,,,,,,,,,جاسم مجيد,1043,,مؤسسة شباب الجامعة,53,,,,,1,1261/1/1,A,658.4,14387,0,,,,digi1.DB:BOOK_OTHER_TITLES | digi1.DB:COPIES_VOLUMES | digi1.DB:EDITOR_BOOK | digi1.DB:PUBL_BOOK,MASTER_TITLE_MISSING_RELATIONS_RECOVERED
1262,,Missing from available BOOK master records,,,,,,,,,,سيد محمد جاد الرب,168,,المؤلف,8,,,,,4,1262/1/1 | 1262/2/1 | 1262/3/1 | 1262/4/1,A,658.4,17544 | 17520,0,,,,digi1.DB:BOOK_OTHER_TITLES | digi1.DB:COPIES_VOLUMES | digi1.DB:EDITOR_BOOK | digi1.DB:PUBL_BOOK,MASTER_TITLE_MISSING_RELATIONS_RECOVERED
1263,,Missing from available BOOK master records,,,,,,,,,,مؤيد سعيد السالم,1044,,المنظمة العربية للتنمية الادارية,3,,,,,1,1263/1/1,A,153,14767,0,,,,digi1.DB:BOOK_OTHER_TITLES | digi1.DB:COPIES_VOLUMES | digi1.DB:EDITOR_BOOK | digi1.DB:PUBL_BOOK,MASTER_TITLE_MISSING_RELATIONS_RECOVERED
1264,,Missing from available BOOK master records,,,,,,,,,,فريد النجار,1,,الدار الجامعية,1,,,,,1,1264/1/1,A,651.3,17444,0,,,,digi1.DB:BOOK_OTHER_TITLES | digi1.DB:COPIES_VOLUMES | digi1.DB:EDITOR_BOOK | digi1.DB:PUBL_BOOK,MASTER_TITLE_MISSING_RELATIONS_RECOVERED
1265,,Missing from available BOOK master records,,,,,,,,,,البنك الدولى,1045,,مركز معلومات قراء الشرق الاوسط,114,,,,,2,1265/1/1 | 1265/2/1,A,378,14150,0,,,,digi1.DB:BOOK_OTHER_TITLES | digi1.DB:COPIES_VOLUMES | digi1.DB:EDITOR_BOOK | digi1.DB:PUBL_BOOK,MASTER_TITLE_MISSING_RELATIONS_RECOVERED
1266,,Missing from available BOOK master records,,,,,,,,,,اسامة كامل | محمد الصيرفى,702 | 21,,مؤسسة لورد العالمية للشئون الجامعية,93,,,,,1,1266/1/1,A,352.748,17483,0,,0,,digi1.DB:BOOK_OTHER_TITLES | digi1.DB:COPIES_VOLUMES | digi1.DB:EDITOR_BOOK | digi1.DB:PUBL_BOOK | digi1.DB:SERIAL_BOOK,MASTER_TITLE_MISSING_RELATIONS_RECOVERED
1267,,Missing from available BOOK master records,,,,,,,,,,ابراهيم على ابراهيم عبد ربه | يسرى عازر عبد الشهيد | سليمان سالم عبد الشافى | مصطفى ماجد محمود,1009 | 1047 | 1048 | 1049,,الدار الجامعية,1,,,,,2,1267/1/1 | 1267/2/1,A,519.5,14464,0,,,,digi1.DB:BOOK_OTHER_TITLES | digi1.DB:COPIES_VOLUMES | digi1.DB:EDITOR_BOOK | digi1.DB:PUBL_BOOK,MASTER_TITLE_MISSING_RELATIONS_RECOVERED
1268,,Missing from available BOOK master records,,,,,,,,,,لطيفة ابراهيم خضر,1046,,عالم الكتب,116,,,,,2,1268/1/1 | 1268/2/1,A,320,14905,0,,,,digi1.DB:BOOK_OTHER_TITLES | digi1.DB:COPIES_VOLUMES | digi1.DB:EDITOR_BOOK | digi1.DB:PUBL_BOOK,MASTER_TITLE_MISSING_RELATIONS_RECOVERED
1269,,Missing from available BOOK master records,,,,,,,,,,سيد محمد جاد الرب,168,,المؤلف,8,,,,,2,1269/1/1 | 1269/2/1,A,362.1,17221,0,,,,digi1.DB:BOOK_OTHER_TITLES | digi1.DB:COPIES_VOLUMES | digi1.DB:EDITOR_BOOK | digi1.DB:PUBL_BOOK,MASTER_TITLE_MISSING_RELATIONS_RECOVERED
1270,,Missing from available BOOK master records,,,,,,,,,,طارق السيد,1050,,مؤسسة شباب الجامعة,53,,,,,2,1270/1/1 | 1270/2/1,A,307.14,17457,0,,,,digi1.DB:BOOK_OTHER_TITLES | digi1.DB:COPIES_VOLUMES | digi1.DB:EDITOR_BOOK | digi1.DB:PUBL_BOOK,MASTER_TITLE_MISSING_RELATIONS_RECOVERED
1271,,Missing from available BOOK master records,,,,,,,,,,عادل فتحى ثابت عبد الرحمن,1051,,الدار الجامعية,1,,,,,2,1271/1/1 | 1271/2/1,A,320.01,14971,0,,,,digi1.DB:BOOK_OTHER_TITLES | digi1.DB:COPIES_VOLUMES | digi1.DB:EDITOR_BOOK | digi1.DB:PUBL_BOOK,MASTER_TITLE_MISSING_RELATIONS_RECOVERED
1272,,Missing from available BOOK master records,,,,,,,,,,منى شفيق,1052,,المنظمة العربية للتنمية الادارية,3,,,,,2,1272/1/1 | 1272/2/1,A,658.812,15079,0,,,,digi1.DB:BOOK_OTHER_TITLES | digi1.DB:COPIES_VOLUMES | digi1.DB:EDITOR_BOOK | digi1.DB:PUBL_BOOK,MASTER_TITLE_MISSING_RELATIONS_RECOVERED
1273,,Missing from available BOOK master records,,,,,,,,,,امين السيد احمد لطفى,181,,الدار الجامعية,1,,,,,1,1273/1/1,A,338.5,14417,0,,,,digi1.DB:BOOK_OTHER_TITLES | digi1.DB:COPIES_VOLUMES | digi1.DB:EDITOR_BOOK | digi1.DB:PUBL_BOOK,MASTER_TITLE_MISSING_RELATIONS_RECOVERED
1274,,Missing from available BOOK master records,,,,,,,,,,أحمد شرف الدين,789,,الهيئة العامة للاستثمار والمناطق الحرة,117,,,,,2,1274/1/1 | 1274/2/1,A,343.04,14415,0,,,,digi1.DB:BOOK_OTHER_TITLES | digi1.DB:COPIES_VOLUMES | digi1.DB:EDITOR_BOOK | digi1.DB:PUBL_BOOK,MASTER_TITLE_MISSING_RELATIONS_RECOVERED
1275,,Missing from available BOOK master records,,,,,,,,,,امين السيد احمد لطفى,181,,الدار الجامعية,1,,,,,2,1275/1/1 | 1275/2/1,A,657.45,14486,0,,,,digi1.DB:BOOK_OTHER_TITLES | digi1.DB:COPIES_VOLUMES | digi1.DB:EDITOR_BOOK | digi1.DB:PUBL_BOOK,MASTER_TITLE_MISSING_RELATIONS_RECOVERED
1276,,Missing from available BOOK master records,,,,,,,,,,مصطفى محمود ابو بكر,76,,الدار الجامعية,1,,,,,1,1276/1/1,A,350,14510,0,,,,digi1.DB:BOOK_OTHER_TITLES | digi1.DB:COPIES_VOLUMES | digi1.DB:EDITOR_BOOK | digi1.DB:PUBL_BOOK,MASTER_TITLE_MISSING_RELATIONS_RECOVERED
1277,,Missing from available BOOK master records,,,,,,,,,,عبد الرحمن توفيق,10,,مركز الخبرات المهنية للادارة (بميك),6,,,,,1,1277/1/1,A,658.3,15049,0,,4,,digi1.DB:BOOK_OTHER_TITLES | digi1.DB:COPIES_VOLUMES | digi1.DB:EDITOR_BOOK | digi1.DB:PUBL_BOOK | digi1.DB:SERIAL_BOOK,MASTER_TITLE_MISSING_RELATIONS_RECOVERED
1278,,Missing from available BOOK master records,,,,,,,,,,نهال فريد مصطفى | نبيلة عباس,1054 | 1055,,الدار الجامعية,1,,,,,2,1278/1/1 | 1278/2/1,A,658.4,14370,0,,,,digi1.DB:BOOK_OTHER_TITLES | digi1.DB:COPIES_VOLUMES | digi1.DB:EDITOR_BOOK | digi1.DB:PUBL_BOOK,MASTER_TITLE_MISSING_RELATIONS_RECOVERED
1279,,Missing from available BOOK master records,,,,,,,,,,محمد الصيرفى,21,,مؤسسة لورد العالمية للشئون الجامعية,93,,,,,1,1279/1/1,A,658.4,17144,0,,,,digi1.DB:BOOK_OTHER_TITLES | digi1.DB:COPIES_VOLUMES | digi1.DB:EDITOR_BOOK | digi1.DB:PUBL_BOOK,MASTER_TITLE_MISSING_RELATIONS_RECOVERED
1280,,Missing from available BOOK master records,,,,,,,,,,منير ابراهيم هندى,849,,منشأة المعارف,98,,,,,2,1280/1/1 | 1280//1,A,332.1,15088,0,,,,digi1.DB:BOOK_OTHER_TITLES | digi1.DB:COPIES_VOLUMES | digi1.DB:EDITOR_BOOK | digi1.DB:PUBL_BOOK,MASTER_TITLE_MISSING_RELATIONS_RECOVERED
1281,,Missing from available BOOK master records,,,,,,,,,,نبيل الحسينى النجار | ناجى خشبة,97 | 1057,,المكتبة العصرية,32,,,,,2,1281/1/1 | 1281/2/1,A,350,17438,0,,,,digi1.DB:BOOK_OTHER_TITLES | digi1.DB:COPIES_VOLUMES | digi1.DB:EDITOR_BOOK | digi1.DB:PUBL_BOOK,MASTER_TITLE_MISSING_RELATIONS_RECOVERED
1282,,Missing from available BOOK master records,,,,,,,,,,فيليب هينسلو | خالد العامرى,1058 | 287,,دار الفاروق للاستثمارات الثقافية,47,,,,,2,1282/1/1 | 1282/2/1,A,659.2,17128,0,,,,digi1.DB:BOOK_OTHER_TITLES | digi1.DB:COPIES_VOLUMES | digi1.DB:EDITOR_BOOK | digi1.DB:PUBL_BOOK,MASTER_TITLE_MISSING_RELATIONS_RECOVERED
1283,,Missing from available BOOK master records,,,,,,,,,,أحمد محمد غنيم,146,,المكتبة العصرية,32,,,,,2,1283/1/1 | 1283/2/1,A,658.8,17504,0,,,,digi1.DB:BOOK_OTHER_TITLES | digi1.DB:COPIES_VOLUMES | digi1.DB:EDITOR_BOOK | digi1.DB:PUBL_BOOK,MASTER_TITLE_MISSING_RELATIONS_RECOVERED
1284,,Missing from available BOOK master records,,,,,,,,,,محمد فتحى البديوى,857,,المؤلف,8,,,,,2,1284/1/1 | 1284/2/1,A,332.64,15044,0,,,,digi1.DB:BOOK_OTHER_TITLES | digi1.DB:COPIES_VOLUMES | digi1.DB:EDITOR_BOOK | digi1.DB:PUBL_BOOK,MASTER_TITLE_MISSING_RELATIONS_RECOVERED
1285,,Missing from available BOOK master records,,,,,,,,,,سعد صادق بحيرى,1059,,الدار الجامعية,1,,,,,1,1285/1/1,A,658.4,14481,0,,,,digi1.DB:BOOK_OTHER_TITLES | digi1.DB:COPIES_VOLUMES | digi1.DB:EDITOR_BOOK | digi1.DB:PUBL_BOOK,MASTER_TITLE_MISSING_RELATIONS_RECOVERED
1286,,Missing from available BOOK master records,,,,,,,,,,عبد الغفار حنفى | صلاح الدين محمد عبد الباقى,164 | 1060,,الدار الجامعية,1,,,,,1,1286/1/1,A,658.7,14158,0,,,,digi1.DB:BOOK_OTHER_TITLES | digi1.DB:COPIES_VOLUMES | digi1.DB:EDITOR_BOOK | digi1.DB:PUBL_BOOK,MASTER_TITLE_MISSING_RELATIONS_RECOVERED
1287,,Missing from available BOOK master records,,,,,,,,,,Hubert b.van hoof,1061,,Person hall,33,,,,,1,1287/1/1,A,647.9,14505,0,,,,digi1.DB:BOOK_OTHER_TITLES | digi1.DB:COPIES_VOLUMES | digi1.DB:EDITOR_BOOK | digi1.DB:PUBL_BOOK,MASTER_TITLE_MISSING_RELATIONS_RECOVERED
1288,,Missing from available BOOK master records,,,,,,,,,,بيتر ليللى,1062,,مجموعة النيل العربية,40,,,,,1,1288/1/1,A,332.9,14286,0,,,,digi1.DB:BOOK_OTHER_TITLES | digi1.DB:COPIES_VOLUMES | digi1.DB:EDITOR_BOOK | digi1.DB:PUBL_BOOK,MASTER_TITLE_MISSING_RELATIONS_RECOVERED
1289,,Missing from available BOOK master records,,,,,,,,,,منير ابراهيم هندى,849,,منشأة المعارف,98,,,,,1,1289/1/1,A,332.642,16009,0,,,,digi1.DB:BOOK_OTHER_TITLES | digi1.DB:COPIES_VOLUMES | digi1.DB:EDITOR_BOOK | digi1.DB:PUBL_BOOK,MASTER_TITLE_MISSING_RELATIONS_RECOVERED
1290,,Missing from available BOOK master records,,,,,,,,,,عبد الغفار حنفى | رسمية قرياقص | السيدة عبد الفتاح اسماعيل,164 | 942 | 892,,الدار الجامعية,1,,,,,2,1290/1/1 | 1290/2/1,A,332.1,14780,0,,,,digi1.DB:BOOK_OTHER_TITLES | digi1.DB:COPIES_VOLUMES | digi1.DB:EDITOR_BOOK | digi1.DB:PUBL_BOOK,MASTER_TITLE_MISSING_RELATIONS_RECOVERED
1291,,Missing from available BOOK master records,,,,,,,,,,مايكل بيكيت,1063,,دار الفاروق للنشر والتوزيع,63,,,,,2,1291/1/1 | 1291/2/1,A,332.632,14980,0,,,,digi1.DB:BOOK_OTHER_TITLES | digi1.DB:COPIES_VOLUMES | digi1.DB:EDITOR_BOOK | digi1.DB:PUBL_BOOK,MASTER_TITLE_MISSING_RELATIONS_RECOVERED
1292,,Missing from available BOOK master records,,,,,,,,,,برايان كويل,649,,دار الفاروق للنشر والتوزيع,63,,,,,2,1292/1/1 | 1292/2/1,A,332.64,14981,0,,,,digi1.DB:BOOK_OTHER_TITLES | digi1.DB:COPIES_VOLUMES | digi1.DB:EDITOR_BOOK | digi1.DB:PUBL_BOOK,MASTER_TITLE_MISSING_RELATIONS_RECOVERED
1293,,Missing from available BOOK master records,,,,,,,,,,جمال الدين محمد مرسى | ثابت عبد الرحمن إدريس,75 | 155,,الدار الجامعية,1,,,,,2,1293/1/1 | 1293/2/1,A,658.8,14957,0,,,,digi1.DB:BOOK_OTHER_TITLES | digi1.DB:COPIES_VOLUMES | digi1.DB:EDITOR_BOOK | digi1.DB:PUBL_BOOK,MASTER_TITLE_MISSING_RELATIONS_RECOVERED
1294,,Missing from available BOOK master records,,,,,,,,,,محمد فريد الصحن | مصطفى محمود ابو بكر,1064 | 76,,الدار الجامعية,1,,,,,1,1294/1/1,A,658.8,17133,0,,,,digi1.DB:BOOK_OTHER_TITLES | digi1.DB:COPIES_VOLUMES | digi1.DB:EDITOR_BOOK | digi1.DB:PUBL_BOOK,MASTER_TITLE_MISSING_RELATIONS_RECOVERED
1295,,Missing from available BOOK master records,,,,,,,,,,جرامى مكوركل,1065,,دار الفاروق للنشر والتوزيع,63,,,,,1,1295/1/1,A,658.8,15017,0,,,,digi1.DB:BOOK_OTHER_TITLES | digi1.DB:COPIES_VOLUMES | digi1.DB:EDITOR_BOOK | digi1.DB:PUBL_BOOK,MASTER_TITLE_MISSING_RELATIONS_RECOVERED
1296,,Missing from available BOOK master records,,,,,,,,,,عادل محمود الرشيد,797,,المنظمة العربية للتنمية الادارية,3,,,,,1,1296/1/1,A,153.98,17690,0,,,,digi1.DB:BOOK_OTHER_TITLES | digi1.DB:COPIES_VOLUMES | digi1.DB:EDITOR_BOOK | digi1.DB:PUBL_BOOK,MASTER_TITLE_MISSING_RELATIONS_RECOVERED
1297,,Missing from available BOOK master records,,,,,,,,,,بلير بالمر,1066,,دار الفاروق للاستثمارات الثقافية,47,,,,,1,1297/1/1,A,153.98,17127,0,,,,digi1.DB:BOOK_OTHER_TITLES | digi1.DB:COPIES_VOLUMES | digi1.DB:EDITOR_BOOK | digi1.DB:PUBL_BOOK,MASTER_TITLE_MISSING_RELATIONS_RECOVERED
1298,,Missing from available BOOK master records,,,,,,,,,,احمد محمد غنيم,1005,,المكتبة العصرية,32,,,,,1,1298/1/1,A,658.8,15081,0,,,,digi1.DB:BOOK_OTHER_TITLES | digi1.DB:COPIES_VOLUMES | digi1.DB:EDITOR_BOOK | digi1.DB:PUBL_BOOK,MASTER_TITLE_MISSING_RELATIONS_RECOVERED
1299,,Missing from available BOOK master records,,,,,,,,,,صفوت حميدة,1067,,المكتبة الاكاديمية,2,,,,,1,1299/1/1,A,336,14414,0,,,,digi1.DB:BOOK_OTHER_TITLES | digi1.DB:COPIES_VOLUMES | digi1.DB:EDITOR_BOOK | digi1.DB:PUBL_BOOK,MASTER_TITLE_MISSING_RELATIONS_RECOVERED
1301,,Missing from available BOOK master records,,,,,,,,,,عبد الحميد عبد الفتاح المغربى,301,,المؤلف,8,,,,,2,1301/1/1 | 1301/2/1,A,658.4,17507,0,,,,digi1.DB:BOOK_OTHER_TITLES | digi1.DB:COPIES_VOLUMES | digi1.DB:EDITOR_BOOK | digi1.DB:PUBL_BOOK,MASTER_TITLE_MISSING_RELATIONS_RECOVERED
1302,,Missing from available BOOK master records,,,,,,,,,,احمد سيد مصطفى,532,,المؤلف,8,,,,,1,1302/1/1,A,658.4,17450,0,,,,digi1.DB:BOOK_OTHER_TITLES | digi1.DB:COPIES_VOLUMES | digi1.DB:EDITOR_BOOK | digi1.DB:PUBL_BOOK,MASTER_TITLE_MISSING_RELATIONS_RECOVERED
1303,,Missing from available BOOK master records,,,,,,,,,,برايان كويل,649,,دار الفاروق للنشر والتوزيع,63,,,,,1,1303/1/1,A,332,14721,0,,,,digi1.DB:BOOK_OTHER_TITLES | digi1.DB:COPIES_VOLUMES | digi1.DB:EDITOR_BOOK | digi1.DB:PUBL_BOOK,MASTER_TITLE_MISSING_RELATIONS_RECOVERED
1304,,Missing from available BOOK master records,,,,,,,,,,محمود السيد الناغى,958,,المكتبة العصرية,32,,,,,1,1304/1/1,A,332.75,17434,0,,,,digi1.DB:BOOK_OTHER_TITLES | digi1.DB:COPIES_VOLUMES | digi1.DB:EDITOR_BOOK | digi1.DB:PUBL_BOOK,MASTER_TITLE_MISSING_RELATIONS_RECOVERED
1305,,Missing from available BOOK master records,,,,,,,,,,امين السيد احمد لطفى,181,,الدار الجامعية,1,,,,,1,1305/1/1,A,657,14965,0,,,,digi1.DB:BOOK_OTHER_TITLES | digi1.DB:COPIES_VOLUMES | digi1.DB:EDITOR_BOOK | digi1.DB:PUBL_BOOK,MASTER_TITLE_MISSING_RELATIONS_RECOVERED
1307,,Missing from available BOOK master records,,,,,,,,,,فريد على محمد شوشة,1068,,دار النهضة العربية | المكتبة الاكاديمية,28 | 2,,,,,3,1307/1/1 | 1307/2/1 | 1307/3/1,A,658.401,958 | 964,0,,,,digi1.DB:BOOK_OTHER_TITLES | digi1.DB:COPIES_VOLUMES | digi1.DB:EDITOR_BOOK | digi1.DB:PUBL_BOOK,MASTER_TITLE_MISSING_RELATIONS_RECOVERED
1308,,Missing from available BOOK master records,,,,,,,,,,برافين جوبتا | أحمد المغربى,1069 | 933,,دار الفجر للنشر والتوزيع,54,,,,,1,1308/1/1,A,153.35,17386,0,,,,digi1.DB:BOOK_OTHER_TITLES | digi1.DB:COPIES_VOLUMES | digi1.DB:EDITOR_BOOK | digi1.DB:PUBL_BOOK,MASTER_TITLE_MISSING_RELATIONS_RECOVERED
1309,,Missing from available BOOK master records,,,,,,,,,,محمد فريد الصحن,1064,,الدار الجامعية,1,,,,,1,1309/1/1,A,658.8,14419,0,,,,digi1.DB:BOOK_OTHER_TITLES | digi1.DB:COPIES_VOLUMES | digi1.DB:EDITOR_BOOK | digi1.DB:PUBL_BOOK,MASTER_TITLE_MISSING_RELATIONS_RECOVERED
1310,,Missing from available BOOK master records,,,,,,,,,,خالد عبد العليم السيد عوض,834,,إيتراك للطباعة والنشر والتوزيع,10,,,,,1,1310/1/1,A,336.2,17177,0,,,,digi1.DB:BOOK_OTHER_TITLES | digi1.DB:COPIES_VOLUMES | digi1.DB:EDITOR_BOOK | digi1.DB:PUBL_BOOK,MASTER_TITLE_MISSING_RELATIONS_RECOVERED
1311,,Missing from available BOOK master records,,,,,,,,,,شينا دوبست | باميلا نايت,1070 | 1071,,دار الفاروق للنشر والتوزيع,63,,,,,1,1311/1/1,A,155,14794,0,,0,,digi1.DB:BOOK_OTHER_TITLES | digi1.DB:COPIES_VOLUMES | digi1.DB:EDITOR_BOOK | digi1.DB:PUBL_BOOK | digi1.DB:SERIAL_BOOK,MASTER_TITLE_MISSING_RELATIONS_RECOVERED
1312,,Missing from available BOOK master records,,,,,,,,,,محمد نصر مهنا,1072,,مؤسسة شباب الجامعة,53,,,,,2,1312/1/1 | 1312/2/1,A,351,14802 | 14626,0,,,,digi1.DB:BOOK_OTHER_TITLES | digi1.DB:COPIES_VOLUMES | digi1.DB:EDITOR_BOOK | digi1.DB:PUBL_BOOK,MASTER_TITLE_MISSING_RELATIONS_RECOVERED
1313,,Missing from available BOOK master records,,,,,,,,,,أحمد ماهر,918,,الدار الجامعية,1,,,,,1,1313/1/1,A,658.3,14963,0,,,,digi1.DB:BOOK_OTHER_TITLES | digi1.DB:COPIES_VOLUMES | digi1.DB:EDITOR_BOOK | digi1.DB:PUBL_BOOK,MASTER_TITLE_MISSING_RELATIONS_RECOVERED
1314,,Missing from available BOOK master records,,,,,,,,,,أحمد السعيد الزقرد,1073,,المكتبة العصرية,32,,,,,3,1314/1/1 | 1314/2/1 | 1314/3/1,A,343.087,17393 | 15082,0,,,,digi1.DB:BOOK_OTHER_TITLES | digi1.DB:COPIES_VOLUMES | digi1.DB:EDITOR_BOOK | digi1.DB:PUBL_BOOK,MASTER_TITLE_MISSING_RELATIONS_RECOVERED
1315,,Missing from available BOOK master records,,,,,,,,,,عبد الوهاب نصر على | شحاته السيد شحاته,919 | 1008,,الدار الجامعية,1,,,,,1,1315/1/1,A,657.023,17163,0,,,,digi1.DB:BOOK_OTHER_TITLES | digi1.DB:COPIES_VOLUMES | digi1.DB:EDITOR_BOOK | digi1.DB:PUBL_BOOK,MASTER_TITLE_MISSING_RELATIONS_RECOVERED
1316,,Missing from available BOOK master records,,,,,,,,,,تونى براى | هدى فؤاد,1074 | 214,,مجموعة النيل العربية,40,,,,,1,1316/1/1,A,658.312,17561,0,,,,digi1.DB:BOOK_OTHER_TITLES | digi1.DB:COPIES_VOLUMES | digi1.DB:EDITOR_BOOK | digi1.DB:PUBL_BOOK,MASTER_TITLE_MISSING_RELATIONS_RECOVERED
1317,,Missing from available BOOK master records,,,,,,,,,,حسين محمد جمعة,795,,المؤلف,8,,,,,1,1317/1/1,A,338.514,17382,0,,,,digi1.DB:BOOK_OTHER_TITLES | digi1.DB:COPIES_VOLUMES | digi1.DB:EDITOR_BOOK | digi1.DB:PUBL_BOOK,MASTER_TITLE_MISSING_RELATIONS_RECOVERED
1318,,Missing from available BOOK master records,,,,,,,,,,محمد الصيرفى,21,,دار الوفاء لدنيا الطباعة والنشر,64,,,,,1,1318/1/1,A,658.314,17145,0,,,,digi1.DB:BOOK_OTHER_TITLES | digi1.DB:COPIES_VOLUMES | digi1.DB:EDITOR_BOOK | digi1.DB:PUBL_BOOK,MASTER_TITLE_MISSING_RELATIONS_RECOVERED
1319,,Missing from available BOOK master records,,,,,,,,,,طارق كمال,1075,,مؤسسة شباب الجامعة,53,,,,,2,1319/1/1 | 1319/2/1,A,305.23,14381,0,,,,digi1.DB:BOOK_OTHER_TITLES | digi1.DB:COPIES_VOLUMES | digi1.DB:EDITOR_BOOK | digi1.DB:PUBL_BOOK,MASTER_TITLE_MISSING_RELATIONS_RECOVERED
1320,,Missing from available BOOK master records,,,,,,,,,,محمد مصطفى سليمان,1076,,الدار الجامعية,1,,,,,2,1320/1/1 | 1320/2/1,A,338.71,14764,0,,,,digi1.DB:BOOK_OTHER_TITLES | digi1.DB:COPIES_VOLUMES | digi1.DB:EDITOR_BOOK | digi1.DB:PUBL_BOOK,MASTER_TITLE_MISSING_RELATIONS_RECOVERED
1321,,Missing from available BOOK master records,,,,,,,,,,حسن أحمد الشافعى,1077,,دار الوفاء لدنيا الطباعة والنشر,64,,,,,2,1321/1/1 | 1321/2/1,A,658.4,14815,0,,,,digi1.DB:BOOK_OTHER_TITLES | digi1.DB:COPIES_VOLUMES | digi1.DB:EDITOR_BOOK | digi1.DB:PUBL_BOOK,MASTER_TITLE_MISSING_RELATIONS_RECOVERED
1322,,Missing from available BOOK master records,,,,,,,,,,صلاح عباس,647,,مؤسسة شباب الجامعة,53,,,,,1,1322/1/1,A,658.5,17453,0,,,,digi1.DB:BOOK_OTHER_TITLES | digi1.DB:COPIES_VOLUMES | digi1.DB:EDITOR_BOOK | digi1.DB:PUBL_BOOK,MASTER_TITLE_MISSING_RELATIONS_RECOVERED
1323,,Missing from available BOOK master records,,,,,,,,,,تريفور باول | دار الفاروق . قسم الترجمة,1078 | 461,,دار الفجر للنشر والتوزيع,54,,,,,2,1323/1/1 | 1323/2/1,A,150,14729,0,,,,digi1.DB:BOOK_OTHER_TITLES | digi1.DB:COPIES_VOLUMES | digi1.DB:EDITOR_BOOK | digi1.DB:PUBL_BOOK,MASTER_TITLE_MISSING_RELATIONS_RECOVERED
1324,,Missing from available BOOK master records,,,,,,,,,,محمد حسن العامرى,1079,,العربى للنشر والتوزيع,80,,,,,2,1324/1/1 | 1324/2/1,A,659.13,16060,0,,,,digi1.DB:BOOK_OTHER_TITLES | digi1.DB:COPIES_VOLUMES | digi1.DB:EDITOR_BOOK | digi1.DB:PUBL_BOOK,MASTER_TITLE_MISSING_RELATIONS_RECOVERED
1325,,Missing from available BOOK master records,,,,,,,,,,جيهان عبد المنعم رجب,1080,,المنظمة العربية للتنمية الادارية,3,,,,,1,1325/1/1,A,658.812,15069,0,,0,,digi1.DB:BOOK_OTHER_TITLES | digi1.DB:COPIES_VOLUMES | digi1.DB:EDITOR_BOOK | digi1.DB:PUBL_BOOK | digi1.DB:SERIAL_BOOK,MASTER_TITLE_MISSING_RELATIONS_RECOVERED
1326,,Missing from available BOOK master records,,,,,,,,,,هشام البحيرى,1081,,المؤلف,8,,,,,1,1326/1/1,A,658.8,16011,0,,,,digi1.DB:BOOK_OTHER_TITLES | digi1.DB:COPIES_VOLUMES | digi1.DB:EDITOR_BOOK | digi1.DB:PUBL_BOOK,MASTER_TITLE_MISSING_RELATIONS_RECOVERED
1327,,Missing from available BOOK master records,,,,,,,,,,روبرت ريد | دافيد بوجانيك | سرور على ابراهيم سرور | عبد المرضى حامد عزام | عبد المنعم بن ابراهيم العبد المنعم,1082 | 1083 | 695 | 697 | 698,,دار المريخ,89,,,,,1,1327/1/1,A,658.8,17233,0,,,,digi1.DB:BOOK_OTHER_TITLES | digi1.DB:COPIES_VOLUMES | digi1.DB:EDITOR_BOOK | digi1.DB:PUBL_BOOK,MASTER_TITLE_MISSING_RELATIONS_RECOVERED
1328,,Missing from available BOOK master records,,,,,,,,,,فرانك أدور انتى | خالد العامرى,1084 | 287,,دار الفاروق للاستثمارات الثقافية,47,,,,,2,1328/1/1 | 1328/2/1,A,658.84,14991,0,,,,digi1.DB:BOOK_OTHER_TITLES | digi1.DB:COPIES_VOLUMES | digi1.DB:EDITOR_BOOK | digi1.DB:PUBL_BOOK,MASTER_TITLE_MISSING_RELATIONS_RECOVERED
1329,,Missing from available BOOK master records,,,,,,,,,,محمد الصيرفى,21,,دار الوفاء لدنيا الطباعة والنشر,64,,,,,1,1329/1/1,A,658.408,17182,0,,,,digi1.DB:BOOK_OTHER_TITLES | digi1.DB:COPIES_VOLUMES | digi1.DB:EDITOR_BOOK | digi1.DB:PUBL_BOOK,MASTER_TITLE_MISSING_RELATIONS_RECOVERED
1330,,Missing from available BOOK master records,,,,,,,,,,بارى رندر | رالف ستير | ناجراج بالاكريشنان | مصطفى مصطفى موسى | يحي عبدالعظيم المشد,1085 | 1086 | 1087 | 1088 | 1089,,دار المريخ,89,,,,,1,1330/1/1,A,658.4,17194,0,,,,digi1.DB:BOOK_OTHER_TITLES | digi1.DB:COPIES_VOLUMES | digi1.DB:EDITOR_BOOK | digi1.DB:PUBL_BOOK,MASTER_TITLE_MISSING_RELATIONS_RECOVERED
1331,,Missing from available BOOK master records,,,,,,,,,,سيد الهوارى,290,,المؤلف,8,,,,,2,1331/1/1 | 1331/2/1,A,658.4,14825,0,,,,digi1.DB:BOOK_OTHER_TITLES | digi1.DB:COPIES_VOLUMES | digi1.DB:EDITOR_BOOK | digi1.DB:PUBL_BOOK,MASTER_TITLE_MISSING_RELATIONS_RECOVERED
1332,,Missing from available BOOK master records,,,,,,,,,,عصام أبو النصر,1090,,دار النشر للجامعات,55,,,,,2,1332/1/1 | 1332/2/1,A,332.642,16050,0,,,,digi1.DB:BOOK_OTHER_TITLES | digi1.DB:COPIES_VOLUMES | digi1.DB:EDITOR_BOOK | digi1.DB:PUBL_BOOK,MASTER_TITLE_MISSING_RELATIONS_RECOVERED
1333,,Missing from available BOOK master records,,,,,,,,,,برايان كويل | دار الفاروق . قسم الترجمة,649 | 461,,دار الفاروق للنشر والتوزيع,63,,,,,2,1333/1/1 | 1333/2/1,A,332.16,15000,0,,,,digi1.DB:BOOK_OTHER_TITLES | digi1.DB:COPIES_VOLUMES | digi1.DB:EDITOR_BOOK | digi1.DB:PUBL_BOOK,MASTER_TITLE_MISSING_RELATIONS_RECOVERED
1334,,Missing from available BOOK master records,,,,,,,,,,محمد بن على العقلا,643,,مكتبة زهراء الشرق,86,,,,,1,1334/1/1,A,336.343,17185,0,,,,digi1.DB:BOOK_OTHER_TITLES | digi1.DB:COPIES_VOLUMES | digi1.DB:EDITOR_BOOK | digi1.DB:PUBL_BOOK,MASTER_TITLE_MISSING_RELATIONS_RECOVERED
1335,,Missing from available BOOK master records,,,,,,,,,,محمد الصيرفى,21,,دار الوفاء لدنيا الطباعة والنشر,64,,,,,1,1335/1/1,A,332.1,17381,0,,,,digi1.DB:BOOK_OTHER_TITLES | digi1.DB:COPIES_VOLUMES | digi1.DB:EDITOR_BOOK | digi1.DB:PUBL_BOOK,MASTER_TITLE_MISSING_RELATIONS_RECOVERED
1336,,Missing from available BOOK master records,,,,,,,,,,برايان كويل | دار الفاروق . قسم الترجمة,649 | 461,,دار الفاروق للنشر والتوزيع,63,,,,,2,1336/1/1 | 1336/2/1,A,332.642,15023,0,,0,,digi1.DB:BOOK_OTHER_TITLES | digi1.DB:COPIES_VOLUMES | digi1.DB:EDITOR_BOOK | digi1.DB:PUBL_BOOK | digi1.DB:SERIAL_BOOK,MASTER_TITLE_MISSING_RELATIONS_RECOVERED
1337,,Missing from available BOOK master records,,,,,,,,,,فتحى السيد عبده أبوسيد أحمد,1091,,مؤسسة شباب الجامعة,53,,,,,1,1337/1/1,A,338,14389,0,,,,digi1.DB:BOOK_OTHER_TITLES | digi1.DB:COPIES_VOLUMES | digi1.DB:EDITOR_BOOK | digi1.DB:PUBL_BOOK,MASTER_TITLE_MISSING_RELATIONS_RECOVERED
1338,,Missing from available BOOK master records,,,,,,,,,,Hadil Chafick,1092,,دار الوفاء لدنيا الطباعة والنشر,64,,,,,3,1338/1/1 | 1338/2/1 | 1338/3/1,A,647.94,18313 | 18314 | 18315,0,,,,digi1.DB:BOOK_OTHER_TITLES | digi1.DB:COPIES_VOLUMES | digi1.DB:EDITOR_BOOK | digi1.DB:PUBL_BOOK,MASTER_TITLE_MISSING_RELATIONS_RECOVERED
1339,,Missing from available BOOK master records,,,,,,,,,,محسن أحمد الخضيرى,20,,الدار الجامعية,1,,,,,1,1339/1/1,A,332.16,15010,0,,,,digi1.DB:BOOK_OTHER_TITLES | digi1.DB:COPIES_VOLUMES | digi1.DB:EDITOR_BOOK | digi1.DB:PUBL_BOOK,MASTER_TITLE_MISSING_RELATIONS_RECOVERED
1340,,Missing from available BOOK master records,,,,,,,,,,مى طوبار,1093,,دار الفاروق للاستثمارات الثقافية,47,,,,,0,,,,,0,,0,,digi1.DB:BOOK_OTHER_TITLES | digi1.DB:EDITOR_BOOK | digi1.DB:PUBL_BOOK | digi1.DB:SERIAL_BOOK,MASTER_TITLE_MISSING_RELATIONS_RECOVERED
1341,,Missing from available BOOK master records,,,,,,,,,,عاطف جابر طه عبد الرحيم,118,,,,,,,,0,,,,,0,,,,digi1.DB:BOOK_OTHER_TITLES | digi1.DB:EDITOR_BOOK,MASTER_TITLE_MISSING_RELATIONS_RECOVERED
1342,,Missing from available BOOK master records,,,,,,,,,,نهلة أحمد قنديل,1094,,المؤلف,8,,,,,0,,,,,0,,,,digi1.DB:BOOK_OTHER_TITLES | digi1.DB:EDITOR_BOOK | digi1.DB:PUBL_BOOK,MASTER_TITLE_MISSING_RELATIONS_RECOVERED
1343,,Missing from available BOOK master records,,,,,,,,,,شوقى ناجى جواد,1095,,المؤلف,8,,,,,0,,,,,0,,,,digi1.DB:BOOK_OTHER_TITLES | digi1.DB:EDITOR_BOOK | digi1.DB:PUBL_BOOK,MASTER_TITLE_MISSING_RELATIONS_RECOVERED
1344,,Missing from available BOOK master records,,,,,,,,,,حسين عطا غنيم,1096,,المكتبة الاكاديمية,2,,,,,0,,,,,0,,,,digi1.DB:BOOK_OTHER_TITLES | digi1.DB:EDITOR_BOOK | digi1.DB:PUBL_BOOK,MASTER_TITLE_MISSING_RELATIONS_RECOVERED
1345,,Missing from available BOOK master records,,,,,,,,,,سعيد عبد العزيز عثمان,752,,الدار الجامعية,1,,,,,1,1345/1/1,A,336,17173,0,,,,digi1.DB:BOOK_OTHER_TITLES | digi1.DB:COPIES_VOLUMES | digi1.DB:EDITOR_BOOK | digi1.DB:PUBL_BOOK,MASTER_TITLE_MISSING_RELATIONS_RECOVERED
1346,,Missing from available BOOK master records,,,,,,,,,,أحمد ماهر,918,,الدار الجامعية,1,,,,,0,,,,,0,,0,,digi1.DB:BOOK_OTHER_TITLES | digi1.DB:EDITOR_BOOK | digi1.DB:PUBL_BOOK | digi1.DB:SERIAL_BOOK,MASTER_TITLE_MISSING_RELATIONS_RECOVERED
1347,,Missing from available BOOK master records,,,,,,,,,,رفيق يوسف جورجى | نيفين كمال حامد | محمد منير مجاهد | ماهر عزيز,1099 | 1100 | 1098 | 68,,المكتبة الاكاديمية,2,,,,,0,,,,,0,,,,digi1.DB:BOOK_OTHER_TITLES | digi1.DB:EDITOR_BOOK | digi1.DB:PUBL_BOOK,MASTER_TITLE_MISSING_RELATIONS_RECOVERED
1348,,Missing from available BOOK master records,,,,,,,,,,الهيئة المصرية للرقابة على التأمين,840,,الهيئة المصرية للرقابة على التأمين,99,,,,,0,,,,,0,,,,digi1.DB:BOOK_OTHER_TITLES | digi1.DB:EDITOR_BOOK | digi1.DB:PUBL_BOOK,MASTER_TITLE_MISSING_RELATIONS_RECOVERED
1349,,Missing from available BOOK master records,,,,,,,,,,محمد الصيرفى,21,,مؤسسة حورس الدولية,9,,,,,0,,,,,0,,,,digi1.DB:BOOK_OTHER_TITLES | digi1.DB:EDITOR_BOOK | digi1.DB:PUBL_BOOK,MASTER_TITLE_MISSING_RELATIONS_RECOVERED
1350,,Missing from available BOOK master records,,,,,,,,,,رفعت عبد الحليم الفاعورى,1101,,المنظمة العربية للتنمية الادارية,3,,,,,0,,,,,0,,,,digi1.DB:BOOK_OTHER_TITLES | digi1.DB:EDITOR_BOOK | digi1.DB:PUBL_BOOK,MASTER_TITLE_MISSING_RELATIONS_RECOVERED
1351,,Missing from available BOOK master records,,,,,,,,,,علا عبد الفتاح رجب,1102,,دار المريخ,89,,,,,0,,,,,0,,,,digi1.DB:BOOK_OTHER_TITLES | digi1.DB:EDITOR_BOOK | digi1.DB:PUBL_BOOK,MASTER_TITLE_MISSING_RELATIONS_RECOVERED
1352,,Missing from available BOOK master records,,,,,,,,,,جاسم مجيد,1043,,مؤسسة شباب الجامعة,53,,,,,0,,,,,0,,,,digi1.DB:BOOK_OTHER_TITLES | digi1.DB:EDITOR_BOOK | digi1.DB:PUBL_BOOK,MASTER_TITLE_MISSING_RELATIONS_RECOVERED
1353,,Missing from available BOOK master records,,,,,,,,,,سيد محمد جاد الرب,168,,كلية التجارة . جامعة قناة السويس,118,,,,,0,,,,,0,,,,digi1.DB:BOOK_OTHER_TITLES | digi1.DB:EDITOR_BOOK | digi1.DB:PUBL_BOOK,MASTER_TITLE_MISSING_RELATIONS_RECOVERED
1354,,Missing from available BOOK master records,,,,,,,,,,سعد الدين محمد عشماوى,200,,دار الزهراء,119,,,,,0,,,,,0,,,,digi1.DB:BOOK_OTHER_TITLES | digi1.DB:EDITOR_BOOK | digi1.DB:PUBL_BOOK,MASTER_TITLE_MISSING_RELATIONS_RECOVERED
1355,,Missing from available BOOK master records,,,,,,,,,,محمد الصيرفى,21,,مؤسسة حورس الدولية,9,,,,,0,,,,,0,,0,,digi1.DB:BOOK_OTHER_TITLES | digi1.DB:EDITOR_BOOK | digi1.DB:PUBL_BOOK | digi1.DB:SERIAL_BOOK,MASTER_TITLE_MISSING_RELATIONS_RECOVERED
1356,,Missing from available BOOK master records,,,,,,,,,,دان رامسى | محمد أمين | شويكار زكى,1103 | 1104 | 1105,,مجموعة النيل العربية,40,,,,,0,,,,,0,,,,digi1.DB:BOOK_OTHER_TITLES | digi1.DB:EDITOR_BOOK | digi1.DB:PUBL_BOOK,MASTER_TITLE_MISSING_RELATIONS_RECOVERED
1357,,Missing from available BOOK master records,,,,,,,,,,ضياء مجيد,746,,مؤسسة شباب الجامعة,53,,,,,0,,,,,0,,,,digi1.DB:BOOK_OTHER_TITLES | digi1.DB:EDITOR_BOOK | digi1.DB:PUBL_BOOK,MASTER_TITLE_MISSING_RELATIONS_RECOVERED
1358,,Missing from available BOOK master records,,,,,,,,,,عبد القادر رزيق المخادمى,465,,دار الفجر للنشر والتوزيع,54,,,,,0,,,,,0,,,,digi1.DB:BOOK_OTHER_TITLES | digi1.DB:EDITOR_BOOK | digi1.DB:PUBL_BOOK,MASTER_TITLE_MISSING_RELATIONS_RECOVERED
1359,,Missing from available BOOK master records,,,,,,,,,,سارة لاوسون | دار الفاروق . قسم الترجمة,1106 | 461,,دار الفاروق للنشر والتوزيع,63,,,,,0,,,,,0,,,,digi1.DB:BOOK_OTHER_TITLES | digi1.DB:EDITOR_BOOK | digi1.DB:PUBL_BOOK,MASTER_TITLE_MISSING_RELATIONS_RECOVERED
1360,,Missing from available BOOK master records,,,,,,,,,,جمال مجاهد,1107,,دار المعرفة الجامعية,34,,,,,0,,,,,0,,,,digi1.DB:BOOK_OTHER_TITLES | digi1.DB:EDITOR_BOOK | digi1.DB:PUBL_BOOK,MASTER_TITLE_MISSING_RELATIONS_RECOVERED
1361,,Missing from available BOOK master records,,,,,,,,,,صالح أحمد صالح,1108,,المؤلف,8,,,,,0,,,,,0,,,,digi1.DB:BOOK_OTHER_TITLES | digi1.DB:EDITOR_BOOK | digi1.DB:PUBL_BOOK,MASTER_TITLE_MISSING_RELATIONS_RECOVERED
1362,,Missing from available BOOK master records,,,,,,,,,,جاسم مجيد,1043,,مؤسسة شباب الجامعة,53,,,,,0,,,,,0,,,,digi1.DB:BOOK_OTHER_TITLES | digi1.DB:EDITOR_BOOK | digi1.DB:PUBL_BOOK,MASTER_TITLE_MISSING_RELATIONS_RECOVERED
1363,,Missing from available BOOK master records,,,,,,,,,,بيتر ج . ريد | علا احمد اصلاح,1109 | 323,,مجموعة النيل العربية,40,,,,,0,,,,,0,,,,digi1.DB:BOOK_OTHER_TITLES | digi1.DB:EDITOR_BOOK | digi1.DB:PUBL_BOOK,MASTER_TITLE_MISSING_RELATIONS_RECOVERED
1367,,Missing from available BOOK master records,,,,,,,,,,على فتحى عبد الفتاح,1112,,المؤلف,8,,,,,0,,,,,0,,,,digi1.DB:BOOK_OTHER_TITLES | digi1.DB:EDITOR_BOOK | digi1.DB:PUBL_BOOK,MASTER_TITLE_MISSING_RELATIONS_RECOVERED
1368,,Missing from available BOOK master records,,,,,,,,,,رجب عبد الحميد,28,,المؤلف,8,,,,,0,,,,,0,,,,digi1.DB:BOOK_OTHER_TITLES | digi1.DB:EDITOR_BOOK | digi1.DB:PUBL_BOOK,MASTER_TITLE_MISSING_RELATIONS_RECOVERED
1369,,Missing from available BOOK master records,,,,,,,,,,ديف هيمسات,1114,,دار الفاروق للاستثمارات الثقافية,47,,,,,0,,,,,0,,,,digi1.DB:BOOK_OTHER_TITLES | digi1.DB:EDITOR_BOOK | digi1.DB:PUBL_BOOK,MASTER_TITLE_MISSING_RELATIONS_RECOVERED
1370,,Missing from available BOOK master records,,,,,,,,,,مارك داى,1115,,دار الفاروق للنشر والتوزيع,63,,,,,0,,,,,0,,,,digi1.DB:BOOK_OTHER_TITLES | digi1.DB:EDITOR_BOOK | digi1.DB:PUBL_BOOK,MASTER_TITLE_MISSING_RELATIONS_RECOVERED
1371,,Missing from available BOOK master records,,,,,,,,,,ممدوح عبد العزيز رفاعى,928,,المؤلف,8,,,,,0,,,,,0,,,,digi1.DB:BOOK_OTHER_TITLES | digi1.DB:EDITOR_BOOK | digi1.DB:PUBL_BOOK,MASTER_TITLE_MISSING_RELATIONS_RECOVERED
1372,,Missing from available BOOK master records,,,,,,,,,,عبد الحميد عبد الفتاح المغربى | امير على المرسى شوشة,301 | 1116,,كلية التجارة - جامعة المنصورة,23,,,,,0,,,,,0,,,,digi1.DB:BOOK_OTHER_TITLES | digi1.DB:EDITOR_BOOK | digi1.DB:PUBL_BOOK,MASTER_TITLE_MISSING_RELATIONS_RECOVERED
1373,,Missing from available BOOK master records,,,,,,,,,,ادريس عزام,394,,الشركة العربية المتحدة للتسويق والتوريدات,39,,,,,0,,,,,0,,,,digi1.DB:BOOK_OTHER_TITLES | digi1.DB:EDITOR_BOOK | digi1.DB:PUBL_BOOK,MASTER_TITLE_MISSING_RELATIONS_RECOVERED
1374,,Missing from available BOOK master records,,,,,,,,,,آن مارى ساباث | دار الفاروق . قسم الترجمة,1117 | 461,,دار الفاروق للاستثمارات الثقافية,47,,,,,0,,,,,0,,,,digi1.DB:BOOK_OTHER_TITLES | digi1.DB:EDITOR_BOOK | digi1.DB:PUBL_BOOK,MASTER_TITLE_MISSING_RELATIONS_RECOVERED
1375,,Missing from available BOOK master records,,,,,,,,,,مصطفى محمود ابو بكر,76,,الدار الجامعية,1,,,,,0,,,,,0,,,,digi1.DB:BOOK_OTHER_TITLES | digi1.DB:EDITOR_BOOK | digi1.DB:PUBL_BOOK,MASTER_TITLE_MISSING_RELATIONS_RECOVERED
1376,,Missing from available BOOK master records,,,,,,,,,,درو إريك وايتمان | دار الفاروق . قسم الترجمة,1118 | 461,,دار الفاروق للاستثمارات الثقافية,47,,,,,0,,,,,0,,,,digi1.DB:BOOK_OTHER_TITLES | digi1.DB:EDITOR_BOOK | digi1.DB:PUBL_BOOK,MASTER_TITLE_MISSING_RELATIONS_RECOVERED
1377,,Missing from available BOOK master records,,,,,,,,,,باربرا شير | دار الفاروق . قسم الترجمة,1119 | 461,,دار الفاروق للاستثمارات الثقافية,47,,,,,0,,,,,0,,,,digi1.DB:BOOK_OTHER_TITLES | digi1.DB:EDITOR_BOOK | digi1.DB:PUBL_BOOK,MASTER_TITLE_MISSING_RELATIONS_RECOVERED
1378,,Missing from available BOOK master records,,,,,,,,,,كيفين لينش | يوليوس والس | دار الفاروق . قسم الترجمة,1120 | 1121 | 461,,دار الفاروق للاستثمارات الثقافية,47,,,,,0,,,,,0,,,,digi1.DB:BOOK_OTHER_TITLES | digi1.DB:EDITOR_BOOK | digi1.DB:PUBL_BOOK,MASTER_TITLE_MISSING_RELATIONS_RECOVERED
1379,,Missing from available BOOK master records,,,,,,,,,,محمد رشدى ابراهيم مسعود,1122,,دار النشر للجامعات,55,,,,,0,,,,,0,,,,digi1.DB:BOOK_OTHER_TITLES | digi1.DB:EDITOR_BOOK | digi1.DB:PUBL_BOOK,MASTER_TITLE_MISSING_RELATIONS_RECOVERED
1380,,Missing from available BOOK master records,,,,,,,,,,عبد الغفار حنفى,164,,الدار الجامعية,1,,,,,0,,,,,0,,,,digi1.DB:BOOK_OTHER_TITLES | digi1.DB:EDITOR_BOOK | digi1.DB:PUBL_BOOK,MASTER_TITLE_MISSING_RELATIONS_RECOVERED
1381,,Missing from available BOOK master records,,,,,,,,,,عاطف جابر طه عبد الرحيم,118,,المركز الدولى للتنمية الادارية والدراسات القانونية,120,,,,,1,1381/1/1,A,338.514,18638,0,,,,digi1.DB:BOOK_OTHER_TITLES | digi1.DB:COPIES_VOLUMES | digi1.DB:EDITOR_BOOK | digi1.DB:PUBL_BOOK,MASTER_TITLE_MISSING_RELATIONS_RECOVERED
1382,,Missing from available BOOK master records,,,,,,,,,,طارق عبد العال حماد,330,,الدار الجامعية,1,,,,,0,,,,,0,,1,,digi1.DB:BOOK_OTHER_TITLES | digi1.DB:EDITOR_BOOK | digi1.DB:PUBL_BOOK | digi1.DB:SERIAL_BOOK,MASTER_TITLE_MISSING_RELATIONS_RECOVERED
1383,,Missing from available BOOK master records,,,,,,,,,,طارق عبد العال حماد,330,,الدار الجامعية,1,,,,,0,,,,,0,,2,,digi1.DB:BOOK_OTHER_TITLES | digi1.DB:EDITOR_BOOK | digi1.DB:PUBL_BOOK | digi1.DB:SERIAL_BOOK,MASTER_TITLE_MISSING_RELATIONS_RECOVERED
1384,,Missing from available BOOK master records,,,,,,,,,,طارق عبد العال حماد,330,,الدار الجامعية,1,,,,,0,,,,,0,,3,,digi1.DB:BOOK_OTHER_TITLES | digi1.DB:EDITOR_BOOK | digi1.DB:PUBL_BOOK | digi1.DB:SERIAL_BOOK,MASTER_TITLE_MISSING_RELATIONS_RECOVERED
1385,,Missing from available BOOK master records,,,,,,,,,,جيهان جمال,339,,مركز الدراسات الاقتصادية - إيوادا,121,,,,,0,,,,,0,,,,digi1.DB:BOOK_OTHER_TITLES | digi1.DB:EDITOR_BOOK | digi1.DB:PUBL_BOOK,MASTER_TITLE_MISSING_RELATIONS_RECOVERED
1386,,Missing from available BOOK master records,,,,,,,,,,ماهر عزيز,68,,المكتبة الاكاديمية,2,,,,,0,,,,,0,,0,,digi1.DB:BOOK_OTHER_TITLES | digi1.DB:EDITOR_BOOK | digi1.DB:PUBL_BOOK | digi1.DB:SERIAL_BOOK,MASTER_TITLE_MISSING_RELATIONS_RECOVERED
1388,,Missing from available BOOK master records,,,,,,,,,,اشرف عوض,1123,,المؤلف,8,,,,,0,,,,,0,,,,digi1.DB:BOOK_OTHER_TITLES | digi1.DB:EDITOR_BOOK | digi1.DB:PUBL_BOOK,MASTER_TITLE_MISSING_RELATIONS_RECOVERED
1389,,Missing from available BOOK master records,,,,,,,,,,سيد محمد جاد الرب,168,,المؤلف,8,,,,,0,,,,,0,,0,,digi1.DB:BOOK_OTHER_TITLES | digi1.DB:EDITOR_BOOK | digi1.DB:PUBL_BOOK | digi1.DB:SERIAL_BOOK,MASTER_TITLE_MISSING_RELATIONS_RECOVERED
1390,,Missing from available BOOK master records,,,,,,,,,,ميرديث بيلبن | دار الفاروق . قسم الترجمة,1124 | 461,,دار الفاروق للاستثمارات الثقافية,47,,فريق العمل,1057,,0,,,,,0,,,,digi1.DB:BOOK_OTHER_TITLES | digi1.DB:BOOK_SUBJECT | digi1.DB:EDITOR_BOOK | digi1.DB:PUBL_BOOK,MASTER_TITLE_MISSING_RELATIONS_RECOVERED
1391,,Missing from available BOOK master records,,,,,,,,,,طارق عبد العال حماد,330,,الدار الجامعية,1,,,,,0,,,,,0,,2,,digi1.DB:BOOK_OTHER_TITLES | digi1.DB:EDITOR_BOOK | digi1.DB:PUBL_BOOK | digi1.DB:SERIAL_BOOK,MASTER_TITLE_MISSING_RELATIONS_RECOVERED
1392,,Missing from available BOOK master records,,,,,,,,,,عبد المطلب عبد الحميد,77,,الشركة العربية المتحدة للتسويق والتوريدات,39,,,,,0,,,,,0,,,,digi1.DB:BOOK_OTHER_TITLES | digi1.DB:EDITOR_BOOK | digi1.DB:PUBL_BOOK,MASTER_TITLE_MISSING_RELATIONS_RECOVERED
1393,,Missing from available BOOK master records,,,,,,,,,,محمود احمد الخطيب,1125,,المؤلف,8,,,,,0,,,,,0,,1,,digi1.DB:BOOK_OTHER_TITLES | digi1.DB:EDITOR_BOOK | digi1.DB:PUBL_BOOK | digi1.DB:SERIAL_BOOK,MASTER_TITLE_MISSING_RELATIONS_RECOVERED
1394,,Missing from available BOOK master records,,,,,,,,,,محمد رشدى ابراهيم مسعود,1122,,دار النشر للجامعات,55,,,,,0,,,,,0,,,,digi1.DB:BOOK_OTHER_TITLES | digi1.DB:EDITOR_BOOK | digi1.DB:PUBL_BOOK,MASTER_TITLE_MISSING_RELATIONS_RECOVERED
1395,,Missing from available BOOK master records,,,,,,,,,,محمد توفيق ماضى,1126,,الدار الجامعية,1,,,,,0,,,,,0,,,,digi1.DB:BOOK_OTHER_TITLES | digi1.DB:EDITOR_BOOK | digi1.DB:PUBL_BOOK,MASTER_TITLE_MISSING_RELATIONS_RECOVERED
1396,,Missing from available BOOK master records,,,,,,,,,,عبد الوهاب نصر على | احمد كامل على,919 | 1127,,الدار الجامعية,1,,,,,0,,,,,0,,,,digi1.DB:BOOK_OTHER_TITLES | digi1.DB:EDITOR_BOOK | digi1.DB:PUBL_BOOK,MASTER_TITLE_MISSING_RELATIONS_RECOVERED
1397,,Missing from available BOOK master records,,,,,,,,,,خبراء مركز الخبرات المهنية للإدارة,572,,مركز الخبرات المهنية للادارة (بميك),6,,,,,0,,,,,0,,,,digi1.DB:BOOK_OTHER_TITLES | digi1.DB:EDITOR_BOOK | digi1.DB:PUBL_BOOK,MASTER_TITLE_MISSING_RELATIONS_RECOVERED
1398,,Missing from available BOOK master records,,,,,,,,,,مصطفى محمود ابو بكر,76,,الدار الجامعية,1,,,,,0,,,,,0,,,,digi1.DB:BOOK_OTHER_TITLES | digi1.DB:EDITOR_BOOK | digi1.DB:PUBL_BOOK,MASTER_TITLE_MISSING_RELATIONS_RECOVERED
1399,,Missing from available BOOK master records,,,,,,,,,,على فتحى عبد الفتاح,1112,,الحارثى للطباعة والنشر,122,,,,,0,,,,,0,,,,digi1.DB:BOOK_OTHER_TITLES | digi1.DB:EDITOR_BOOK | digi1.DB:PUBL_BOOK,MASTER_TITLE_MISSING_RELATIONS_RECOVERED
1400,,Missing from available BOOK master records,,,,,,,,,,عبد المطلب عبد الحميد,77,,الدار الجامعية,1,,,,,0,,,,,0,,,,digi1.DB:BOOK_OTHER_TITLES | digi1.DB:EDITOR_BOOK | digi1.DB:PUBL_BOOK,MASTER_TITLE_MISSING_RELATIONS_RECOVERED
1401,,Missing from available BOOK master records,,,,,,,,,,محمد جبر المغربى,1030,,المكتبة العصرية,32,,,,,0,,,,,0,,,,digi1.DB:BOOK_OTHER_TITLES | digi1.DB:EDITOR_BOOK | digi1.DB:PUBL_BOOK,MASTER_TITLE_MISSING_RELATIONS_RECOVERED
1402,,Missing from available BOOK master records,,,,,,,,,,محمد توفيق ماضى,1126,,الدار الجامعية,1,,,,,0,,,,,0,,,,digi1.DB:BOOK_OTHER_TITLES | digi1.DB:EDITOR_BOOK | digi1.DB:PUBL_BOOK,MASTER_TITLE_MISSING_RELATIONS_RECOVERED
1403,,Missing from available BOOK master records,,,,,,,,,,احمد ماهر,1113,,الدار الجامعية,1,,,,,0,,,,,0,,,,digi1.DB:BOOK_OTHER_TITLES | digi1.DB:EDITOR_BOOK | digi1.DB:PUBL_BOOK,MASTER_TITLE_MISSING_RELATIONS_RECOVERED
1404,,Missing from available BOOK master records,,,,,,,,,,محمد عبده حافظ,377,,دار الفجر للنشر والتوزيع,54,,,,,0,,,,,0,,,,digi1.DB:BOOK_OTHER_TITLES | digi1.DB:EDITOR_BOOK | digi1.DB:PUBL_BOOK,MASTER_TITLE_MISSING_RELATIONS_RECOVERED
1405,,Missing from available BOOK master records,,,,,,,,,,محمد عبده حافظ,377,,دار الفجر للنشر والتوزيع,54,,,,,0,,,,,0,,,,digi1.DB:BOOK_OTHER_TITLES | digi1.DB:EDITOR_BOOK | digi1.DB:PUBL_BOOK,MASTER_TITLE_MISSING_RELATIONS_RECOVERED
1406,,Missing from available BOOK master records,,,,,,,,,,توم جورمان,1128,,كلمات عربية للترجمة والنشر,11,,,,,0,,,,,0,,,,digi1.DB:BOOK_OTHER_TITLES | digi1.DB:EDITOR_BOOK | digi1.DB:PUBL_BOOK,MASTER_TITLE_MISSING_RELATIONS_RECOVERED
1407,,Missing from available BOOK master records,,,,,,,,,,عايدة سيد خطاب,69,,المؤلف,8,,,,,0,,,,,0,,,,digi1.DB:BOOK_OTHER_TITLES | digi1.DB:EDITOR_BOOK | digi1.DB:PUBL_BOOK,MASTER_TITLE_MISSING_RELATIONS_RECOVERED
1408,,Missing from available BOOK master records,,,,,,,,,,توماس سويل | رشا سعد ذكى,1129 | 1130,,كلمات عربية للترجمة والنشر,11,,,,,0,,,,,0,,,,digi1.DB:BOOK_OTHER_TITLES | digi1.DB:EDITOR_BOOK | digi1.DB:PUBL_BOOK,MASTER_TITLE_MISSING_RELATIONS_RECOVERED
1409,,Missing from available BOOK master records,,,,,,,,,,نادية العارف,307,,الدار الجامعية,1,,,,,0,,,,,0,,,,digi1.DB:BOOK_OTHER_TITLES | digi1.DB:EDITOR_BOOK | digi1.DB:PUBL_BOOK,MASTER_TITLE_MISSING_RELATIONS_RECOVERED
1410,,Missing from available BOOK master records,,,,,,,,,,Richard L. Daft,240,,South-western,14,,,,,0,,,,,0,,,,digi1.DB:BOOK_OTHER_TITLES | digi1.DB:EDITOR_BOOK | digi1.DB:PUBL_BOOK,MASTER_TITLE_MISSING_RELATIONS_RECOVERED
1411,,Missing from available BOOK master records,,,,,,,,,,Robert eyler,1131,,Routledge,20,,,,,0,,,,,0,,,,digi1.DB:BOOK_OTHER_TITLES | digi1.DB:EDITOR_BOOK | digi1.DB:PUBL_BOOK,MASTER_TITLE_MISSING_RELATIONS_RECOVERED
1412,,Missing from available BOOK master records,,,,,,,,,,سيد محمد جاد الرب,168,,المؤلف,8,,,,,0,,,,,0,,2,,digi1.DB:BOOK_OTHER_TITLES | digi1.DB:EDITOR_BOOK | digi1.DB:PUBL_BOOK | digi1.DB:SERIAL_BOOK,MASTER_TITLE_MISSING_RELATIONS_RECOVERED
1413,,Missing from available BOOK master records,,,,,,,,,,ديفيد باول | دار الفاروق . قسم الترجمة,1132 | 461,,دار الفاروق للاستثمارات الثقافية,47,,,,,0,,,,,0,,,,digi1.DB:BOOK_OTHER_TITLES | digi1.DB:EDITOR_BOOK | digi1.DB:PUBL_BOOK,MASTER_TITLE_MISSING_RELATIONS_RECOVERED
1414,,Missing from available BOOK master records,,,,,,,,,,فينس بانيللا | دار الفاروق . قسم الترجمة,1133 | 461,,دار الفاروق للاستثمارات الثقافية,47,,,,,0,,,,,0,,,,digi1.DB:BOOK_OTHER_TITLES | digi1.DB:EDITOR_BOOK | digi1.DB:PUBL_BOOK,MASTER_TITLE_MISSING_RELATIONS_RECOVERED
1415,,Missing from available BOOK master records,,,,,,,,,,رضا عبد السلام,637,,المكتبة العصرية,32,,,,,0,,,,,0,,,,digi1.DB:BOOK_OTHER_TITLES | digi1.DB:EDITOR_BOOK | digi1.DB:PUBL_BOOK,MASTER_TITLE_MISSING_RELATIONS_RECOVERED
1416,,Missing from available BOOK master records,,,,,,,,,,احمد محمد غنيم,1005,,المكتبة العصرية,32,,,,,0,,,,,0,,0,,digi1.DB:BOOK_OTHER_TITLES | digi1.DB:EDITOR_BOOK | digi1.DB:PUBL_BOOK | digi1.DB:SERIAL_BOOK,MASTER_TITLE_MISSING_RELATIONS_RECOVERED
1417,,Missing from available BOOK master records,,,,,,,,,,ابراهيم سيد احمد,335,,المكتبة العصرية,32,,,,,0,,,,,0,,,,digi1.DB:BOOK_OTHER_TITLES | digi1.DB:EDITOR_BOOK | digi1.DB:PUBL_BOOK,MASTER_TITLE_MISSING_RELATIONS_RECOVERED
1418,,Missing from available BOOK master records,,,,,,,,,,محمد عبده حافظ,377,,دار الفجر للنشر والتوزيع,54,,,,,0,,,,,0,,8,,digi1.DB:BOOK_OTHER_TITLES | digi1.DB:EDITOR_BOOK | digi1.DB:PUBL_BOOK | digi1.DB:SERIAL_BOOK,MASTER_TITLE_MISSING_RELATIONS_RECOVERED
1419,,Missing from available BOOK master records,,,,,,,,,,محمد عبده حافظ,377,,دار الفجر للنشر والتوزيع,54,,,,,0,,,,,0,,4,,digi1.DB:BOOK_OTHER_TITLES | digi1.DB:EDITOR_BOOK | digi1.DB:PUBL_BOOK | digi1.DB:SERIAL_BOOK,MASTER_TITLE_MISSING_RELATIONS_RECOVERED
1420,,Missing from available BOOK master records,,,,,,,,,,آرثر بيل | عبد الحكم أحمد الخزامى,1134 | 451,,الدار الأكاديمية للعلوم,75,,,,,0,,,,,0,,,,digi1.DB:BOOK_OTHER_TITLES | digi1.DB:EDITOR_BOOK | digi1.DB:PUBL_BOOK,MASTER_TITLE_MISSING_RELATIONS_RECOVERED
1421,,Missing from available BOOK master records,,,,,,,,,,طاهر مرسى عطية,123,,دار النهضة العربية,28,,,,,0,,,,,0,,,,digi1.DB:BOOK_OTHER_TITLES | digi1.DB:EDITOR_BOOK | digi1.DB:PUBL_BOOK,MASTER_TITLE_MISSING_RELATIONS_RECOVERED
1422,,Missing from available BOOK master records,,,,,,,,,,بيفرلى كاى | شارون جوردن إيفانز | دار الفاروق . قسم الترجمة,1135 | 1136 | 461,,دار الفاروق للاستثمارات الثقافية,47,,,,,0,,,,,0,,,,digi1.DB:BOOK_OTHER_TITLES | digi1.DB:EDITOR_BOOK | digi1.DB:PUBL_BOOK,MASTER_TITLE_MISSING_RELATIONS_RECOVERED
1423,,Missing from available BOOK master records,,,,,,,,,,لارى كولين | لورا كولين | دار الفاروق . قسم الترجمة,1137 | 1138 | 461,,دار الفاروق للاستثمارات الثقافية,47,,,,,0,,,,,0,,,,digi1.DB:BOOK_OTHER_TITLES | digi1.DB:EDITOR_BOOK | digi1.DB:PUBL_BOOK,MASTER_TITLE_MISSING_RELATIONS_RECOVERED
1424,,Missing from available BOOK master records,,,,,,,,,,جيمس سيلفستر | دار الفاروق . قسم الترجمة,1139 | 461,,دار الفاروق للاستثمارات الثقافية,47,,,,,0,,,,,0,,,,digi1.DB:BOOK_OTHER_TITLES | digi1.DB:EDITOR_BOOK | digi1.DB:PUBL_BOOK,MASTER_TITLE_MISSING_RELATIONS_RECOVERED
1425,,Missing from available BOOK master records,,,,,,,,,,أحمد فاروق غنيم | عبد الله شحاته | أميرة الحداد | على عبد العزيز سليمان | عبد الحميد محجوب | لويس أبو غطاس مجلوف | عبد الفتاح الجبالى | مديحة خطاب | مصطفى كامل السيد,1140 | 1142 | 1141 | 1143 | 1144 | 1145 | 1146 | 1147 | 786,,شركاء التنمية للبحوث والاستشارات,46,,,,,0,,,,,0,,,,digi1.DB:BOOK_OTHER_TITLES | digi1.DB:EDITOR_BOOK | digi1.DB:PUBL_BOOK,MASTER_TITLE_MISSING_RELATIONS_RECOVERED
1426,,Missing from available BOOK master records,,,,,,,,,,ستيف هاردز | دار الفاروق . قسم الترجمة,1148 | 461,,دار الفاروق للاستثمارات الثقافية,47,,,,,0,,,,,0,,,,digi1.DB:BOOK_OTHER_TITLES | digi1.DB:EDITOR_BOOK | digi1.DB:PUBL_BOOK,MASTER_TITLE_MISSING_RELATIONS_RECOVERED
1427,,Missing from available BOOK master records,,,,,,,,,,أيمن النحراوى,1149,,منشأة الشهابى للطباعة والنشر والتوزيع,123,,,,,0,,,,,0,,,,digi1.DB:BOOK_OTHER_TITLES | digi1.DB:EDITOR_BOOK | digi1.DB:PUBL_BOOK,MASTER_TITLE_MISSING_RELATIONS_RECOVERED
1428,,Missing from available BOOK master records,,,,,,,,,,مصطفى أحمد حامد رضوان,1150,,الدار الجامعية,1,,,,,0,,,,,0,,,,digi1.DB:BOOK_OTHER_TITLES | digi1.DB:EDITOR_BOOK | digi1.DB:PUBL_BOOK,MASTER_TITLE_MISSING_RELATIONS_RECOVERED
1429,,Missing from available BOOK master records,,,,,,,,,,عايدة سيد خطاب,69,,المؤلف,8,,,,,0,,,,,0,,,,digi1.DB:BOOK_OTHER_TITLES | digi1.DB:EDITOR_BOOK | digi1.DB:PUBL_BOOK,MASTER_TITLE_MISSING_RELATIONS_RECOVERED
1430,,Missing from available BOOK master records,,,,,,,,,,راوية حسن,1151,,الدار الجامعية,1,,,,,0,,,,,0,,,,digi1.DB:BOOK_OTHER_TITLES | digi1.DB:EDITOR_BOOK | digi1.DB:PUBL_BOOK,MASTER_TITLE_MISSING_RELATIONS_RECOVERED
1431,,Missing from available BOOK master records,,,,,,,,,,مارتن ريتشاردسون,1152,,دار الفاروق للاستثمارات الثقافية,47,,,,,0,,,,,0,,,,digi1.DB:BOOK_OTHER_TITLES | digi1.DB:EDITOR_BOOK | digi1.DB:PUBL_BOOK,MASTER_TITLE_MISSING_RELATIONS_RECOVERED
1432,,Missing from available BOOK master records,,,,,,,,,,ريتشارد سوانسون | إلوود هولتون | دار الفاروق . قسم الترجمة,1153 | 1154 | 461,,دار الفاروق للاستثمارات الثقافية,47,,,,,0,,,,,0,,,,digi1.DB:BOOK_OTHER_TITLES | digi1.DB:EDITOR_BOOK | digi1.DB:PUBL_BOOK,MASTER_TITLE_MISSING_RELATIONS_RECOVERED
1433,,Missing from available BOOK master records,,,,,,,,,,أحمد محمد غنيم,146,,المكتبة العصرية,32,,,,,0,,,,,0,,6,,digi1.DB:BOOK_OTHER_TITLES | digi1.DB:EDITOR_BOOK | digi1.DB:PUBL_BOOK | digi1.DB:SERIAL_BOOK,MASTER_TITLE_MISSING_RELATIONS_RECOVERED
1434,,Missing from available BOOK master records,,,,,,,,,,ستيف ماركس | دار الفاروق . قسم الترجمة,1155 | 461,,دار الفاروق للاستثمارات الثقافية,47,,,,,0,,,,,0,,,,digi1.DB:BOOK_OTHER_TITLES | digi1.DB:EDITOR_BOOK | digi1.DB:PUBL_BOOK,MASTER_TITLE_MISSING_RELATIONS_RECOVERED
1435,,Missing from available BOOK master records,,,,,,,,,,أحمد محمد غنيم,146,,المكتبة العصرية,32,,التسويق - طرق البحث,1674,,0,,,,,0,,,,digi1.DB:BOOK_OTHER_TITLES | digi1.DB:BOOK_SUBJECT | digi1.DB:EDITOR_BOOK | digi1.DB:PUBL_BOOK,MASTER_TITLE_MISSING_RELATIONS_RECOVERED
1436,,Missing from available BOOK master records,,,,,,,,,,أحمد محمد غنيم,146,,المكتبة العصرية,32,,,,,0,,,,,0,,,,digi1.DB:BOOK_OTHER_TITLES | digi1.DB:EDITOR_BOOK | digi1.DB:PUBL_BOOK,MASTER_TITLE_MISSING_RELATIONS_RECOVERED
1437,,Missing from available BOOK master records,,,,,,,,,,محمود عبد الرازق,1156,,الدار الجامعية,1,,,,,0,,,,,0,,,,digi1.DB:BOOK_OTHER_TITLES | digi1.DB:EDITOR_BOOK | digi1.DB:PUBL_BOOK,MASTER_TITLE_MISSING_RELATIONS_RECOVERED
1438,,Missing from available BOOK master records,,,,,,,,,,عايدة سيد خطاب | عمرو محمد عواد,69 | 1157,,المؤلف,8,,,,,0,,,,,0,,,,digi1.DB:BOOK_OTHER_TITLES | digi1.DB:EDITOR_BOOK | digi1.DB:PUBL_BOOK,MASTER_TITLE_MISSING_RELATIONS_RECOVERED
1439,,Missing from available BOOK master records,,,,,,,,,,جانيل بارلو | كلاوس مولر | دار الفاروق . قسم الترجمة,1158 | 1159 | 461,,دار الفاروق للاستثمارات الثقافية,47,,,,,0,,,,,0,,,,digi1.DB:BOOK_OTHER_TITLES | digi1.DB:EDITOR_BOOK | digi1.DB:PUBL_BOOK,MASTER_TITLE_MISSING_RELATIONS_RECOVERED
1440,,Missing from available BOOK master records,,,,,,,,,,آنا مارفيلاس | دار الفاروق . قسم الترجمة,1160 | 461,,دار الفاروق للاستثمارات الثقافية,47,,,,,0,,,,,0,,,,digi1.DB:BOOK_OTHER_TITLES | digi1.DB:EDITOR_BOOK | digi1.DB:PUBL_BOOK,MASTER_TITLE_MISSING_RELATIONS_RECOVERED
1441,,Missing from available BOOK master records,,,,,,,,,,أحمد محمد غنيم,146,,المكتبة العصرية,32,,,,,1,1441/3/1,A,658.4,1047,0,,7,,digi1.DB:BOOK_OTHER_TITLES | digi1.DB:COPIES_VOLUMES | digi1.DB:EDITOR_BOOK | digi1.DB:PUBL_BOOK | digi1.DB:SERIAL_BOOK,MASTER_TITLE_MISSING_RELATIONS_RECOVERED
1442,,Missing from available BOOK master records,,,,,,,,,,طارق عبد العال حماد,330,,الدار الجامعية,1,,,,,0,,,,,0,,,,digi1.DB:BOOK_OTHER_TITLES | digi1.DB:EDITOR_BOOK | digi1.DB:PUBL_BOOK,MASTER_TITLE_MISSING_RELATIONS_RECOVERED
1443,,Missing from available BOOK master records,,,,,,,,,,ناصر نور الدين عبد اللطيف,338,,الدار الجامعية,1,,,,,0,,,,,0,,,,digi1.DB:BOOK_OTHER_TITLES | digi1.DB:EDITOR_BOOK | digi1.DB:PUBL_BOOK,MASTER_TITLE_MISSING_RELATIONS_RECOVERED
1444,,Missing from available BOOK master records,,,,,,,,,,توفيق محمد عبد المحسن,809,,دار الفكر العربى,76,,,,,0,,,,,0,,,,digi1.DB:BOOK_OTHER_TITLES | digi1.DB:EDITOR_BOOK | digi1.DB:PUBL_BOOK,MASTER_TITLE_MISSING_RELATIONS_RECOVERED
1445,,Missing from available BOOK master records,,,,,,,,,,محمد محمود المكاوى,1161,,المكتبة العصرية,32,,,,,0,,,,,0,,,,digi1.DB:BOOK_OTHER_TITLES | digi1.DB:EDITOR_BOOK | digi1.DB:PUBL_BOOK,MASTER_TITLE_MISSING_RELATIONS_RECOVERED
1446,,Missing from available BOOK master records,,,,,,,,,,محمد محمود المكاوى,1161,,المكتبة العصرية,32,,,,,0,,,,,0,,,,digi1.DB:BOOK_OTHER_TITLES | digi1.DB:EDITOR_BOOK | digi1.DB:PUBL_BOOK,MASTER_TITLE_MISSING_RELATIONS_RECOVERED
1447,,Missing from available BOOK master records,,,,,,,,,,محمد محمود المكاوى,1161,,المكتبة العصرية,32,,,,,0,,,,,0,,,,digi1.DB:BOOK_OTHER_TITLES | digi1.DB:EDITOR_BOOK | digi1.DB:PUBL_BOOK,MASTER_TITLE_MISSING_RELATIONS_RECOVERED
1448,,Missing from available BOOK master records,,,,,,,,,,محمد سعدو الجرف,1162,,مكتبة دار القاهرة,125,,,,,0,,,,,0,,,,digi1.DB:BOOK_OTHER_TITLES | digi1.DB:EDITOR_BOOK | digi1.DB:PUBL_BOOK,MASTER_TITLE_MISSING_RELATIONS_RECOVERED
1449,,Missing from available BOOK master records,,,,,,,,,,محمد عبد العزيز عجمية | ايمان عطية ناصف | على عبد الوهاب نجا,95 | 645 | 154,,الدار الجامعية,1,,,,,0,,,,,0,,,,digi1.DB:BOOK_OTHER_TITLES | digi1.DB:EDITOR_BOOK | digi1.DB:PUBL_BOOK,MASTER_TITLE_MISSING_RELATIONS_RECOVERED
1450,,Missing from available BOOK master records,,,,,,,,,,محمد صفوت قابل,25,,المؤلف,8,,,,,0,,,,,0,,,,digi1.DB:BOOK_OTHER_TITLES | digi1.DB:EDITOR_BOOK | digi1.DB:PUBL_BOOK,MASTER_TITLE_MISSING_RELATIONS_RECOVERED
1451,,Missing from available BOOK master records,,,,,,,,,,كارول فوردمان,1163,,دار الفاروق للاستثمارات الثقافية,47,,,,,0,,,,,0,,,,digi1.DB:BOOK_OTHER_TITLES | digi1.DB:EDITOR_BOOK | digi1.DB:PUBL_BOOK,MASTER_TITLE_MISSING_RELATIONS_RECOVERED
1452,,Missing from available BOOK master records,,,,,,,,,,اشرف عوض,1123,,المؤلف,8,,,,,0,,,,,0,,2,,digi1.DB:BOOK_OTHER_TITLES | digi1.DB:EDITOR_BOOK | digi1.DB:PUBL_BOOK | digi1.DB:SERIAL_BOOK,MASTER_TITLE_MISSING_RELATIONS_RECOVERED
1453,,Missing from available BOOK master records,,,,,,,,,,كين بلانشارد | مارك ميللر | جون سى ماكسويل,1164 | 1165 | 1166,,دار الفاروق للاستثمارات الثقافية,47,,,,,0,,,,,0,,,,digi1.DB:BOOK_OTHER_TITLES | digi1.DB:EDITOR_BOOK | digi1.DB:PUBL_BOOK,MASTER_TITLE_MISSING_RELATIONS_RECOVERED
1454,,Missing from available BOOK master records,,,,,,,,,,دينيس أ. كيللى | طلعت اسعد عبد الحميد,1167 | 423,,مكتبة الشقرى,126,,,,,0,,,,,0,,,,digi1.DB:BOOK_OTHER_TITLES | digi1.DB:EDITOR_BOOK | digi1.DB:PUBL_BOOK,MASTER_TITLE_MISSING_RELATIONS_RECOVERED
1455,,Missing from available BOOK master records,,,,,,,,,,اسماعيل صبرى مقلد,1168,,المكتبة الاكاديمية,2,,,,,0,,,,,0,,,,digi1.DB:BOOK_OTHER_TITLES | digi1.DB:EDITOR_BOOK | digi1.DB:PUBL_BOOK,MASTER_TITLE_MISSING_RELATIONS_RECOVERED
1456,,Missing from available BOOK master records,,,,,,,,,,محمد محمود عطوة يوسف | عصام الدين البدراوى البرعى,1169 | 1170,,المكتبة العصرية,32,,,,,0,,,,,0,,,,digi1.DB:BOOK_OTHER_TITLES | digi1.DB:EDITOR_BOOK | digi1.DB:PUBL_BOOK,MASTER_TITLE_MISSING_RELATIONS_RECOVERED
1457,,Missing from available BOOK master records,,,,,,,,,,مكرم عبد المسيح باسيلى,820,,المكتبة العصرية,32,,,,,0,,,,,0,,,,digi1.DB:BOOK_OTHER_TITLES | digi1.DB:EDITOR_BOOK | digi1.DB:PUBL_BOOK,MASTER_TITLE_MISSING_RELATIONS_RECOVERED
1458,,Missing from available BOOK master records,,,,,,,,,,احمد ابراهيم,1171,,الدار الأكاديمية للعلوم,75,,,,,0,,,,,0,,,,digi1.DB:BOOK_OTHER_TITLES | digi1.DB:EDITOR_BOOK | digi1.DB:PUBL_BOOK,MASTER_TITLE_MISSING_RELATIONS_RECOVERED
1459,,Missing from available BOOK master records,,,,,,,,,,توفيق محمد عبد المحسن,809,,دار الفكر العربى | دار النهضة العربية,76 | 28,,,,,0,,,,,0,,,,digi1.DB:BOOK_OTHER_TITLES | digi1.DB:EDITOR_BOOK | digi1.DB:PUBL_BOOK,MASTER_TITLE_MISSING_RELATIONS_RECOVERED
1460,,Missing from available BOOK master records,,,,,,,,,,محسن أحمد الخضيرى,20,,إيتراك للطباعة والنشر والتوزيع,10,,,,,0,,,,,0,,,,digi1.DB:BOOK_OTHER_TITLES | digi1.DB:EDITOR_BOOK | digi1.DB:PUBL_BOOK,MASTER_TITLE_MISSING_RELATIONS_RECOVERED
1461,,Missing from available BOOK master records,,,,,,,,,,خالد ممدوح ابراهيم,215,,الدار الجامعية,1,,,,,0,,,,,0,,,,digi1.DB:BOOK_OTHER_TITLES | digi1.DB:EDITOR_BOOK | digi1.DB:PUBL_BOOK,MASTER_TITLE_MISSING_RELATIONS_RECOVERED
1462,,Missing from available BOOK master records,,,,,,,,,,محمود عبد الرازق,1156,,الدار الجامعية,1,,,,,0,,,,,0,,,,digi1.DB:BOOK_OTHER_TITLES | digi1.DB:EDITOR_BOOK | digi1.DB:PUBL_BOOK,MASTER_TITLE_MISSING_RELATIONS_RECOVERED
1463,,Missing from available BOOK master records,,,,,,,,,,مصطفى محمود ابو بكر,76,,الدار الجامعية,1,,,,,0,,,,,0,,,,digi1.DB:BOOK_OTHER_TITLES | digi1.DB:EDITOR_BOOK | digi1.DB:PUBL_BOOK,MASTER_TITLE_MISSING_RELATIONS_RECOVERED
1464,,Missing from available BOOK master records,,,,,,,,,,بولرباح عسالى,1172,,إيتراك للطباعة والنشر والتوزيع,10,,,,,0,,,,,0,,,,digi1.DB:BOOK_OTHER_TITLES | digi1.DB:EDITOR_BOOK | digi1.DB:PUBL_BOOK,MASTER_TITLE_MISSING_RELATIONS_RECOVERED
1465,,Missing from available BOOK master records,,,,,,,,,,منال جمال محمود احمد | ايمان السعيد جلال,1173 | 1174,,الاكاديميه الحديثه للكتاب الجامعى,127,,,,,0,,,,,0,,,,digi1.DB:BOOK_OTHER_TITLES | digi1.DB:EDITOR_BOOK | digi1.DB:PUBL_BOOK,MASTER_TITLE_MISSING_RELATIONS_RECOVERED
1466,,Missing from available BOOK master records,,,,,,,,,,جاك لالان | ماثيو ريتك,1175 | 1176,,دار الفاروق للاستثمارات الثقافية,47,,,,,0,,,,,0,,,,digi1.DB:BOOK_OTHER_TITLES | digi1.DB:EDITOR_BOOK | digi1.DB:PUBL_BOOK,MASTER_TITLE_MISSING_RELATIONS_RECOVERED
1467,,Missing from available BOOK master records,,,,,,,,,,محمد محمود المكاوى,1161,,المكتبة العصرية,32,,,,,0,,,,,0,,,,digi1.DB:BOOK_OTHER_TITLES | digi1.DB:EDITOR_BOOK | digi1.DB:PUBL_BOOK,MASTER_TITLE_MISSING_RELATIONS_RECOVERED
1468,,Missing from available BOOK master records,,,,,,,,,,احمد ماهر,1113,,الدار الجامعية,1,,,,,0,,,,,0,,,,digi1.DB:BOOK_OTHER_TITLES | digi1.DB:EDITOR_BOOK | digi1.DB:PUBL_BOOK,MASTER_TITLE_MISSING_RELATIONS_RECOVERED
1469,,Missing from available BOOK master records,,,,,,,,,,عبد المطلب عبد الحميد,77,,الشركة العربية المتحدة للتسويق والتوريدات,39,,,,,0,,,,,0,,0,,digi1.DB:BOOK_OTHER_TITLES | digi1.DB:EDITOR_BOOK | digi1.DB:PUBL_BOOK | digi1.DB:SERIAL_BOOK,MASTER_TITLE_MISSING_RELATIONS_RECOVERED
1470,,Missing from available BOOK master records,,,,,,,,,,دافيد ليستر | طلعت اسعد عبد الحميد,1177 | 423,,مكتبة الشقرى,126,,,,,0,,,,,0,,,,digi1.DB:BOOK_OTHER_TITLES | digi1.DB:EDITOR_BOOK | digi1.DB:PUBL_BOOK,MASTER_TITLE_MISSING_RELATIONS_RECOVERED
1471,,Missing from available BOOK master records,,,,,,,,,,عائشة جاسم محمد عبيد شافى,1178,,الدار الجامعية,1,,,,,0,,,,,0,,,,digi1.DB:BOOK_OTHER_TITLES | digi1.DB:EDITOR_BOOK | digi1.DB:PUBL_BOOK,MASTER_TITLE_MISSING_RELATIONS_RECOVERED
1472,,Missing from available BOOK master records,,,,,,,,,,مارتن د. ويص | عبدالحكم احمد الخزامى,560 | 1179,,دار الفجر للنشر والتوزيع,54,,,,,0,,,,,0,,,,digi1.DB:BOOK_OTHER_TITLES | digi1.DB:EDITOR_BOOK | digi1.DB:PUBL_BOOK,MASTER_TITLE_MISSING_RELATIONS_RECOVERED
1475,,Missing from available BOOK master records,,,,,,,,,,احمد سيد مصطفى,532,,المؤلف,8,,,,,0,,,,,0,,,,digi1.DB:BOOK_OTHER_TITLES | digi1.DB:EDITOR_BOOK | digi1.DB:PUBL_BOOK,MASTER_TITLE_MISSING_RELATIONS_RECOVERED
1476,,Missing from available BOOK master records,,,,,,,,,,خالد ممدوح ابراهيم,215,,الدار الجامعية,1,,,,,0,,,,,0,,,,digi1.DB:BOOK_OTHER_TITLES | digi1.DB:EDITOR_BOOK | digi1.DB:PUBL_BOOK,MASTER_TITLE_MISSING_RELATIONS_RECOVERED
1477,,Missing from available BOOK master records,,,,,,,,,,كين بلانشارد | بول ميير | ديك رو,1164 | 1180 | 1181,,دار الفاروق للاستثمارات الثقافية,47,,,,,0,,,,,0,,,,digi1.DB:BOOK_OTHER_TITLES | digi1.DB:EDITOR_BOOK | digi1.DB:PUBL_BOOK,MASTER_TITLE_MISSING_RELATIONS_RECOVERED
1478,,Missing from available BOOK master records,,,,,,,,,,رضا عبد السلام,637,,المكتبة العصرية,32,,,,,0,,,,,0,,,,digi1.DB:BOOK_OTHER_TITLES | digi1.DB:EDITOR_BOOK | digi1.DB:PUBL_BOOK,MASTER_TITLE_MISSING_RELATIONS_RECOVERED
1479,,Missing from available BOOK master records,,,,,,,,,,ويندى اتلو | ارنولد بولدت,1183 | 1184,,دار الفاروق للاستثمارات الثقافية,47,,,,,0,,,,,0,,,,digi1.DB:BOOK_OTHER_TITLES | digi1.DB:EDITOR_BOOK | digi1.DB:PUBL_BOOK,MASTER_TITLE_MISSING_RELATIONS_RECOVERED
1480,,Missing from available BOOK master records,,,,,,,,,,محمد عنتر احمد,1182,,المؤلف,8,,,,,0,,,,,0,,,,digi1.DB:BOOK_OTHER_TITLES | digi1.DB:EDITOR_BOOK | digi1.DB:PUBL_BOOK,MASTER_TITLE_MISSING_RELATIONS_RECOVERED
1481,,Missing from available BOOK master records,,,,,,,,,,مارى ال - برود | جون دبليو نيوستروم | عبدالفتاح السيد النعمانى,1185 | 1186 | 1187,,مركز الخبرات المهنية للادارة (بميك),6,,,,,0,,,,,0,,,,digi1.DB:BOOK_OTHER_TITLES | digi1.DB:EDITOR_BOOK | digi1.DB:PUBL_BOOK,MASTER_TITLE_MISSING_RELATIONS_RECOVERED
1482,,Missing from available BOOK master records,,,,,,,,,,جيم كولينز | جيرى بوراس,1188 | 1189,,كلمات عربية للترجمة والنشر,11,,,,,0,,,,,0,,,,digi1.DB:BOOK_OTHER_TITLES | digi1.DB:EDITOR_BOOK | digi1.DB:PUBL_BOOK,MASTER_TITLE_MISSING_RELATIONS_RECOVERED
1483,,Missing from available BOOK master records,,,,,,,,,,خالد مصطفى قاسم,467,,الدار الجامعية,1,,,,,0,,,,,0,,,,digi1.DB:BOOK_OTHER_TITLES | digi1.DB:EDITOR_BOOK | digi1.DB:PUBL_BOOK,MASTER_TITLE_MISSING_RELATIONS_RECOVERED
1484,,Missing from available BOOK master records,,,,,,,,,,عبد الرحمن توفيق | خبراء بميك,10 | 1190,,مركز الخبرات المهنية للادارة (بميك),6,,,,,0,,,,,0,,97,,digi1.DB:BOOK_OTHER_TITLES | digi1.DB:EDITOR_BOOK | digi1.DB:PUBL_BOOK | digi1.DB:SERIAL_BOOK,MASTER_TITLE_MISSING_RELATIONS_RECOVERED
1485,,Missing from available BOOK master records,,,,,,,,,,فريد النجار,1,,الدار الجامعية,1,,,,,0,,,,,0,,,,digi1.DB:BOOK_OTHER_TITLES | digi1.DB:EDITOR_BOOK | digi1.DB:PUBL_BOOK,MASTER_TITLE_MISSING_RELATIONS_RECOVERED
1486,,Missing from available BOOK master records,,,,,,,,,,دعاء سمير حزه,1191,,المؤلف,8,,,,,0,,,,,0,,,,digi1.DB:BOOK_OTHER_TITLES | digi1.DB:EDITOR_BOOK | digi1.DB:PUBL_BOOK,MASTER_TITLE_MISSING_RELATIONS_RECOVERED
1488,,Missing from available BOOK master records,,,,,,,,,,طارق عبد العال حماد,330,,الدار الجامعية,1,,,,,0,,,,,0,,,,digi1.DB:BOOK_OTHER_TITLES | digi1.DB:EDITOR_BOOK | digi1.DB:PUBL_BOOK,MASTER_TITLE_MISSING_RELATIONS_RECOVERED
1490,,Missing from available BOOK master records,,,,,,,,,,احمد ماهر,1113,,الدار الجامعية,1,,,,,0,,,,,0,,,,digi1.DB:BOOK_OTHER_TITLES | digi1.DB:EDITOR_BOOK | digi1.DB:PUBL_BOOK,MASTER_TITLE_MISSING_RELATIONS_RECOVERED
1492,,Missing from available BOOK master records,,,,,,,,,,ابراهيم محمد مهدى,1193,,المكتبة العصرية,32,,,,,0,,,,,0,,,,digi1.DB:BOOK_OTHER_TITLES | digi1.DB:EDITOR_BOOK | digi1.DB:PUBL_BOOK,MASTER_TITLE_MISSING_RELATIONS_RECOVERED
1493,,Missing from available BOOK master records,,,,,,,,,,عبد الرحمن توفيق | خبراء بميك,10 | 1190,,مركز الخبرات المهنية للادارة (بميك),6,,,,,0,,,,,0,,96,,digi1.DB:BOOK_OTHER_TITLES | digi1.DB:EDITOR_BOOK | digi1.DB:PUBL_BOOK | digi1.DB:SERIAL_BOOK,MASTER_TITLE_MISSING_RELATIONS_RECOVERED
1494,,Missing from available BOOK master records,,,,,,,,,,حسن محمد أحمد محمد مختار,133,,الشركة العربية المتحدة للتسويق والتوريدات,39,,,,,0,,,,,0,,,,digi1.DB:BOOK_OTHER_TITLES | digi1.DB:EDITOR_BOOK | digi1.DB:PUBL_BOOK,MASTER_TITLE_MISSING_RELATIONS_RECOVERED
1495,,Missing from available BOOK master records,,,,,,,,,,سوزى ويلش | احمد المغربى,1194 | 1195,,دار الفجر للنشر والتوزيع,54,,,,,0,,,,,0,,,,digi1.DB:BOOK_OTHER_TITLES | digi1.DB:EDITOR_BOOK | digi1.DB:PUBL_BOOK,MASTER_TITLE_MISSING_RELATIONS_RECOVERED
1496,,Missing from available BOOK master records,,,,,,,,,,ناجى خشبة,1057,,المكتبة العصرية,32,,,,,0,,,,,0,,,,digi1.DB:BOOK_OTHER_TITLES | digi1.DB:EDITOR_BOOK | digi1.DB:PUBL_BOOK,MASTER_TITLE_MISSING_RELATIONS_RECOVERED
1497,,Missing from available BOOK master records,,,,,,,,,,جرهارد راب | طلعت اسعد عبد الحميد,1196 | 423,,مكتبة الشقرى,126,,,,,0,,,,,0,,,,digi1.DB:BOOK_OTHER_TITLES | digi1.DB:EDITOR_BOOK | digi1.DB:PUBL_BOOK,MASTER_TITLE_MISSING_RELATIONS_RECOVERED
1498,,Missing from available BOOK master records,,,,,,,,,,محمد محمد إبراهيم,78,,الدار الجامعية,1,,,,,0,,,,,0,,,,digi1.DB:BOOK_OTHER_TITLES | digi1.DB:EDITOR_BOOK | digi1.DB:PUBL_BOOK,MASTER_TITLE_MISSING_RELATIONS_RECOVERED
1499,,Missing from available BOOK master records,,,,,,,,,,محمد عبد العظيم أبوالنجا,1198,,الدار الجامعية,1,,,,,0,,,,,0,,,,digi1.DB:BOOK_OTHER_TITLES | digi1.DB:EDITOR_BOOK | digi1.DB:PUBL_BOOK,MASTER_TITLE_MISSING_RELATIONS_RECOVERED
1500,,Missing from available BOOK master records,,,,,,,,,,ريتشارد جووسن,1197,,دار الفاروق للاستثمارات الثقافية,47,,,,,0,,,,,0,,,,digi1.DB:BOOK_OTHER_TITLES | digi1.DB:EDITOR_BOOK | digi1.DB:PUBL_BOOK,MASTER_TITLE_MISSING_RELATIONS_RECOVERED
1501,,Missing from available BOOK master records,,,,,,,,,,سوزان ماركس | هنرى ديوبرف,1200 | 1199,,دار الفاروق للاستثمارات الثقافية,47,,,,,0,,,,,0,,,,digi1.DB:BOOK_OTHER_TITLES | digi1.DB:EDITOR_BOOK | digi1.DB:PUBL_BOOK,MASTER_TITLE_MISSING_RELATIONS_RECOVERED
1502,,Missing from available BOOK master records,,,,,,,,,,عبد الرحمن توفيق,10,,مركز الخبرات المهنية للادارة (بميك),6,,,,,0,,,,,0,,,,digi1.DB:BOOK_OTHER_TITLES | digi1.DB:EDITOR_BOOK | digi1.DB:PUBL_BOOK,MASTER_TITLE_MISSING_RELATIONS_RECOVERED
1503,,Missing from available BOOK master records,,,,,,,,,,صلاح الدين حسن السيسى,469,,دار الفجر للنشر والتوزيع,54,,,,,0,,,,,0,,,,digi1.DB:BOOK_OTHER_TITLES | digi1.DB:EDITOR_BOOK | digi1.DB:PUBL_BOOK,MASTER_TITLE_MISSING_RELATIONS_RECOVERED
1504,,Missing from available BOOK master records,,,,,,,,,,احمد محمد غنيم,1005,,المكتبة العصرية,32,,,,,0,,,,,0,,,,digi1.DB:BOOK_OTHER_TITLES | digi1.DB:EDITOR_BOOK | digi1.DB:PUBL_BOOK,MASTER_TITLE_MISSING_RELATIONS_RECOVERED
1505,,Missing from available BOOK master records,,,,,,,,,,محمد عبد العظيم أبوالنجا,1198,,الدار الجامعية,1,,,,,0,,,,,0,,,,digi1.DB:BOOK_OTHER_TITLES | digi1.DB:EDITOR_BOOK | digi1.DB:PUBL_BOOK,MASTER_TITLE_MISSING_RELATIONS_RECOVERED
1506,,Missing from available BOOK master records,,,,,,,,,,فريد النجار,1,,الدار الجامعية,1,,,,,0,,,,,0,,,,digi1.DB:BOOK_OTHER_TITLES | digi1.DB:EDITOR_BOOK | digi1.DB:PUBL_BOOK,MASTER_TITLE_MISSING_RELATIONS_RECOVERED
1507,,Missing from available BOOK master records,,,,,,,,,,احمد محمد غنيم,1005,,المكتبة العصرية,32,,,,,0,,,,,0,,5,,digi1.DB:BOOK_OTHER_TITLES | digi1.DB:EDITOR_BOOK | digi1.DB:PUBL_BOOK | digi1.DB:SERIAL_BOOK,MASTER_TITLE_MISSING_RELATIONS_RECOVERED
1508,,Missing from available BOOK master records,,,,,,,,,,Jim Blythe | Phil Megicks,1201 | 1202,,Pearson education international,37,,marketing planning,969,,0,,,,,0,,,,digi1.DB:BOOK_OTHER_TITLES | digi1.DB:BOOK_SUBJECT | digi1.DB:EDITOR_BOOK | digi1.DB:PUBL_BOOK,MASTER_TITLE_MISSING_RELATIONS_RECOVERED
1509,,Missing from available BOOK master records,,,,,,,,,,Charles szypszak,1203,,Jones and bartlett publishers,128,,Employment,747,,0,,,,,0,,,,digi1.DB:BOOK_OTHER_TITLES | digi1.DB:BOOK_SUBJECT | digi1.DB:EDITOR_BOOK | digi1.DB:PUBL_BOOK,MASTER_TITLE_MISSING_RELATIONS_RECOVERED
1510,,Missing from available BOOK master records,,,,,,,,,,Rowan Jones | Maurice Pendlebury,1204 | 1205,,Pearson education international,37,,Auditing,388,,0,,,,,0,,,,digi1.DB:BOOK_OTHER_TITLES | digi1.DB:BOOK_SUBJECT | digi1.DB:EDITOR_BOOK | digi1.DB:PUBL_BOOK,MASTER_TITLE_MISSING_RELATIONS_RECOVERED
1511,,Missing from available BOOK master records,,,,,,,,,,Reldan s nadler,1206,,McGraw-Hill,59,,,,,0,,,,,0,,,,digi1.DB:BOOK_OTHER_TITLES | digi1.DB:EDITOR_BOOK | digi1.DB:PUBL_BOOK,MASTER_TITLE_MISSING_RELATIONS_RECOVERED
1512,,Missing from available BOOK master records,,,,,,,,,,هدى سيد لطيف,1207,,هبة النيل العربية للنشر و التوزيع,21,,,,,0,,,,,0,,,,digi1.DB:BOOK_OTHER_TITLES | digi1.DB:EDITOR_BOOK | digi1.DB:PUBL_BOOK,MASTER_TITLE_MISSING_RELATIONS_RECOVERED
1513,,Missing from available BOOK master records,,,,,,,,,,هدى سيد لطيف,1207,,هبة النيل العربية للنشر و التوزيع,21,,,,,0,,,,,0,,,,digi1.DB:BOOK_OTHER_TITLES | digi1.DB:EDITOR_BOOK | digi1.DB:PUBL_BOOK,MASTER_TITLE_MISSING_RELATIONS_RECOVERED
1514,,Missing from available BOOK master records,,,,,,,,,,حسنية محمد حسن,1208,,المؤلف,8,,,,,0,,,,,0,,,,digi1.DB:BOOK_OTHER_TITLES | digi1.DB:EDITOR_BOOK | digi1.DB:PUBL_BOOK,MASTER_TITLE_MISSING_RELATIONS_RECOVERED
1515,,Missing from available BOOK master records,,,,,,,,,,جيسكا ليفنجستون,1209,,مؤسسة محمد بن راشد مكتوم,129,,,,,0,,,,,0,,,,digi1.DB:BOOK_OTHER_TITLES | digi1.DB:EDITOR_BOOK | digi1.DB:PUBL_BOOK,MASTER_TITLE_MISSING_RELATIONS_RECOVERED
1516,,Missing from available BOOK master records,,,,,,,,,,انا مارفيلاس,1210,,دار الفاروق للاستثمارات الثقافية,47,,,,,0,,,,,0,,,,digi1.DB:BOOK_OTHER_TITLES | digi1.DB:EDITOR_BOOK | digi1.DB:PUBL_BOOK,MASTER_TITLE_MISSING_RELATIONS_RECOVERED
1517,,Missing from available BOOK master records,,,,,,,,,,محمود محمود السجاعى,124,,المكتبة العصرية,32,,,,,0,,,,,0,,,,digi1.DB:BOOK_OTHER_TITLES | digi1.DB:EDITOR_BOOK | digi1.DB:PUBL_BOOK,MASTER_TITLE_MISSING_RELATIONS_RECOVERED
1518,,Missing from available BOOK master records,,,,,,,,,,عواطف عبد الرحمن,961,,المكتبة الاكاديمية,2,,,,,0,,,,,0,,,,digi1.DB:BOOK_OTHER_TITLES | digi1.DB:EDITOR_BOOK | digi1.DB:PUBL_BOOK,MASTER_TITLE_MISSING_RELATIONS_RECOVERED
1519,,Missing from available BOOK master records,,,,,,,,,,فريد النجار,1,,الدار الجامعية,1,,,,,0,,,,,0,,,,digi1.DB:BOOK_OTHER_TITLES | digi1.DB:EDITOR_BOOK | digi1.DB:PUBL_BOOK,MASTER_TITLE_MISSING_RELATIONS_RECOVERED
1521,,Missing from available BOOK master records,,,,,,,,,,محمود السيد الناغى,958,,المكتبة العصرية,32,,,,,0,,,,,0,,,,digi1.DB:BOOK_OTHER_TITLES | digi1.DB:EDITOR_BOOK | digi1.DB:PUBL_BOOK,MASTER_TITLE_MISSING_RELATIONS_RECOVERED
1522,,Missing from available BOOK master records,,,,,,,,,,احمد موسى قريعى,1211,,المكتبة الاكاديمية,2,,,,,0,,,,,0,,,,digi1.DB:BOOK_OTHER_TITLES | digi1.DB:EDITOR_BOOK | digi1.DB:PUBL_BOOK,MASTER_TITLE_MISSING_RELATIONS_RECOVERED
1523,,Missing from available BOOK master records,,,,,,,,,,نبيل سعد خليل,1212,,دار الفجر للنشر والتوزيع,54,,,,,0,,,,,0,,,,digi1.DB:BOOK_OTHER_TITLES | digi1.DB:EDITOR_BOOK | digi1.DB:PUBL_BOOK,MASTER_TITLE_MISSING_RELATIONS_RECOVERED
1524,,Missing from available BOOK master records,,,,,,,,,,ببيت كوهين,1213,,دار الفاروق للاستثمارات الثقافية,47,,,,,0,,,,,0,,,,digi1.DB:BOOK_OTHER_TITLES | digi1.DB:EDITOR_BOOK | digi1.DB:PUBL_BOOK,MASTER_TITLE_MISSING_RELATIONS_RECOVERED
1525,,Missing from available BOOK master records,,,,,,,,,,طلعت اسعد عبد الحميد,423,,المؤلف,8,,,,,0,,,,,0,,,,digi1.DB:BOOK_OTHER_TITLES | digi1.DB:EDITOR_BOOK | digi1.DB:PUBL_BOOK,MASTER_TITLE_MISSING_RELATIONS_RECOVERED
1526,,Missing from available BOOK master records,,,,,,,,,,احمد محمد غنيم,1005,,المؤلف,8,,,,,0,,,,,0,,,,digi1.DB:BOOK_OTHER_TITLES | digi1.DB:EDITOR_BOOK | digi1.DB:PUBL_BOOK,MASTER_TITLE_MISSING_RELATIONS_RECOVERED
1527,,Missing from available BOOK master records,,,,,,,,,,محمد محمود المكاوى,1161,,المكتبة العصرية,32,,,,,0,,,,,0,,,,digi1.DB:BOOK_OTHER_TITLES | digi1.DB:EDITOR_BOOK | digi1.DB:PUBL_BOOK,MASTER_TITLE_MISSING_RELATIONS_RECOVERED
1528,,Missing from available BOOK master records,,,,,,,,,,عبد الرحمن توفيق,10,,مركز الخبرات المهنية للادارة (بميك),6,,,,,0,,,,,0,,98,,digi1.DB:BOOK_OTHER_TITLES | digi1.DB:EDITOR_BOOK | digi1.DB:PUBL_BOOK | digi1.DB:SERIAL_BOOK,MASTER_TITLE_MISSING_RELATIONS_RECOVERED
1529,,Missing from available BOOK master records,,,,,,,,,,طارق الياس,343,,مركز الخبرات المهنية للادارة (بميك),6,,,,,0,,,,,0,,,,digi1.DB:BOOK_OTHER_TITLES | digi1.DB:EDITOR_BOOK | digi1.DB:PUBL_BOOK,MASTER_TITLE_MISSING_RELATIONS_RECOVERED
1530,,Missing from available BOOK master records,,,,,,,,,,دعاء سمير حزه,1191,,المؤلف,8,,,,,0,,,,,0,,,,digi1.DB:BOOK_OTHER_TITLES | digi1.DB:EDITOR_BOOK | digi1.DB:PUBL_BOOK,MASTER_TITLE_MISSING_RELATIONS_RECOVERED
1531,,Missing from available BOOK master records,,,,,,,,,,روبرت رودزكى | دار الفاروق . قسم الترجمة,1192 | 461,,دار الفاروق للاستثمارات الثقافية,47,,,,,0,,,,,0,,,,digi1.DB:BOOK_OTHER_TITLES | digi1.DB:EDITOR_BOOK | digi1.DB:PUBL_BOOK,MASTER_TITLE_MISSING_RELATIONS_RECOVERED
1532,,Missing from available BOOK master records,,,,,,,,,,Johny K. Johansson,618,,McGraw-Hill,59,,,,,0,,,,,0,,,,digi1.DB:BOOK_OTHER_TITLES | digi1.DB:EDITOR_BOOK | digi1.DB:PUBL_BOOK,MASTER_TITLE_MISSING_RELATIONS_RECOVERED
1533,,Missing from available BOOK master records,,,,,,,,,,Rosalind masteron | David pickton,1214 | 1215,,McGraw-Hill,59,,Markets,397,,0,,,,,0,,,,digi1.DB:BOOK_OTHER_TITLES | digi1.DB:BOOK_SUBJECT | digi1.DB:EDITOR_BOOK | digi1.DB:PUBL_BOOK,MASTER_TITLE_MISSING_RELATIONS_RECOVERED
1534,,Missing from available BOOK master records,,,,,,,,,,Richard Schaffer,1216,,South-western,14,,International Business,1794,,0,,,,,0,,,,digi1.DB:BOOK_OTHER_TITLES | digi1.DB:BOOK_SUBJECT | digi1.DB:EDITOR_BOOK | digi1.DB:PUBL_BOOK,MASTER_TITLE_MISSING_RELATIONS_RECOVERED
1535,,Missing from available BOOK master records,,,,,,,,,,Jayne godfrey | Allan hodgson,1217 | 1218,,"John Wiley&Sons, Inc",12,,,,,0,,,,,0,,,,digi1.DB:BOOK_OTHER_TITLES | digi1.DB:EDITOR_BOOK | digi1.DB:PUBL_BOOK,MASTER_TITLE_MISSING_RELATIONS_RECOVERED
1536,,Missing from available BOOK master records,,,,,,,,,,Galit Shmueli | Nitin R. Patel | Peter C. Bruce,1219 | 1220 | 1221,,"John Wiley&Sons, Inc",12,,,,,0,,,,,0,,,,digi1.DB:BOOK_OTHER_TITLES | digi1.DB:EDITOR_BOOK | digi1.DB:PUBL_BOOK,MASTER_TITLE_MISSING_RELATIONS_RECOVERED
1537,,Missing from available BOOK master records,,,,,,,,,,David silver,518,,Sage,84,,,,,0,,,,,0,,,,digi1.DB:BOOK_OTHER_TITLES | digi1.DB:EDITOR_BOOK | digi1.DB:PUBL_BOOK,MASTER_TITLE_MISSING_RELATIONS_RECOVERED
1538,,Missing from available BOOK master records,,,,,,,,,,Samuel c.certo | S.trevis certo,1222 | 1223,,Pearson education international,37,,Planning,847,,0,,,,,0,,,,digi1.DB:BOOK_OTHER_TITLES | digi1.DB:BOOK_SUBJECT | digi1.DB:EDITOR_BOOK | digi1.DB:PUBL_BOOK,MASTER_TITLE_MISSING_RELATIONS_RECOVERED
1539,,Missing from available BOOK master records,,,,,,,,,,Tony Bovaird | Elke Loffler,1224 | 1225,,Routledge,20,,,,,0,,,,,0,,,,digi1.DB:BOOK_OTHER_TITLES | digi1.DB:EDITOR_BOOK | digi1.DB:PUBL_BOOK,MASTER_TITLE_MISSING_RELATIONS_RECOVERED
1540,,Missing from available BOOK master records,,,,,,,,,,Carlene cassidy | Robert kreitner,1226 | 1227,,South-western,14,,,,,0,,,,,0,,,,digi1.DB:BOOK_OTHER_TITLES | digi1.DB:EDITOR_BOOK | digi1.DB:PUBL_BOOK,MASTER_TITLE_MISSING_RELATIONS_RECOVERED
1541,,Missing from available BOOK master records,,,,,,,,,,Marvin N. Miletsky | James A. Callander,1228 | 1229,,Course Technology,60,,,,,0,,,,,0,,,,digi1.DB:BOOK_OTHER_TITLES | digi1.DB:EDITOR_BOOK | digi1.DB:PUBL_BOOK,MASTER_TITLE_MISSING_RELATIONS_RECOVERED
1542,,Missing from available BOOK master records,,,,,,,,,,Art tennick,1230,,McGraw -Hill Irwin,42,,,,,0,,,,,0,,,,digi1.DB:BOOK_OTHER_TITLES | digi1.DB:EDITOR_BOOK | digi1.DB:PUBL_BOOK,MASTER_TITLE_MISSING_RELATIONS_RECOVERED
1543,,Missing from available BOOK master records,,,,,,,,,,Wale Soyinka,1231,,McGraw-Hill,59,,,,,0,,,,,0,,,,digi1.DB:BOOK_OTHER_TITLES | digi1.DB:EDITOR_BOOK | digi1.DB:PUBL_BOOK,MASTER_TITLE_MISSING_RELATIONS_RECOVERED
1544,,Missing from available BOOK master records,,,,,,,,,,Mark hancock,1233,,Cambridge university press,61,,,,,0,,,,,0,,,,digi1.DB:BOOK_OTHER_TITLES | digi1.DB:EDITOR_BOOK | digi1.DB:PUBL_BOOK,MASTER_TITLE_MISSING_RELATIONS_RECOVERED
1545,,Missing from available BOOK master records,,,,,,,,,,Donald E. Kieso | Jerry J. Weygandt | Terry D. Warfield,367 | 365 | 1232,,"John Wiley&Sons, Inc",12,,,,,0,,,,,0,,,,digi1.DB:BOOK_OTHER_TITLES | digi1.DB:EDITOR_BOOK | digi1.DB:PUBL_BOOK,MASTER_TITLE_MISSING_RELATIONS_RECOVERED
1546,,Missing from available BOOK master records,,,,,,,,,,Ewan Maclntyre,1234,,Pearson education international,37,,,,,0,,,,,0,,,,digi1.DB:BOOK_OTHER_TITLES | digi1.DB:EDITOR_BOOK | digi1.DB:PUBL_BOOK,MASTER_TITLE_MISSING_RELATIONS_RECOVERED
1547,,Missing from available BOOK master records,,,,,,,,,,Martin hewings,1235,,Cambridge university press,61,,,,,0,,,,,0,,,,digi1.DB:BOOK_OTHER_TITLES | digi1.DB:EDITOR_BOOK | digi1.DB:PUBL_BOOK,MASTER_TITLE_MISSING_RELATIONS_RECOVERED
1548,,Missing from available BOOK master records,,,,,,,,,,Andy Gravell | David Parsons,1238 | 1239,,Cengage Learning,49,,,,,0,,,,,0,,,,digi1.DB:BOOK_OTHER_TITLES | digi1.DB:EDITOR_BOOK | digi1.DB:PUBL_BOOK,MASTER_TITLE_MISSING_RELATIONS_RECOVERED
1549,,Missing from available BOOK master records,,,,,,,,,,Robert dahlstorm,1236,,South-western,14,,,,,0,,,,,0,,,,digi1.DB:BOOK_OTHER_TITLES | digi1.DB:EDITOR_BOOK | digi1.DB:PUBL_BOOK,MASTER_TITLE_MISSING_RELATIONS_RECOVERED
1550,,Missing from available BOOK master records,,,,,,,,,,Tony proctor,1237,,,,,,,,0,,,,,0,,,,digi1.DB:BOOK_OTHER_TITLES | digi1.DB:EDITOR_BOOK,MASTER_TITLE_MISSING_RELATIONS_RECOVERED
1551,,Missing from available BOOK master records,,,,,,,,,,,,,"John Wiley&Sons, Inc",12,,,,,0,,,,,0,,,,digi1.DB:BOOK_OTHER_TITLES | digi1.DB:PUBL_BOOK,MASTER_TITLE_MISSING_RELATIONS_RECOVERED
1552,,Missing from available BOOK master records,,,,,,,,,,Richard L. Daft,240,,Cengage Learning,49,,,,,0,,,,,0,,,,digi1.DB:BOOK_OTHER_TITLES | digi1.DB:EDITOR_BOOK | digi1.DB:PUBL_BOOK,MASTER_TITLE_MISSING_RELATIONS_RECOVERED
1553,,Missing from available BOOK master records,,,,,,,,,,,,,McGraw -Hill Irwin,42,,,,,0,,,,,0,,,,digi1.DB:BOOK_OTHER_TITLES | digi1.DB:PUBL_BOOK,MASTER_TITLE_MISSING_RELATIONS_RECOVERED
1554,,Missing from available BOOK master records,,,,,,,,,,,,,McGraw-Hill,59,,,,,0,,,,,0,,,,digi1.DB:BOOK_OTHER_TITLES | digi1.DB:PUBL_BOOK,MASTER_TITLE_MISSING_RELATIONS_RECOVERED
1555,,Missing from available BOOK master records,,,,,,,,,,,,,South-western,14,,,,,0,,,,,0,,,,digi1.DB:BOOK_OTHER_TITLES | digi1.DB:PUBL_BOOK,MASTER_TITLE_MISSING_RELATIONS_RECOVERED
1556,,Missing from available BOOK master records,,,,,,,,,,,,,"John Wiley&Sons, Inc",12,,,,,0,,,,,0,,0,,digi1.DB:BOOK_OTHER_TITLES | digi1.DB:PUBL_BOOK | digi1.DB:SERIAL_BOOK,MASTER_TITLE_MISSING_RELATIONS_RECOVERED
1557,,Missing from available BOOK master records,,,,,,,,,,,,,"Wiley publishing,inc",18,,,,,0,,,,,0,,,,digi1.DB:BOOK_OTHER_TITLES | digi1.DB:PUBL_BOOK,MASTER_TITLE_MISSING_RELATIONS_RECOVERED
1558,,Missing from available BOOK master records,,,,,,,,,,,,,"John Wiley&Sons, Inc",12,,,,,0,,,,,0,,,,digi1.DB:BOOK_OTHER_TITLES | digi1.DB:PUBL_BOOK,MASTER_TITLE_MISSING_RELATIONS_RECOVERED
1559,,Missing from available BOOK master records,,,,,,,,,,,,,Cengage Learning,49,,,,,0,,,,,0,,,,digi1.DB:BOOK_OTHER_TITLES | digi1.DB:PUBL_BOOK,MASTER_TITLE_MISSING_RELATIONS_RECOVERED
1560,,Missing from available BOOK master records,,,,,,,,,,,,,"John Wiley&Sons, Inc",12,,,,,0,,,,,0,,,,digi1.DB:BOOK_OTHER_TITLES | digi1.DB:PUBL_BOOK,MASTER_TITLE_MISSING_RELATIONS_RECOVERED
1561,,Missing from available BOOK master records,,,,,,,,,,,,,McGraw -Hill Irwin,42,,,,,0,,,,,0,,,,digi1.DB:BOOK_OTHER_TITLES | digi1.DB:PUBL_BOOK,MASTER_TITLE_MISSING_RELATIONS_RECOVERED
1562,,Missing from available BOOK master records,,,,,,,,,,,,,"John Wiley&Sons, Inc",12,,,,,0,,,,,0,,,,digi1.DB:BOOK_OTHER_TITLES | digi1.DB:PUBL_BOOK,MASTER_TITLE_MISSING_RELATIONS_RECOVERED
1563,,Missing from available BOOK master records,,,,,,,,,,,,,"Wiley publishing,inc",18,,,,,0,,,,,0,,,,digi1.DB:BOOK_OTHER_TITLES | digi1.DB:PUBL_BOOK,MASTER_TITLE_MISSING_RELATIONS_RECOVERED
1564,,Missing from available BOOK master records,,,,,,,,,,,,,Routledge,20,,,,,0,,,,,0,,,,digi1.DB:BOOK_OTHER_TITLES | digi1.DB:PUBL_BOOK,MASTER_TITLE_MISSING_RELATIONS_RECOVERED
1565,,Missing from available BOOK master records,,,,,,,,,,,,,"John Wiley&Sons, Inc",12,,,,,0,,,,,0,,,,digi1.DB:BOOK_OTHER_TITLES | digi1.DB:PUBL_BOOK,MASTER_TITLE_MISSING_RELATIONS_RECOVERED
1566,,Missing from available BOOK master records,,,,,,,,,,,,,"John Wiley&Sons, Inc",12,,,,,0,,,,,0,,,,digi1.DB:BOOK_OTHER_TITLES | digi1.DB:PUBL_BOOK,MASTER_TITLE_MISSING_RELATIONS_RECOVERED
1567,,Missing from available BOOK master records,,,,,,,,,,,,,McGraw -Hill Irwin,42,,,,,0,,,,,0,,,,digi1.DB:BOOK_OTHER_TITLES | digi1.DB:PUBL_BOOK,MASTER_TITLE_MISSING_RELATIONS_RECOVERED
1568,,Missing from available BOOK master records,,,,,,,,,,,,,Routledge,20,,,,,0,,,,,0,,,,digi1.DB:BOOK_OTHER_TITLES | digi1.DB:PUBL_BOOK,MASTER_TITLE_MISSING_RELATIONS_RECOVERED
1569,,Missing from available BOOK master records,,,,,,,,,,,,,W.W.Norton & company,130,,Managerial  economics,1830,,0,,,,,0,,,,digi1.DB:BOOK_OTHER_TITLES | digi1.DB:BOOK_SUBJECT | digi1.DB:PUBL_BOOK,MASTER_TITLE_MISSING_RELATIONS_RECOVERED
1571,,Missing from available BOOK master records,,,,,,,,,,,,,Thomson,131,,Entrepreneurship,450,,0,,,,,0,,,,digi1.DB:BOOK_OTHER_TITLES | digi1.DB:BOOK_SUBJECT | digi1.DB:PUBL_BOOK,MASTER_TITLE_MISSING_RELATIONS_RECOVERED
1572,,Missing from available BOOK master records,,,,,,,,,,,,,Elsevier,13,,communication,210,,0,,,,,0,,,,digi1.DB:BOOK_OTHER_TITLES | digi1.DB:BOOK_SUBJECT | digi1.DB:PUBL_BOOK,MASTER_TITLE_MISSING_RELATIONS_RECOVERED
1573,,Missing from available BOOK master records,,,,,,,,,,,,,"John Wiley&Sons, Inc",12,,Globalization | Global marketing strategies,941 | 644,,0,,,,,0,,,,digi1.DB:BOOK_OTHER_TITLES | digi1.DB:BOOK_SUBJECT | digi1.DB:PUBL_BOOK,MASTER_TITLE_MISSING_RELATIONS_RECOVERED
1574,,Missing from available BOOK master records,,,,,,,,,,,,,Oxford university press,41,,,,,0,,,,,0,,,,digi1.DB:BOOK_OTHER_TITLES | digi1.DB:PUBL_BOOK,MASTER_TITLE_MISSING_RELATIONS_RECOVERED
1575,,Missing from available BOOK master records,,,,,,,,,,,,,McGraw -Hill Irwin,42,,Operating system,1831,,0,,,,,0,,,,digi1.DB:BOOK_OTHER_TITLES | digi1.DB:BOOK_SUBJECT | digi1.DB:PUBL_BOOK,MASTER_TITLE_MISSING_RELATIONS_RECOVERED
1576,,Missing from available BOOK master records,,,,,,,,,,,,,South-western,14,,,,,0,,,,,0,,,,digi1.DB:BOOK_OTHER_TITLES | digi1.DB:PUBL_BOOK,MASTER_TITLE_MISSING_RELATIONS_RECOVERED
1577,,Missing from available BOOK master records,,,,,,,,,,,,,McGraw -Hill Irwin,42,,,,,0,,,,,0,,,,digi1.DB:BOOK_OTHER_TITLES | digi1.DB:PUBL_BOOK,MASTER_TITLE_MISSING_RELATIONS_RECOVERED
1578,,Missing from available BOOK master records,,,,,,,,,,,,,Pearson prentice Hall,16,,,,,0,,,,,0,,,,digi1.DB:BOOK_OTHER_TITLES | digi1.DB:PUBL_BOOK,MASTER_TITLE_MISSING_RELATIONS_RECOVERED
1579,,Missing from available BOOK master records,,,,,,,,,,,,,South-western,14,,,,,0,,,,,0,,,,digi1.DB:BOOK_OTHER_TITLES | digi1.DB:PUBL_BOOK,MASTER_TITLE_MISSING_RELATIONS_RECOVERED
1580,,Missing from available BOOK master records,,,,,,,,,,,,,Prentice Hall,57,,,,,0,,,,,0,,,,digi1.DB:BOOK_OTHER_TITLES | digi1.DB:PUBL_BOOK,MASTER_TITLE_MISSING_RELATIONS_RECOVERED
1581,,Missing from available BOOK master records,,,,,,,,,,,,,South-western,14,,,,,0,,,,,0,,,,digi1.DB:BOOK_OTHER_TITLES | digi1.DB:PUBL_BOOK,MASTER_TITLE_MISSING_RELATIONS_RECOVERED
1582,,Missing from available BOOK master records,,,,,,,,,,,,,Springer,132,,Growth | Entrepreneurship,1791 | 450,,0,,,,,0,,,,digi1.DB:BOOK_OTHER_TITLES | digi1.DB:BOOK_SUBJECT | digi1.DB:PUBL_BOOK,MASTER_TITLE_MISSING_RELATIONS_RECOVERED
1583,,Missing from available BOOK master records,,,,,,,,,,,,,"Wiley publishing,inc",18,,,,,0,,,,,0,,,,digi1.DB:BOOK_OTHER_TITLES | digi1.DB:PUBL_BOOK,MASTER_TITLE_MISSING_RELATIONS_RECOVERED
1584,,Missing from available BOOK master records,,,,,,,,,,,,,"John Wiley&Sons, Inc",12,,,,,0,,,,,0,,,,digi1.DB:BOOK_OTHER_TITLES | digi1.DB:PUBL_BOOK,MASTER_TITLE_MISSING_RELATIONS_RECOVERED
1585,,Missing from available BOOK master records,,,,,,,,,,,,,Longman,133,,,,,0,,,,,0,,,,digi1.DB:BOOK_OTHER_TITLES | digi1.DB:PUBL_BOOK,MASTER_TITLE_MISSING_RELATIONS_RECOVERED
1586,,Missing from available BOOK master records,,,,,,,,,,,,,McGraw -Hill Irwin,42,,,,,0,,,,,0,,,,digi1.DB:BOOK_OTHER_TITLES | digi1.DB:PUBL_BOOK,MASTER_TITLE_MISSING_RELATIONS_RECOVERED
1587,,Missing from available BOOK master records,,,,,,,,,,,,,Pearson prentice Hall,16,,,,,0,,,,,0,,,,digi1.DB:BOOK_OTHER_TITLES | digi1.DB:PUBL_BOOK,MASTER_TITLE_MISSING_RELATIONS_RECOVERED
1588,,Missing from available BOOK master records,,,,,,,,,,,,,Elsevier,13,,,,,0,,,,,0,,,,digi1.DB:BOOK_OTHER_TITLES | digi1.DB:PUBL_BOOK,MASTER_TITLE_MISSING_RELATIONS_RECOVERED
1589,,Missing from available BOOK master records,,,,,,,,,,,,,Person hall,33,,,,,0,,,,,0,,,,digi1.DB:BOOK_OTHER_TITLES | digi1.DB:PUBL_BOOK,MASTER_TITLE_MISSING_RELATIONS_RECOVERED
1590,,Missing from available BOOK master records,,,,,,,,,,,,,"Wiley publishing,inc",18,,,,,0,,,,,0,,,,digi1.DB:BOOK_OTHER_TITLES | digi1.DB:PUBL_BOOK,MASTER_TITLE_MISSING_RELATIONS_RECOVERED
1591,,Missing from available BOOK master records,,,,,,,,,,,,,Longman,133,,,,,0,,,,,0,,,,digi1.DB:BOOK_OTHER_TITLES | digi1.DB:PUBL_BOOK,MASTER_TITLE_MISSING_RELATIONS_RECOVERED
1592,,Missing from available BOOK master records,,,,,,,,,,,,,McGraw -Hill Irwin,42,,,,,0,,,,,0,,,,digi1.DB:BOOK_OTHER_TITLES | digi1.DB:PUBL_BOOK,MASTER_TITLE_MISSING_RELATIONS_RECOVERED
1593,,Missing from available BOOK master records,,,,,,,,,,,,,McGraw -Hill Irwin,42,,,,,0,,,,,0,,,,digi1.DB:BOOK_OTHER_TITLES | digi1.DB:PUBL_BOOK,MASTER_TITLE_MISSING_RELATIONS_RECOVERED
1594,,Missing from available BOOK master records,,,,,,,,,,,,,McGraw -Hill Irwin,42,,,,,0,,,,,0,,,,digi1.DB:BOOK_OTHER_TITLES | digi1.DB:PUBL_BOOK,MASTER_TITLE_MISSING_RELATIONS_RECOVERED
1595,,Missing from available BOOK master records,,,,,,,,,,,,,"John Wiley&Sons, Inc",12,,,,,0,,,,,0,,,,digi1.DB:BOOK_OTHER_TITLES | digi1.DB:PUBL_BOOK,MASTER_TITLE_MISSING_RELATIONS_RECOVERED
1596,,Missing from available BOOK master records,,,,,,,,,,,,,Thomson,131,,,,,0,,,,,0,,,,digi1.DB:BOOK_OTHER_TITLES | digi1.DB:PUBL_BOOK,MASTER_TITLE_MISSING_RELATIONS_RECOVERED
1597,,Missing from available BOOK master records,,,,,,,,,,,,,"John Wiley&Sons, Inc",12,,,,,0,,,,,0,,,,digi1.DB:BOOK_OTHER_TITLES | digi1.DB:PUBL_BOOK,MASTER_TITLE_MISSING_RELATIONS_RECOVERED
1598,,Missing from available BOOK master records,,,,,,,,,,,,,"John Wiley&Sons, Inc",12,,,,,0,,,,,0,,,,digi1.DB:BOOK_OTHER_TITLES | digi1.DB:PUBL_BOOK,MASTER_TITLE_MISSING_RELATIONS_RECOVERED
1599,,Missing from available BOOK master records,,,,,,,,,,,,,Routledge,20,,,,,0,,,,,0,,,,digi1.DB:BOOK_OTHER_TITLES | digi1.DB:PUBL_BOOK,MASTER_TITLE_MISSING_RELATIONS_RECOVERED
1600,,Missing from available BOOK master records,,,,,,,,,,,,,McGraw -Hill Irwin,42,,,,,0,,,,,0,,,,digi1.DB:BOOK_OTHER_TITLES | digi1.DB:PUBL_BOOK,MASTER_TITLE_MISSING_RELATIONS_RECOVERED
1601,,Missing from available BOOK master records,,,,,,,,,,,,,Cengage Learning,49,,,,,0,,,,,0,,,,digi1.DB:BOOK_OTHER_TITLES | digi1.DB:PUBL_BOOK,MASTER_TITLE_MISSING_RELATIONS_RECOVERED
1602,,Missing from available BOOK master records,,,,,,,,,,,,,McGraw -Hill Irwin,42,,,,,0,,,,,0,,,,digi1.DB:BOOK_OTHER_TITLES | digi1.DB:PUBL_BOOK,MASTER_TITLE_MISSING_RELATIONS_RECOVERED
1603,,Missing from available BOOK master records,,,,,,,,,,,,,Course Technology,60,,,,,0,,,,,0,,,,digi1.DB:BOOK_OTHER_TITLES | digi1.DB:PUBL_BOOK,MASTER_TITLE_MISSING_RELATIONS_RECOVERED
1604,,Missing from available BOOK master records,,,,,,,,,,,,,إيتراك للطباعة والنشر والتوزيع,10,,,,,0,,,,,0,,,,digi1.DB:BOOK_OTHER_TITLES | digi1.DB:PUBL_BOOK,MASTER_TITLE_MISSING_RELATIONS_RECOVERED
1605,,Missing from available BOOK master records,,,,,,,,,,,,,Routledge,20,,,,,0,,,,,0,,,,digi1.DB:BOOK_OTHER_TITLES | digi1.DB:PUBL_BOOK,MASTER_TITLE_MISSING_RELATIONS_RECOVERED
1606,,Missing from available BOOK master records,,,,,,,,,,,,,"John Wiley&Sons, Inc",12,,,,,0,,,,,0,,,,digi1.DB:BOOK_OTHER_TITLES | digi1.DB:PUBL_BOOK,MASTER_TITLE_MISSING_RELATIONS_RECOVERED
1607,,Missing from available BOOK master records,,,,,,,,,,,,,"John Wiley&Sons, Inc",12,,,,,0,,,,,0,,,,digi1.DB:BOOK_OTHER_TITLES | digi1.DB:PUBL_BOOK,MASTER_TITLE_MISSING_RELATIONS_RECOVERED
1608,,Missing from available BOOK master records,,,,,,,,,,,,,Cengage Learning,49,,,,,0,,,,,0,,,,digi1.DB:BOOK_OTHER_TITLES | digi1.DB:PUBL_BOOK,MASTER_TITLE_MISSING_RELATIONS_RECOVERED
1609,,Missing from available BOOK master records,,,,,,,,,,,,,"John Wiley&Sons, Inc",12,,,,,0,,,,,0,,,,digi1.DB:BOOK_OTHER_TITLES | digi1.DB:PUBL_BOOK,MASTER_TITLE_MISSING_RELATIONS_RECOVERED
1610,,Missing from available BOOK master records,,,,,,,,,,,,,South-western,14,,,,,0,,,,,0,,,,digi1.DB:BOOK_OTHER_TITLES | digi1.DB:PUBL_BOOK,MASTER_TITLE_MISSING_RELATIONS_RECOVERED
1611,,Missing from available BOOK master records,,,,,,,,,,,,,Cambridge university press,61,,,,,0,,,,,0,,,,digi1.DB:BOOK_OTHER_TITLES | digi1.DB:PUBL_BOOK,MASTER_TITLE_MISSING_RELATIONS_RECOVERED
1612,,Missing from available BOOK master records,,,,,,,,,,,,,Cambridge university press,61,,,,,0,,,,,0,,,,digi1.DB:BOOK_OTHER_TITLES | digi1.DB:PUBL_BOOK,MASTER_TITLE_MISSING_RELATIONS_RECOVERED
1613,,Missing from available BOOK master records,,,,,,,,,,,,,Cambridge university press,61,,,,,0,,,,,0,,,,digi1.DB:BOOK_OTHER_TITLES | digi1.DB:PUBL_BOOK,MASTER_TITLE_MISSING_RELATIONS_RECOVERED
1614,,Missing from available BOOK master records,,,,,,,,,,,,,South-western,14,,,,,0,,,,,0,,,,digi1.DB:BOOK_OTHER_TITLES | digi1.DB:PUBL_BOOK,MASTER_TITLE_MISSING_RELATIONS_RECOVERED
1615,,Missing from available BOOK master records,,,,,,,,,,,,,Elsevier,13,,,,,0,,,,,0,,,,digi1.DB:BOOK_OTHER_TITLES | digi1.DB:PUBL_BOOK,MASTER_TITLE_MISSING_RELATIONS_RECOVERED
1616,,Missing from available BOOK master records,,,,,,,,,,,,,"John Wiley&Sons, Inc",12,,,,,0,,,,,0,,,,digi1.DB:BOOK_OTHER_TITLES | digi1.DB:PUBL_BOOK,MASTER_TITLE_MISSING_RELATIONS_RECOVERED
1618,,Missing from available BOOK master records,,,,,,,,,,,,,McGraw -Hill Irwin,42,,,,,0,,,,,0,,,,digi1.DB:BOOK_OTHER_TITLES | digi1.DB:PUBL_BOOK,MASTER_TITLE_MISSING_RELATIONS_RECOVERED
1619,,Missing from available BOOK master records,,,,,,,,,,,,,"John Wiley&Sons, Inc",12,,,,,0,,,,,0,,,,digi1.DB:BOOK_OTHER_TITLES | digi1.DB:PUBL_BOOK,MASTER_TITLE_MISSING_RELATIONS_RECOVERED
1620,,Missing from available BOOK master records,,,,,,,,,,,,,Springer,132,,,,,0,,,,,0,,,,digi1.DB:BOOK_OTHER_TITLES | digi1.DB:PUBL_BOOK,MASTER_TITLE_MISSING_RELATIONS_RECOVERED
1622,,Missing from available BOOK master records,,,,,,,,,,,,,McGraw-Hill,59,,,,,0,,,,,0,,,,digi1.DB:BOOK_OTHER_TITLES | digi1.DB:PUBL_BOOK,MASTER_TITLE_MISSING_RELATIONS_RECOVERED
1623,,Missing from available BOOK master records,,,,,,,,,,,,,Thomson,131,,,,,0,,,,,0,,,,digi1.DB:BOOK_OTHER_TITLES | digi1.DB:PUBL_BOOK,MASTER_TITLE_MISSING_RELATIONS_RECOVERED
1624,,Missing from available BOOK master records,,,,,,,,,,,,,Elsevier,13,,,,,0,,,,,0,,,,digi1.DB:BOOK_OTHER_TITLES | digi1.DB:PUBL_BOOK,MASTER_TITLE_MISSING_RELATIONS_RECOVERED
1625,,Missing from available BOOK master records,,,,,,,,,,,,,McGraw-Hill,59,,,,,0,,,,,0,,,,digi1.DB:BOOK_OTHER_TITLES | digi1.DB:PUBL_BOOK,MASTER_TITLE_MISSING_RELATIONS_RECOVERED
1626,,Missing from available BOOK master records,,,,,,,,,,,,,South-western,14,,,,,0,,,,,0,,,,digi1.DB:BOOK_OTHER_TITLES | digi1.DB:PUBL_BOOK,MASTER_TITLE_MISSING_RELATIONS_RECOVERED
1627,,Missing from available BOOK master records,,,,,,,,,,,,,"John Wiley&Sons, Inc",12,,,,,0,,,,,0,,,,digi1.DB:BOOK_OTHER_TITLES | digi1.DB:PUBL_BOOK,MASTER_TITLE_MISSING_RELATIONS_RECOVERED
1628,,Missing from available BOOK master records,,,,,,,,,,,,,"Wiley publishing,inc",18,,,,,0,,,,,0,,,,digi1.DB:BOOK_OTHER_TITLES | digi1.DB:PUBL_BOOK,MASTER_TITLE_MISSING_RELATIONS_RECOVERED
1629,,Missing from available BOOK master records,,,,,,,,,,,,,McGraw-Hill,59,,,,,0,,,,,0,,,,digi1.DB:BOOK_OTHER_TITLES | digi1.DB:PUBL_BOOK,MASTER_TITLE_MISSING_RELATIONS_RECOVERED
1630,,Missing from available BOOK master records,,,,,,,,,,,,,McGraw -Hill Irwin,42,,,,,0,,,,,0,,,,digi1.DB:BOOK_OTHER_TITLES | digi1.DB:PUBL_BOOK,MASTER_TITLE_MISSING_RELATIONS_RECOVERED
1631,,Missing from available BOOK master records,,,,,,,,,,,,,McGraw -Hill Irwin,42,,,,,0,,,,,0,,,,digi1.DB:BOOK_OTHER_TITLES | digi1.DB:PUBL_BOOK,MASTER_TITLE_MISSING_RELATIONS_RECOVERED
1632,,Missing from available BOOK master records,,,,,,,,,,,,,Sage,84,,,,,0,,,,,0,,,,digi1.DB:BOOK_OTHER_TITLES | digi1.DB:PUBL_BOOK,MASTER_TITLE_MISSING_RELATIONS_RECOVERED
1633,,Missing from available BOOK master records,,,,,,,,,,,,,Elsevier,13,,Information security,985,,0,,,,,0,,,,digi1.DB:BOOK_OTHER_TITLES | digi1.DB:BOOK_SUBJECT | digi1.DB:PUBL_BOOK,MASTER_TITLE_MISSING_RELATIONS_RECOVERED
1634,,Missing from available BOOK master records,,,,,,,,,,,,,Elsevier,13,,,,,0,,,,,0,,,,digi1.DB:BOOK_OTHER_TITLES | digi1.DB:PUBL_BOOK,MASTER_TITLE_MISSING_RELATIONS_RECOVERED
1635,,Missing from available BOOK master records,,,,,,,,,,,,,South-western,14,,Consumer behavior | Consumer Protection,478 | 1872,,0,,,,,0,,,,digi1.DB:BOOK_OTHER_TITLES | digi1.DB:BOOK_SUBJECT | digi1.DB:PUBL_BOOK,MASTER_TITLE_MISSING_RELATIONS_RECOVERED
1636,,Missing from available BOOK master records,,,,,,,,,,,,,South-western,14,,,,,0,,,,,0,,,,digi1.DB:BOOK_OTHER_TITLES | digi1.DB:PUBL_BOOK,MASTER_TITLE_MISSING_RELATIONS_RECOVERED
1637,,Missing from available BOOK master records,,,,,,,,,,,,,Course Technology,60,,System Analysis,1873,,0,,,,,0,,,,digi1.DB:BOOK_OTHER_TITLES | digi1.DB:BOOK_SUBJECT | digi1.DB:PUBL_BOOK,MASTER_TITLE_MISSING_RELATIONS_RECOVERED
1638,,Missing from available BOOK master records,,,,,,,,,,,,,South-western,14,,Business Enterprises,1807,,0,,,,,0,,,,digi1.DB:BOOK_OTHER_TITLES | digi1.DB:BOOK_SUBJECT | digi1.DB:PUBL_BOOK,MASTER_TITLE_MISSING_RELATIONS_RECOVERED
1639,,Missing from available BOOK master records,,,,,,,,,,,,,Sage,84,,,,,0,,,,,0,,,,digi1.DB:BOOK_OTHER_TITLES | digi1.DB:PUBL_BOOK,MASTER_TITLE_MISSING_RELATIONS_RECOVERED
1640,,Missing from available BOOK master records,,,,,,,,,,,,,McGraw-Hill,59,,,,,0,,,,,0,,,,digi1.DB:BOOK_OTHER_TITLES | digi1.DB:PUBL_BOOK,MASTER_TITLE_MISSING_RELATIONS_RECOVERED
1641,,Missing from available BOOK master records,,,,,,,,,,,,,South-western,14,,,,,0,,,,,0,,,,digi1.DB:BOOK_OTHER_TITLES | digi1.DB:PUBL_BOOK,MASTER_TITLE_MISSING_RELATIONS_RECOVERED
1642,,Missing from available BOOK master records,,,,,,,,,,,,,"John Wiley&Sons, Inc",12,,,,,0,,,,,0,,,,digi1.DB:BOOK_OTHER_TITLES | digi1.DB:PUBL_BOOK,MASTER_TITLE_MISSING_RELATIONS_RECOVERED
1643,,Missing from available BOOK master records,,,,,,,,,,,,,"John Wiley&Sons, Inc",12,,,,,0,,,,,0,,,,digi1.DB:BOOK_OTHER_TITLES | digi1.DB:PUBL_BOOK,MASTER_TITLE_MISSING_RELATIONS_RECOVERED
1644,,Missing from available BOOK master records,,,,,,,,,,,,,Thomson,131,,,,,0,,,,,0,,,,digi1.DB:BOOK_OTHER_TITLES | digi1.DB:PUBL_BOOK,MASTER_TITLE_MISSING_RELATIONS_RECOVERED
1645,,Missing from available BOOK master records,,,,,,,,,,,,,Pearson prentice Hall,16,,,,,0,,,,,0,,,,digi1.DB:BOOK_OTHER_TITLES | digi1.DB:PUBL_BOOK,MASTER_TITLE_MISSING_RELATIONS_RECOVERED
1646,,Missing from available BOOK master records,,,,,,,,,,,,,المؤلف,8,,,,,1,1646/1/1,A,005.3,,0,,,,digi1.DB:BOOK_OTHER_TITLES | digi1.DB:COPIES_VOLUMES | digi1.DB:PUBL_BOOK,MASTER_TITLE_MISSING_RELATIONS_RECOVERED
1647,,Missing from available BOOK master records,,,,,,,,,,,,,الدار الجامعية,1,,,,,1,1647/1/1,A,004.692,17472,0,,,,digi1.DB:BOOK_OTHER_TITLES | digi1.DB:COPIES_VOLUMES | digi1.DB:PUBL_BOOK,MASTER_TITLE_MISSING_RELATIONS_RECOVERED
1648,,Missing from available BOOK master records,,,,,,,,,,,,,الدار المصرية اللبنانية,51,,,,,1,1648/1/1,A,004.78,17670,0,,,,digi1.DB:BOOK_OTHER_TITLES | digi1.DB:COPIES_VOLUMES | digi1.DB:PUBL_BOOK,MASTER_TITLE_MISSING_RELATIONS_RECOVERED
1649,,Missing from available BOOK master records,,,,,,,,,,,,,دار المعرفة الجامعية,34,,,,,1,1649/1/1,A,005.3,14747,0,,,,digi1.DB:BOOK_OTHER_TITLES | digi1.DB:COPIES_VOLUMES | digi1.DB:PUBL_BOOK,MASTER_TITLE_MISSING_RELATIONS_RECOVERED
1651,,Missing from available BOOK master records,,,,,,,,,,,,,دار اسراء للطباعة والنشر,87,,,,,0,,,,,0,,,,digi1.DB:BOOK_OTHER_TITLES | digi1.DB:PUBL_BOOK,MASTER_TITLE_MISSING_RELATIONS_RECOVERED
1652,,Missing from available BOOK master records,,,,,,,,,,,,,Pearson education international,37,,,,,0,,,,,0,,,,digi1.DB:BOOK_OTHER_TITLES | digi1.DB:PUBL_BOOK,MASTER_TITLE_MISSING_RELATIONS_RECOVERED
1654,,Missing from available BOOK master records,,,,,,,,,,,,,مركز  دراسات واستشارات الادارة العامة,134,,,,,0,,,,,0,,,,digi1.DB:BOOK_OTHER_TITLES | digi1.DB:PUBL_BOOK,MASTER_TITLE_MISSING_RELATIONS_RECOVERED
1655,,Missing from available BOOK master records,,,,,,,,,,,,,دار التعليم الجامعى,81,,,,,0,,,,,0,,,,digi1.DB:BOOK_OTHER_TITLES | digi1.DB:PUBL_BOOK,MASTER_TITLE_MISSING_RELATIONS_RECOVERED
1656,,Missing from available BOOK master records,,,,,,,,,,,,,Elsevier,13,,,,,0,,,,,0,,,,digi1.DB:BOOK_OTHER_TITLES | digi1.DB:PUBL_BOOK,MASTER_TITLE_MISSING_RELATIONS_RECOVERED
1657,,Missing from available BOOK master records,,,,,,,,,,,,,دار النهضة العربية,28,,,,,0,,,,,0,,,,digi1.DB:BOOK_OTHER_TITLES | digi1.DB:PUBL_BOOK,MASTER_TITLE_MISSING_RELATIONS_RECOVERED
1658,,Missing from available BOOK master records,,,,,,,,,,,,,المؤلف,8,,,,,0,,,,,0,,,,digi1.DB:BOOK_OTHER_TITLES | digi1.DB:PUBL_BOOK,MASTER_TITLE_MISSING_RELATIONS_RECOVERED
1659,,Missing from available BOOK master records,,,,,,,,,,,,,مكتبة شادى,135,,,,,0,,,,,0,,,,digi1.DB:BOOK_OTHER_TITLES | digi1.DB:PUBL_BOOK,MASTER_TITLE_MISSING_RELATIONS_RECOVERED
1660,,Missing from available BOOK master records,,,,,,,,,,,,,مكتبة شادى,135,,,,,0,,,,,0,,,,digi1.DB:BOOK_OTHER_TITLES | digi1.DB:PUBL_BOOK,MASTER_TITLE_MISSING_RELATIONS_RECOVERED
1661,,Missing from available BOOK master records,,,,,,,,,,,,,دار النهضة العربية,28,,,,,0,,,,,0,,,,digi1.DB:BOOK_OTHER_TITLES | digi1.DB:PUBL_BOOK,MASTER_TITLE_MISSING_RELATIONS_RECOVERED
1662,,Missing from available BOOK master records,,,,,,,,,,,,,Pearson education international,37,,,,,0,,,,,0,,,,digi1.DB:BOOK_OTHER_TITLES | digi1.DB:PUBL_BOOK,MASTER_TITLE_MISSING_RELATIONS_RECOVERED
1663,,Missing from available BOOK master records,,,,,,,,,,,,,"John Wiley&Sons, Inc",12,,,,,0,,,,,0,,,,digi1.DB:BOOK_OTHER_TITLES | digi1.DB:PUBL_BOOK,MASTER_TITLE_MISSING_RELATIONS_RECOVERED
1664,,Missing from available BOOK master records,,,,,,,,,,,,,Pearson education international,37,,,,,0,,,,,0,,,,digi1.DB:BOOK_OTHER_TITLES | digi1.DB:PUBL_BOOK,MASTER_TITLE_MISSING_RELATIONS_RECOVERED
1665,,Missing from available BOOK master records,,,,,,,,,,,,,South-western,14,,,,,0,,,,,0,,,,digi1.DB:BOOK_OTHER_TITLES | digi1.DB:PUBL_BOOK,MASTER_TITLE_MISSING_RELATIONS_RECOVERED
1666,,Missing from available BOOK master records,,,,,,,,,,,,,McGraw-Hill,59,,,,,0,,,,,0,,,,digi1.DB:BOOK_OTHER_TITLES | digi1.DB:PUBL_BOOK,MASTER_TITLE_MISSING_RELATIONS_RECOVERED
1667,,Missing from available BOOK master records,,,,,,,,,,,,,McGraw-Hill,59,,,,,0,,,,,0,,,,digi1.DB:BOOK_OTHER_TITLES | digi1.DB:PUBL_BOOK,MASTER_TITLE_MISSING_RELATIONS_RECOVERED
1668,,Missing from available BOOK master records,,,,,,,,,,,,,"John Wiley&Sons, Inc",12,,,,,0,,,,,0,,,,digi1.DB:BOOK_OTHER_TITLES | digi1.DB:PUBL_BOOK,MASTER_TITLE_MISSING_RELATIONS_RECOVERED
1669,,Missing from available BOOK master records,,,,,,,,,,,,,"Wiley publishing,inc",18,,,,,0,,,,,0,,,,digi1.DB:BOOK_OTHER_TITLES | digi1.DB:PUBL_BOOK,MASTER_TITLE_MISSING_RELATIONS_RECOVERED
1670,,Missing from available BOOK master records,,,,,,,,,,,,,McGraw -Hill Irwin,42,,,,,0,,,,,0,,,,digi1.DB:BOOK_OTHER_TITLES | digi1.DB:PUBL_BOOK,MASTER_TITLE_MISSING_RELATIONS_RECOVERED
1671,,Missing from available BOOK master records,,,,,,,,,,,,,"John Wiley&Sons, Inc",12,,,,,0,,,,,0,,,,digi1.DB:BOOK_OTHER_TITLES | digi1.DB:PUBL_BOOK,MASTER_TITLE_MISSING_RELATIONS_RECOVERED
1672,,Missing from available BOOK master records,,,,,,,,,,,,,Jossey-Bass,19,,,,,0,,,,,0,,,,digi1.DB:BOOK_OTHER_TITLES | digi1.DB:PUBL_BOOK,MASTER_TITLE_MISSING_RELATIONS_RECOVERED
1673,,Missing from available BOOK master records,,,,,,,,,,,,,مركز الخبرات المهنية للادارة (بميك),6,,,,,0,,,,,0,,101,,digi1.DB:BOOK_OTHER_TITLES | digi1.DB:PUBL_BOOK | digi1.DB:SERIAL_BOOK,MASTER_TITLE_MISSING_RELATIONS_RECOVERED
1674,,Missing from available BOOK master records,,,,,,,,,,,,,مركز الخبرات المهنية للادارة (بميك),6,,,,,0,,,,,0,,37,,digi1.DB:BOOK_OTHER_TITLES | digi1.DB:PUBL_BOOK | digi1.DB:SERIAL_BOOK,MASTER_TITLE_MISSING_RELATIONS_RECOVERED
1675,,Missing from available BOOK master records,,,,,,,,,,,,,مركز الخبرات المهنية للادارة (بميك),6,,,,,0,,,,,0,,,,digi1.DB:BOOK_OTHER_TITLES | digi1.DB:PUBL_BOOK,MASTER_TITLE_MISSING_RELATIONS_RECOVERED
1676,,Missing from available BOOK master records,,,,,,,,,,,,,مركز الخبرات المهنية للادارة (بميك),6,,,,,0,,,,,0,,257,,digi1.DB:BOOK_OTHER_TITLES | digi1.DB:PUBL_BOOK | digi1.DB:SERIAL_BOOK,MASTER_TITLE_MISSING_RELATIONS_RECOVERED
1677,,Missing from available BOOK master records,,,,,,,,,,,,,"John Wiley&Sons, Inc",12,,,,,0,,,,,0,,,,digi1.DB:BOOK_OTHER_TITLES | digi1.DB:PUBL_BOOK,MASTER_TITLE_MISSING_RELATIONS_RECOVERED
1678,,Missing from available BOOK master records,,,,,,,,,,,,,مركز الخبرات المهنية للادارة (بميك),6,,,,,0,,,,,0,,,,digi1.DB:BOOK_OTHER_TITLES | digi1.DB:PUBL_BOOK,MASTER_TITLE_MISSING_RELATIONS_RECOVERED
1679,,Missing from available BOOK master records,,,,,,,,,,,,,مركز الخبرات المهنية للادارة (بميك),6,,,,,0,,,,,0,,195,,digi1.DB:BOOK_OTHER_TITLES | digi1.DB:PUBL_BOOK | digi1.DB:SERIAL_BOOK,MASTER_TITLE_MISSING_RELATIONS_RECOVERED
1681,,Missing from available BOOK master records,,,,,,,,,,,,,الدار الجامعية,1,,,,,0,,,,,0,,,,digi1.DB:BOOK_OTHER_TITLES | digi1.DB:PUBL_BOOK,MASTER_TITLE_MISSING_RELATIONS_RECOVERED
1682,,Missing from available BOOK master records,,,,,,,,,,,,,مركز الخبرات المهنية للادارة (بميك),6,,,,,0,,,,,0,,195,,digi1.DB:BOOK_OTHER_TITLES | digi1.DB:PUBL_BOOK | digi1.DB:SERIAL_BOOK,MASTER_TITLE_MISSING_RELATIONS_RECOVERED
1683,,Missing from available BOOK master records,,,,,,,,,,,,,مركز الخبرات المهنية للادارة (بميك),6,,,,,0,,,,,0,,254,,digi1.DB:BOOK_OTHER_TITLES | digi1.DB:PUBL_BOOK | digi1.DB:SERIAL_BOOK,MASTER_TITLE_MISSING_RELATIONS_RECOVERED
1684,,Missing from available BOOK master records,,,,,,,,,,,,,مركز الخبرات المهنية للادارة (بميك),6,,,,,0,,,,,0,,250,,digi1.DB:BOOK_OTHER_TITLES | digi1.DB:PUBL_BOOK | digi1.DB:SERIAL_BOOK,MASTER_TITLE_MISSING_RELATIONS_RECOVERED
1685,,Missing from available BOOK master records,,,,,,,,,,,,,دار الفجر للنشر والتوزيع,54,,,,,0,,,,,0,,,,digi1.DB:BOOK_OTHER_TITLES | digi1.DB:PUBL_BOOK,MASTER_TITLE_MISSING_RELATIONS_RECOVERED
1686,,Missing from available BOOK master records,,,,,,,,,,,,,الدار الجامعية,1,,,,,0,,,,,0,,,,digi1.DB:BOOK_OTHER_TITLES | digi1.DB:PUBL_BOOK,MASTER_TITLE_MISSING_RELATIONS_RECOVERED
1687,,Missing from available BOOK master records,,,,,,,,,,,,,الدار الجامعية,1,,,,,0,,,,,0,,,,digi1.DB:BOOK_OTHER_TITLES | digi1.DB:PUBL_BOOK,MASTER_TITLE_MISSING_RELATIONS_RECOVERED
1688,,Missing from available BOOK master records,,,,,,,,,,,,,"John Wiley&Sons, Inc",12,,,,,0,,,,,0,,,,digi1.DB:BOOK_OTHER_TITLES | digi1.DB:PUBL_BOOK,MASTER_TITLE_MISSING_RELATIONS_RECOVERED
1689,,Missing from available BOOK master records,,,,,,,,,,,,,الدار الجامعية,1,,,,,0,,,,,0,,,,digi1.DB:BOOK_OTHER_TITLES | digi1.DB:PUBL_BOOK,MASTER_TITLE_MISSING_RELATIONS_RECOVERED
1690,,Missing from available BOOK master records,,,,,,,,,,,,,الدار الجامعية,1,,,,,0,,,,,0,,,,digi1.DB:BOOK_OTHER_TITLES | digi1.DB:PUBL_BOOK,MASTER_TITLE_MISSING_RELATIONS_RECOVERED
1691,,Missing from available BOOK master records,,,,,,,,,,,,,مركز الخبرات المهنية للادارة (بميك),6,,,,,0,,,,,0,,,,digi1.DB:BOOK_OTHER_TITLES | digi1.DB:PUBL_BOOK,MASTER_TITLE_MISSING_RELATIONS_RECOVERED
1692,,Missing from available BOOK master records,,,,,,,,,,,,,مركز الخبرات المهنية للادارة (بميك),6,,,,,0,,,,,0,,,,digi1.DB:BOOK_OTHER_TITLES | digi1.DB:PUBL_BOOK,MASTER_TITLE_MISSING_RELATIONS_RECOVERED
1693,,Missing from available BOOK master records,,,,,,,,,,,,,مركز الخبرات المهنية للادارة (بميك),6,,,,,0,,,,,0,,,,digi1.DB:BOOK_OTHER_TITLES | digi1.DB:PUBL_BOOK,MASTER_TITLE_MISSING_RELATIONS_RECOVERED
1694,,Missing from available BOOK master records,,,,,,,,,,,,,المؤلف,8,,,,,0,,,,,0,,0,,digi1.DB:BOOK_OTHER_TITLES | digi1.DB:PUBL_BOOK | digi1.DB:SERIAL_BOOK,MASTER_TITLE_MISSING_RELATIONS_RECOVERED
1695,,Missing from available BOOK master records,,,,,,,,,,,,,الدار الجامعية,1,,,,,0,,,,,0,,,,digi1.DB:BOOK_OTHER_TITLES | digi1.DB:PUBL_BOOK,MASTER_TITLE_MISSING_RELATIONS_RECOVERED
1696,,Missing from available BOOK master records,,,,,,,,,,,,,الدار الجامعية,1,,,,,0,,,,,0,,,,digi1.DB:BOOK_OTHER_TITLES | digi1.DB:PUBL_BOOK,MASTER_TITLE_MISSING_RELATIONS_RECOVERED
1697,,Missing from available BOOK master records,,,,,,,,,,,,,دار الفجر للنشر والتوزيع,54,,,,,0,,,,,0,,,,digi1.DB:BOOK_OTHER_TITLES | digi1.DB:PUBL_BOOK,MASTER_TITLE_MISSING_RELATIONS_RECOVERED
1698,,Missing from available BOOK master records,,,,,,,,,,,,,الدار الجامعية,1,,,,,0,,,,,0,,,,digi1.DB:BOOK_OTHER_TITLES | digi1.DB:PUBL_BOOK,MASTER_TITLE_MISSING_RELATIONS_RECOVERED
1699,,Missing from available BOOK master records,,,,,,,,,,,,,مركز الخبرات المهنية للادارة (بميك),6,,,,,0,,,,,0,,104,,digi1.DB:BOOK_OTHER_TITLES | digi1.DB:PUBL_BOOK | digi1.DB:SERIAL_BOOK,MASTER_TITLE_MISSING_RELATIONS_RECOVERED
1700,,Missing from available BOOK master records,,,,,,,,,,,,,مركز الخبرات المهنية للادارة (بميك),6,,,,,0,,,,,0,,0,,digi1.DB:BOOK_OTHER_TITLES | digi1.DB:PUBL_BOOK | digi1.DB:SERIAL_BOOK,MASTER_TITLE_MISSING_RELATIONS_RECOVERED
1701,,Missing from available BOOK master records,,,,,,,,,,,,,مركز الخبرات المهنية للادارة (بميك),6,,,,,0,,,,,0,,2,,digi1.DB:BOOK_OTHER_TITLES | digi1.DB:PUBL_BOOK | digi1.DB:SERIAL_BOOK,MASTER_TITLE_MISSING_RELATIONS_RECOVERED
1702,,Missing from available BOOK master records,,,,,,,,,,,,,جامعة الفاتح,136,,,,,0,,,,,0,,,,digi1.DB:BOOK_OTHER_TITLES | digi1.DB:PUBL_BOOK,MASTER_TITLE_MISSING_RELATIONS_RECOVERED
1703,,Missing from available BOOK master records,,,,,,,,,,,,,مركز الخبرات المهنية للادارة (بميك),6,,,,,0,,,,,0,,,,digi1.DB:BOOK_OTHER_TITLES | digi1.DB:PUBL_BOOK,MASTER_TITLE_MISSING_RELATIONS_RECOVERED
1704,,Missing from available BOOK master records,,,,,,,,,,,,,مجموعة النيل العربية,40,,,,,0,,,,,0,,,,digi1.DB:BOOK_OTHER_TITLES | digi1.DB:PUBL_BOOK,MASTER_TITLE_MISSING_RELATIONS_RECOVERED
1705,,Missing from available BOOK master records,,,,,,,,,,,,,مجموعة النيل العربية,40,,التخطيط الاستراتيجى,254,,0,,,,,0,,,,digi1.DB:BOOK_OTHER_TITLES | digi1.DB:BOOK_SUBJECT | digi1.DB:PUBL_BOOK,MASTER_TITLE_MISSING_RELATIONS_RECOVERED
1706,,Missing from available BOOK master records,,,,,,,,,,,,,مجموعة النيل العربية,40,,,,,0,,,,,0,,,,digi1.DB:BOOK_OTHER_TITLES | digi1.DB:PUBL_BOOK,MASTER_TITLE_MISSING_RELATIONS_RECOVERED
1708,,Missing from available BOOK master records,,,,,,,,,,,,,الدار الجامعية,1,,,,,0,,,,,0,,,,digi1.DB:BOOK_OTHER_TITLES | digi1.DB:PUBL_BOOK,MASTER_TITLE_MISSING_RELATIONS_RECOVERED
1709,,Missing from available BOOK master records,,,,,,,,,,,,,الدار الجامعية,1,,,,,0,,,,,0,,,,digi1.DB:BOOK_OTHER_TITLES | digi1.DB:PUBL_BOOK,MASTER_TITLE_MISSING_RELATIONS_RECOVERED
1710,,Missing from available BOOK master records,,,,,,,,,,,,,دار المريخ,89,,,,,0,,,,,0,,,,digi1.DB:BOOK_OTHER_TITLES | digi1.DB:PUBL_BOOK,MASTER_TITLE_MISSING_RELATIONS_RECOVERED
1711,,Missing from available BOOK master records,,,,,,,,,,,,,مركز الخبرات المهنية للادارة (بميك),6,,,,,0,,,,,0,,222,,digi1.DB:BOOK_OTHER_TITLES | digi1.DB:PUBL_BOOK | digi1.DB:SERIAL_BOOK,MASTER_TITLE_MISSING_RELATIONS_RECOVERED
1712,,Missing from available BOOK master records,,,,,,,,,,,,,مركز الخبرات المهنية للادارة (بميك),6,,,,,0,,,,,0,,,,digi1.DB:BOOK_OTHER_TITLES | digi1.DB:PUBL_BOOK,MASTER_TITLE_MISSING_RELATIONS_RECOVERED
1713,,Missing from available BOOK master records,,,,,,,,,,,,,مركز الخبرات المهنية للادارة (بميك),6,,,,,0,,,,,0,,,,digi1.DB:BOOK_OTHER_TITLES | digi1.DB:PUBL_BOOK,MASTER_TITLE_MISSING_RELATIONS_RECOVERED
1714,,Missing from available BOOK master records,,,,,,,,,,,,,مركز الخبرات المهنية للادارة (بميك),6,,,,,0,,,,,0,,142,,digi1.DB:BOOK_OTHER_TITLES | digi1.DB:PUBL_BOOK | digi1.DB:SERIAL_BOOK,MASTER_TITLE_MISSING_RELATIONS_RECOVERED
1715,,Missing from available BOOK master records,,,,,,,,,,,,,مجموعة النيل العربية,40,,,,,0,,,,,0,,,,digi1.DB:BOOK_OTHER_TITLES | digi1.DB:PUBL_BOOK,MASTER_TITLE_MISSING_RELATIONS_RECOVERED
1716,,Missing from available BOOK master records,,,,,,,,,,,,,مركز الخبرات المهنية للادارة (بميك),6,,,,,0,,,,,0,,50,,digi1.DB:BOOK_OTHER_TITLES | digi1.DB:PUBL_BOOK | digi1.DB:SERIAL_BOOK,MASTER_TITLE_MISSING_RELATIONS_RECOVERED
1717,,Missing from available BOOK master records,,,,,,,,,,,,,المؤلف,8,,,,,0,,,,,0,,,,digi1.DB:BOOK_OTHER_TITLES | digi1.DB:PUBL_BOOK,MASTER_TITLE_MISSING_RELATIONS_RECOVERED
1718,,Missing from available BOOK master records,,,,,,,,,,,,,مركز الخبرات المهنية للادارة (بميك),6,,,,,0,,,,,0,,,,digi1.DB:BOOK_OTHER_TITLES | digi1.DB:PUBL_BOOK,MASTER_TITLE_MISSING_RELATIONS_RECOVERED
1719,,Missing from available BOOK master records,,,,,,,,,,,,,شركاء التنمية للبحوث والاستشارات,46,,,,,0,,,,,0,,,,digi1.DB:BOOK_OTHER_TITLES | digi1.DB:PUBL_BOOK,MASTER_TITLE_MISSING_RELATIONS_RECOVERED
1720,,Missing from available BOOK master records,,,,,,,,,,,,,مجموعة النيل العربية,40,,,,,0,,,,,0,,,,digi1.DB:BOOK_OTHER_TITLES | digi1.DB:PUBL_BOOK,MASTER_TITLE_MISSING_RELATIONS_RECOVERED
1721,,Missing from available BOOK master records,,,,,,,,,,,,,مركز الخبرات المهنية للادارة (بميك),6,,,,,0,,,,,0,,102,,digi1.DB:BOOK_OTHER_TITLES | digi1.DB:PUBL_BOOK | digi1.DB:SERIAL_BOOK,MASTER_TITLE_MISSING_RELATIONS_RECOVERED
1722,,Missing from available BOOK master records,,,,,,,,,,,,,Jossey-Bass,19,,,,,0,,,,,0,,,,digi1.DB:BOOK_OTHER_TITLES | digi1.DB:PUBL_BOOK,MASTER_TITLE_MISSING_RELATIONS_RECOVERED
1723,,Missing from available BOOK master records,,,,,,,,,,,,,الدار الجامعية,1,,,,,0,,,,,0,,,,digi1.DB:BOOK_OTHER_TITLES | digi1.DB:PUBL_BOOK,MASTER_TITLE_MISSING_RELATIONS_RECOVERED
1724,,Missing from available BOOK master records,,,,,,,,,,,,,"John Wiley&Sons, Inc",12,,,,,0,,,,,0,,,,digi1.DB:BOOK_OTHER_TITLES | digi1.DB:PUBL_BOOK,MASTER_TITLE_MISSING_RELATIONS_RECOVERED
1725,,Missing from available BOOK master records,,,,,,,,,,,,,إيتراك للطباعة والنشر والتوزيع,10,,,,,0,,,,,0,,,,digi1.DB:BOOK_OTHER_TITLES | digi1.DB:PUBL_BOOK,MASTER_TITLE_MISSING_RELATIONS_RECOVERED
1726,,Missing from available BOOK master records,,,,,,,,,,,,,South-western,14,,,,,0,,,,,0,,,,digi1.DB:BOOK_OTHER_TITLES | digi1.DB:PUBL_BOOK,MASTER_TITLE_MISSING_RELATIONS_RECOVERED
1727,,Missing from available BOOK master records,,,,,,,,,,,,,South-western,14,,,,,0,,,,,0,,,,digi1.DB:BOOK_OTHER_TITLES | digi1.DB:PUBL_BOOK,MASTER_TITLE_MISSING_RELATIONS_RECOVERED
1728,,Missing from available BOOK master records,,,,,,,,,,,,,المؤلف,8,,,,,0,,,,,0,,,,digi1.DB:BOOK_OTHER_TITLES | digi1.DB:PUBL_BOOK,MASTER_TITLE_MISSING_RELATIONS_RECOVERED
1729,,Missing from available BOOK master records,,,,,,,,,,,,,McGraw-Hill,59,,,,,0,,,,,0,,,,digi1.DB:BOOK_OTHER_TITLES | digi1.DB:PUBL_BOOK,MASTER_TITLE_MISSING_RELATIONS_RECOVERED
1730,,Missing from available BOOK master records,,,,,,,,,,,,,الشركة العربية المتحدة للتسويق والتوريدات,39,,,,,0,,,,,0,,,,digi1.DB:BOOK_OTHER_TITLES | digi1.DB:PUBL_BOOK,MASTER_TITLE_MISSING_RELATIONS_RECOVERED
1731,,Missing from available BOOK master records,,,,,,,,,,,,,مؤسسة حورس الدولية,9,,,,,0,,,,,0,,,,digi1.DB:BOOK_OTHER_TITLES | digi1.DB:PUBL_BOOK,MASTER_TITLE_MISSING_RELATIONS_RECOVERED
1732,,Missing from available BOOK master records,,,,,,,,,,,,,الدار الجامعية,1,,,,,0,,,,,0,,,,digi1.DB:BOOK_OTHER_TITLES | digi1.DB:PUBL_BOOK,MASTER_TITLE_MISSING_RELATIONS_RECOVERED
1733,,Missing from available BOOK master records,,,,,,,,,,,,,دار الفجر للنشر والتوزيع,54,,,,,0,,,,,0,,,,digi1.DB:BOOK_OTHER_TITLES | digi1.DB:PUBL_BOOK,MASTER_TITLE_MISSING_RELATIONS_RECOVERED
1734,,Missing from available BOOK master records,,,,,,,,,,,,,Jossey-Bass,19,,,,,0,,,,,0,,,,digi1.DB:BOOK_OTHER_TITLES | digi1.DB:PUBL_BOOK,MASTER_TITLE_MISSING_RELATIONS_RECOVERED
1735,,Missing from available BOOK master records,,,,,,,,,,,,,"John Wiley&Sons, Inc",12,,,,,0,,,,,0,,,,digi1.DB:BOOK_OTHER_TITLES | digi1.DB:PUBL_BOOK,MASTER_TITLE_MISSING_RELATIONS_RECOVERED
1736,,Missing from available BOOK master records,,,,,,,,,,,,,McGraw -Hill Irwin,42,,,,,0,,,,,0,,,,digi1.DB:BOOK_OTHER_TITLES | digi1.DB:PUBL_BOOK,MASTER_TITLE_MISSING_RELATIONS_RECOVERED
1737,,Missing from available BOOK master records,,,,,,,,,,,,,"John Wiley&Sons, Inc",12,,,,,0,,,,,0,,,,digi1.DB:BOOK_OTHER_TITLES | digi1.DB:PUBL_BOOK,MASTER_TITLE_MISSING_RELATIONS_RECOVERED
1738,,Missing from available BOOK master records,,,,,,,,,,,,,McGraw -Hill Irwin,42,,,,,0,,,,,0,,,,digi1.DB:BOOK_OTHER_TITLES | digi1.DB:PUBL_BOOK,MASTER_TITLE_MISSING_RELATIONS_RECOVERED
1739,,Missing from available BOOK master records,,,,,,,,,,,,,South-western,14,,,,,0,,,,,0,,,,digi1.DB:BOOK_OTHER_TITLES | digi1.DB:PUBL_BOOK,MASTER_TITLE_MISSING_RELATIONS_RECOVERED
1740,,Missing from available BOOK master records,,,,,,,,,,,,,"John Wiley&Sons, Inc",12,,,,,0,,,,,0,,,,digi1.DB:BOOK_OTHER_TITLES | digi1.DB:PUBL_BOOK,MASTER_TITLE_MISSING_RELATIONS_RECOVERED
1741,,Missing from available BOOK master records,,,,,,,,,,,,,Capstone Publishing,137,,,,,0,,,,,0,,,,digi1.DB:BOOK_OTHER_TITLES | digi1.DB:PUBL_BOOK,MASTER_TITLE_MISSING_RELATIONS_RECOVERED
1742,,Missing from available BOOK master records,,,,,,,,,,,,,McGraw -Hill Irwin,42,,performance standers,1936,,0,,,,,0,,,,digi1.DB:BOOK_OTHER_TITLES | digi1.DB:BOOK_SUBJECT | digi1.DB:PUBL_BOOK,MASTER_TITLE_MISSING_RELATIONS_RECOVERED
1743,,Missing from available BOOK master records,,,,,,,,,,,,,McGraw-Hill,59,,,,,0,,,,,0,,,,digi1.DB:BOOK_OTHER_TITLES | digi1.DB:PUBL_BOOK,MASTER_TITLE_MISSING_RELATIONS_RECOVERED
1744,,Missing from available BOOK master records,,,,,,,,,,,,,دار الفجر للنشر والتوزيع,54,,,,,0,,,,,0,,2,,digi1.DB:BOOK_OTHER_TITLES | digi1.DB:PUBL_BOOK | digi1.DB:SERIAL_BOOK,MASTER_TITLE_MISSING_RELATIONS_RECOVERED
1745,,Missing from available BOOK master records,,,,,,,,,,,,,دار الفجر للنشر والتوزيع,54,,,,,0,,,,,0,,3,,digi1.DB:BOOK_OTHER_TITLES | digi1.DB:PUBL_BOOK | digi1.DB:SERIAL_BOOK,MASTER_TITLE_MISSING_RELATIONS_RECOVERED
1746,,Missing from available BOOK master records,,,,,,,,,,,,,دار الفجر للنشر والتوزيع,54,,,,,0,,,,,0,,,,digi1.DB:BOOK_OTHER_TITLES | digi1.DB:PUBL_BOOK,MASTER_TITLE_MISSING_RELATIONS_RECOVERED
1747,,Missing from available BOOK master records,,,,,,,,,,,,,كلمات عربية للترجمة والنشر,11,,,,,0,,,,,0,,,,digi1.DB:BOOK_OTHER_TITLES | digi1.DB:PUBL_BOOK,MASTER_TITLE_MISSING_RELATIONS_RECOVERED
1748,,Missing from available BOOK master records,,,,,,,,,,,,,دار الفجر للنشر والتوزيع,54,,,,,0,,,,,0,,,,digi1.DB:BOOK_OTHER_TITLES | digi1.DB:PUBL_BOOK,MASTER_TITLE_MISSING_RELATIONS_RECOVERED
1749,,Missing from available BOOK master records,,,,,,,,,,,,,دار الفجر للنشر والتوزيع,54,,,,,0,,,,,0,,4,,digi1.DB:BOOK_OTHER_TITLES | digi1.DB:PUBL_BOOK | digi1.DB:SERIAL_BOOK,MASTER_TITLE_MISSING_RELATIONS_RECOVERED
1750,,Missing from available BOOK master records,,,,,,,,,,,,,دار الفجر للنشر والتوزيع,54,,,,,0,,,,,0,,5,,digi1.DB:BOOK_OTHER_TITLES | digi1.DB:PUBL_BOOK | digi1.DB:SERIAL_BOOK,MASTER_TITLE_MISSING_RELATIONS_RECOVERED
1751,,Missing from available BOOK master records,,,,,,,,,,,,,"John Wiley&Sons, Inc",12,,,,,0,,,,,0,,,,digi1.DB:BOOK_OTHER_TITLES | digi1.DB:PUBL_BOOK,MASTER_TITLE_MISSING_RELATIONS_RECOVERED
1752,,Missing from available BOOK master records,,,,,,,,,,,,,Jossey-Bass,19,,,,,0,,,,,0,,,,digi1.DB:BOOK_OTHER_TITLES | digi1.DB:PUBL_BOOK,MASTER_TITLE_MISSING_RELATIONS_RECOVERED
1753,,Missing from available BOOK master records,,,,,,,,,,,,,"Wiley publishing,inc",18,,,,,0,,,,,0,,,,digi1.DB:BOOK_OTHER_TITLES | digi1.DB:PUBL_BOOK,MASTER_TITLE_MISSING_RELATIONS_RECOVERED
1754,,Missing from available BOOK master records,,,,,,,,,,,,,مركز الخبرات المهنية للادارة (بميك),6,,,,,0,,,,,0,,,,digi1.DB:BOOK_OTHER_TITLES | digi1.DB:PUBL_BOOK,MASTER_TITLE_MISSING_RELATIONS_RECOVERED
1755,,Missing from available BOOK master records,,,,,,,,,,,,,South-western,14,,,,,0,,,,,0,,,,digi1.DB:BOOK_OTHER_TITLES | digi1.DB:PUBL_BOOK,MASTER_TITLE_MISSING_RELATIONS_RECOVERED
1756,,Missing from available BOOK master records,,,,,,,,,,,,,"John Wiley&Sons, Inc",12,,,,,0,,,,,0,,,,digi1.DB:BOOK_OTHER_TITLES | digi1.DB:PUBL_BOOK,MASTER_TITLE_MISSING_RELATIONS_RECOVERED
1757,,Missing from available BOOK master records,,,,,,,,,,,,,Pearson prentice Hall,16,,,,,0,,,,,0,,,,digi1.DB:BOOK_OTHER_TITLES | digi1.DB:PUBL_BOOK,MASTER_TITLE_MISSING_RELATIONS_RECOVERED
1758,,Missing from available BOOK master records,,,,,,,,,,,,,شركاء التنمية للبحوث والاستشارات,46,,,,,0,,,,,0,,,,digi1.DB:BOOK_OTHER_TITLES | digi1.DB:PUBL_BOOK,MASTER_TITLE_MISSING_RELATIONS_RECOVERED
1759,,Missing from available BOOK master records,,,,,,,,,,,,,South-western,14,,,,,0,,,,,0,,,,digi1.DB:BOOK_OTHER_TITLES | digi1.DB:PUBL_BOOK,MASTER_TITLE_MISSING_RELATIONS_RECOVERED
1760,,Missing from available BOOK master records,,,,,,,,,,,,,الدار الجامعية,1,,,,,0,,,,,0,,,,digi1.DB:BOOK_OTHER_TITLES | digi1.DB:PUBL_BOOK,MASTER_TITLE_MISSING_RELATIONS_RECOVERED
1761,,Missing from available BOOK master records,,,,,,,,,,,,,مؤسسة حورس الدولية,9,,,,,0,,,,,0,,,,digi1.DB:BOOK_OTHER_TITLES | digi1.DB:PUBL_BOOK,MASTER_TITLE_MISSING_RELATIONS_RECOVERED
1762,,Missing from available BOOK master records,,,,,,,,,,,,,الدار الجامعية,1,,,,,0,,,,,0,,,,digi1.DB:BOOK_OTHER_TITLES | digi1.DB:PUBL_BOOK,MASTER_TITLE_MISSING_RELATIONS_RECOVERED
1763,,Missing from available BOOK master records,,,,,,,,,,,,,الدار الجامعية,1,,,,,0,,,,,0,,,,digi1.DB:BOOK_OTHER_TITLES | digi1.DB:PUBL_BOOK,MASTER_TITLE_MISSING_RELATIONS_RECOVERED
1764,,Missing from available BOOK master records,,,,,,,,,,,,,كلمات عربية للترجمة والنشر,11,,,,,0,,,,,0,,,,digi1.DB:BOOK_OTHER_TITLES | digi1.DB:PUBL_BOOK,MASTER_TITLE_MISSING_RELATIONS_RECOVERED
1765,,Missing from available BOOK master records,,,,,,,,,,,,,مركز الخبرات المهنية للادارة (بميك),6,,,,,0,,,,,0,,8,,digi1.DB:BOOK_OTHER_TITLES | digi1.DB:PUBL_BOOK | digi1.DB:SERIAL_BOOK,MASTER_TITLE_MISSING_RELATIONS_RECOVERED
1766,,Missing from available BOOK master records,,,,,,,,,,,,,دار الكتاب الحديث,138,,,,,0,,,,,0,,,,digi1.DB:BOOK_OTHER_TITLES | digi1.DB:PUBL_BOOK,MASTER_TITLE_MISSING_RELATIONS_RECOVERED
1767,,Missing from available BOOK master records,,,,,,,,,,,,,المكتبة الاكاديمية,2,,,,,0,,,,,0,,,,digi1.DB:BOOK_OTHER_TITLES | digi1.DB:PUBL_BOOK,MASTER_TITLE_MISSING_RELATIONS_RECOVERED
1768,,Missing from available BOOK master records,,,,,,,,,,,,,مركز الخبرات المهنية للادارة (بميك),6,,,,,0,,,,,0,,141,,digi1.DB:BOOK_OTHER_TITLES | digi1.DB:PUBL_BOOK | digi1.DB:SERIAL_BOOK,MASTER_TITLE_MISSING_RELATIONS_RECOVERED
1769,,Missing from available BOOK master records,,,,,,,,,,,,,مركز الخبرات المهنية للادارة (بميك),6,,,,,0,,,,,0,,140,,digi1.DB:BOOK_OTHER_TITLES | digi1.DB:PUBL_BOOK | digi1.DB:SERIAL_BOOK,MASTER_TITLE_MISSING_RELATIONS_RECOVERED
1770,,Missing from available BOOK master records,,,,,,,,,,,,,مركز الخبرات المهنية للادارة (بميك),6,,,,,0,,,,,0,,137,,digi1.DB:BOOK_OTHER_TITLES | digi1.DB:PUBL_BOOK | digi1.DB:SERIAL_BOOK,MASTER_TITLE_MISSING_RELATIONS_RECOVERED
1771,,Missing from available BOOK master records,,,,,,,,,,,,,مركز الخبرات المهنية للادارة (بميك),6,,,,,0,,,,,0,,,,digi1.DB:BOOK_OTHER_TITLES | digi1.DB:PUBL_BOOK,MASTER_TITLE_MISSING_RELATIONS_RECOVERED
1772,,Missing from available BOOK master records,,,,,,,,,,,,,المكتبة الاكاديمية,2,,,,,0,,,,,0,,,,digi1.DB:BOOK_OTHER_TITLES | digi1.DB:PUBL_BOOK,MASTER_TITLE_MISSING_RELATIONS_RECOVERED
1773,,Missing from available BOOK master records,,,,,,,,,,,,,الاكاديميه الحديثه للكتاب الجامعى,127,,,,,0,,,,,0,,,,digi1.DB:BOOK_OTHER_TITLES | digi1.DB:PUBL_BOOK,MASTER_TITLE_MISSING_RELATIONS_RECOVERED
1774,,Missing from available BOOK master records,,,,,,,,,,,,,الدار الجامعية,1,,,,,0,,,,,0,,,,digi1.DB:BOOK_OTHER_TITLES | digi1.DB:PUBL_BOOK,MASTER_TITLE_MISSING_RELATIONS_RECOVERED
1775,,Missing from available BOOK master records,,,,,,,,,,,,,المكتبة العصرية,32,,,,,0,,,,,0,,,,digi1.DB:BOOK_OTHER_TITLES | digi1.DB:PUBL_BOOK,MASTER_TITLE_MISSING_RELATIONS_RECOVERED
1777,,Missing from available BOOK master records,,,,,,,,,,,,,دار التعليم الجامعى,81,,,,,0,,,,,0,,6,,digi1.DB:BOOK_OTHER_TITLES | digi1.DB:PUBL_BOOK | digi1.DB:SERIAL_BOOK,MASTER_TITLE_MISSING_RELATIONS_RECOVERED
1778,,Missing from available BOOK master records,,,,,,,,,,,,,دار التعليم الجامعى,81,,,,,0,,,,,0,,2,,digi1.DB:BOOK_OTHER_TITLES | digi1.DB:PUBL_BOOK | digi1.DB:SERIAL_BOOK,MASTER_TITLE_MISSING_RELATIONS_RECOVERED
1779,,Missing from available BOOK master records,,,,,,,,,,,,,دار التعليم الجامعى,81,,,,,0,,,,,0,,1,,digi1.DB:BOOK_OTHER_TITLES | digi1.DB:PUBL_BOOK | digi1.DB:SERIAL_BOOK,MASTER_TITLE_MISSING_RELATIONS_RECOVERED
1780,,Missing from available BOOK master records,,,,,,,,,,,,,دار التعليم الجامعى,81,,,,,0,,,,,0,,3,,digi1.DB:BOOK_OTHER_TITLES | digi1.DB:PUBL_BOOK | digi1.DB:SERIAL_BOOK,MASTER_TITLE_MISSING_RELATIONS_RECOVERED
1781,,Missing from available BOOK master records,,,,,,,,,,,,,دار التعليم الجامعى,81,,,,,0,,,,,0,,5,,digi1.DB:BOOK_OTHER_TITLES | digi1.DB:PUBL_BOOK | digi1.DB:SERIAL_BOOK,MASTER_TITLE_MISSING_RELATIONS_RECOVERED
1782,,Missing from available BOOK master records,,,,,,,,,,,,,دار التعليم الجامعى,81,,,,,0,,,,,0,,4,,digi1.DB:BOOK_OTHER_TITLES | digi1.DB:PUBL_BOOK | digi1.DB:SERIAL_BOOK,MASTER_TITLE_MISSING_RELATIONS_RECOVERED
1783,,Missing from available BOOK master records,,,,,,,,,,,,,جامعة قناة السويس,113,,,,,0,,,,,0,,,,digi1.DB:BOOK_OTHER_TITLES | digi1.DB:PUBL_BOOK,MASTER_TITLE_MISSING_RELATIONS_RECOVERED
1784,,Missing from available BOOK master records,,,,,,,,,,,,,مركز الخبرات المهنية للادارة (بميك),6,,,,,0,,,,,0,,,,digi1.DB:BOOK_OTHER_TITLES | digi1.DB:PUBL_BOOK,MASTER_TITLE_MISSING_RELATIONS_RECOVERED
1785,,Missing from available BOOK master records,,,,,,,,,,,,,مركز الخبرات المهنية للادارة (بميك),6,,,,,0,,,,,0,,,,digi1.DB:BOOK_OTHER_TITLES | digi1.DB:PUBL_BOOK,MASTER_TITLE_MISSING_RELATIONS_RECOVERED
1786,,Missing from available BOOK master records,,,,,,,,,,,,,مركز الخبرات المهنية للادارة (بميك),6,,,,,0,,,,,0,,,,digi1.DB:BOOK_OTHER_TITLES | digi1.DB:PUBL_BOOK,MASTER_TITLE_MISSING_RELATIONS_RECOVERED
1787,,Missing from available BOOK master records,,,,,,,,,,,,,مركز الخبرات المهنية للادارة (بميك),6,,,,,0,,,,,0,,,,digi1.DB:BOOK_OTHER_TITLES | digi1.DB:PUBL_BOOK,MASTER_TITLE_MISSING_RELATIONS_RECOVERED
1788,,Missing from available BOOK master records,,,,,,,,,,,,,دار الفجر للنشر والتوزيع,54,,,,,0,,,,,0,,,,digi1.DB:BOOK_OTHER_TITLES | digi1.DB:PUBL_BOOK,MASTER_TITLE_MISSING_RELATIONS_RECOVERED
1789,,Missing from available BOOK master records,,,,,,,,,,,,,المؤلف,8,,,,,0,,,,,0,,,,digi1.DB:BOOK_OTHER_TITLES | digi1.DB:PUBL_BOOK,MASTER_TITLE_MISSING_RELATIONS_RECOVERED
1790,,Missing from available BOOK master records,,,,,,,,,,,,,دار الفاروق للنشر والتوزيع,63,,,,,0,,,,,0,,,,digi1.DB:BOOK_OTHER_TITLES | digi1.DB:PUBL_BOOK,MASTER_TITLE_MISSING_RELATIONS_RECOVERED
1792,,Missing from available BOOK master records,,,,,,,,,,,,,دار المعرفة الجامعية,34,,,,,0,,,,,0,,,,digi1.DB:BOOK_OTHER_TITLES | digi1.DB:PUBL_BOOK,MASTER_TITLE_MISSING_RELATIONS_RECOVERED
1793,,Missing from available BOOK master records,,,,,,,,,,,,,المكتبة الاكاديمية,2,,,,,0,,,,,0,,,,digi1.DB:BOOK_OTHER_TITLES | digi1.DB:PUBL_BOOK,MASTER_TITLE_MISSING_RELATIONS_RECOVERED
1794,,Missing from available BOOK master records,,,,,,,,,,,,,العربى للنشر والتوزيع,80,,,,,0,,,,,0,,,,digi1.DB:BOOK_OTHER_TITLES | digi1.DB:PUBL_BOOK,MASTER_TITLE_MISSING_RELATIONS_RECOVERED
1795,,Missing from available BOOK master records,,,,,,,,,,,,,دار النشر للجامعات,55,,,,,0,,,,,0,,,,digi1.DB:BOOK_OTHER_TITLES | digi1.DB:PUBL_BOOK,MASTER_TITLE_MISSING_RELATIONS_RECOVERED
1796,,Missing from available BOOK master records,,,,,,,,,,,,,المؤلف,8,,,,,0,,,,,0,,,,digi1.DB:BOOK_OTHER_TITLES | digi1.DB:PUBL_BOOK,MASTER_TITLE_MISSING_RELATIONS_RECOVERED
1797,,Missing from available BOOK master records,,,,,,,,,,,,,دار اقلام للنشر والتوزيع,139,,,,,0,,,,,0,,,,digi1.DB:BOOK_OTHER_TITLES | digi1.DB:PUBL_BOOK,MASTER_TITLE_MISSING_RELATIONS_RECOVERED
1798,,Missing from available BOOK master records,,,,,,,,,,,,,الدار الجامعية,1,,,,,0,,,,,0,,,,digi1.DB:BOOK_OTHER_TITLES | digi1.DB:PUBL_BOOK,MASTER_TITLE_MISSING_RELATIONS_RECOVERED
1799,,Missing from available BOOK master records,,,,,,,,,,,,,الهيئة القوميه لضمان جودة التعليم و الاعتماد,140,,,,,0,,,,,0,,,,digi1.DB:BOOK_OTHER_TITLES | digi1.DB:PUBL_BOOK,MASTER_TITLE_MISSING_RELATIONS_RECOVERED
1800,,Missing from available BOOK master records,,,,,,,,,,,,,الهيئة القوميه لضمان جودة التعليم و الاعتماد,140,,,,,0,,,,,0,,,,digi1.DB:BOOK_OTHER_TITLES | digi1.DB:PUBL_BOOK,MASTER_TITLE_MISSING_RELATIONS_RECOVERED
1801,,Missing from available BOOK master records,,,,,,,,,,,,,الهيئة القوميه لضمان جودة التعليم و الاعتماد,140,,,,,0,,,,,0,,,,digi1.DB:BOOK_OTHER_TITLES | digi1.DB:PUBL_BOOK,MASTER_TITLE_MISSING_RELATIONS_RECOVERED
1802,,Missing from available BOOK master records,,,,,,,,,,,,,الهيئة القوميه لضمان جودة التعليم و الاعتماد,140,,,,,0,,,,,0,,,,digi1.DB:BOOK_OTHER_TITLES | digi1.DB:PUBL_BOOK,MASTER_TITLE_MISSING_RELATIONS_RECOVERED
1803,,Missing from available BOOK master records,,,,,,,,,,,,,الدار العربية للعلوم ناشرون,141,,,,,0,,,,,0,,,,digi1.DB:BOOK_OTHER_TITLES | digi1.DB:PUBL_BOOK,MASTER_TITLE_MISSING_RELATIONS_RECOVERED
1805,,Missing from available BOOK master records,,,,,,,,,,,,,hodder,142,,,,,0,,,,,0,,,,digi1.DB:BOOK_OTHER_TITLES | digi1.DB:PUBL_BOOK,MASTER_TITLE_MISSING_RELATIONS_RECOVERED
1806,,Missing from available BOOK master records,,,,,,,,,,,,,hodder,142,,,,,0,,,,,0,,,,digi1.DB:BOOK_OTHER_TITLES | digi1.DB:PUBL_BOOK,MASTER_TITLE_MISSING_RELATIONS_RECOVERED
1807,,Missing from available BOOK master records,,,,,,,,,,,,,hodder,142,,,,,0,,,,,0,,,,digi1.DB:BOOK_OTHER_TITLES | digi1.DB:PUBL_BOOK,MASTER_TITLE_MISSING_RELATIONS_RECOVERED
1808,,Missing from available BOOK master records,,,,,,,,,,,,,Prentice Hall,57,,,,,0,,,,,0,,,,digi1.DB:BOOK_OTHER_TITLES | digi1.DB:PUBL_BOOK,MASTER_TITLE_MISSING_RELATIONS_RECOVERED
1809,,Missing from available BOOK master records,,,,,,,,,,,,,Houghton Mifflin company,15,,,,,0,,,,,0,,,,digi1.DB:BOOK_OTHER_TITLES | digi1.DB:PUBL_BOOK,MASTER_TITLE_MISSING_RELATIONS_RECOVERED
1810,,Missing from available BOOK master records,,,,,,,,,,,,,McGraw-Hill,59,,,,,1,1810/1/1,A,351,1064,0,,,,digi1.DB:BOOK_OTHER_TITLES | digi1.DB:COPIES_VOLUMES | digi1.DB:PUBL_BOOK,MASTER_TITLE_MISSING_RELATIONS_RECOVERED
1812,,Missing from available BOOK master records,,,,,,,,,,,,,"John Wiley&Sons, Inc",12,,,,,0,,,,,0,,,,digi1.DB:BOOK_OTHER_TITLES | digi1.DB:PUBL_BOOK,MASTER_TITLE_MISSING_RELATIONS_RECOVERED
1813,,Missing from available BOOK master records,,,,,,,,,,,,,Pearson prentice Hall,16,,,,,0,,,,,0,,,,digi1.DB:BOOK_OTHER_TITLES | digi1.DB:PUBL_BOOK,MASTER_TITLE_MISSING_RELATIONS_RECOVERED
1814,,Missing from available BOOK master records,,,,,,,,,,,,,McGraw-Hill,59,,,,,1,1814/1/1,A,658.4,1065,0,,,,digi1.DB:BOOK_OTHER_TITLES | digi1.DB:COPIES_VOLUMES | digi1.DB:PUBL_BOOK,MASTER_TITLE_MISSING_RELATIONS_RECOVERED
1815,,Missing from available BOOK master records,,,,,,,,,,,,,McGraw -Hill Irwin,42,,,,,0,,,,,0,,,,digi1.DB:BOOK_OTHER_TITLES | digi1.DB:PUBL_BOOK,MASTER_TITLE_MISSING_RELATIONS_RECOVERED
1816,,Missing from available BOOK master records,,,,,,,,,,,,,Pearson education international,37,,,,,1,1816/1/1,A,658.406,1090,0,,,,digi1.DB:BOOK_OTHER_TITLES | digi1.DB:COPIES_VOLUMES | digi1.DB:PUBL_BOOK,MASTER_TITLE_MISSING_RELATIONS_RECOVERED
1817,,Missing from available BOOK master records,,,,,,,,,,,,,McGraw -Hill Irwin,42,,,,,0,,,,,0,,,,digi1.DB:BOOK_OTHER_TITLES | digi1.DB:PUBL_BOOK,MASTER_TITLE_MISSING_RELATIONS_RECOVERED
1818,,Missing from available BOOK master records,,,,,,,,,,,,,"John Wiley&Sons, Inc",12,,,,,0,,,,,0,,,,digi1.DB:BOOK_OTHER_TITLES | digi1.DB:PUBL_BOOK,MASTER_TITLE_MISSING_RELATIONS_RECOVERED
1819,,Missing from available BOOK master records,,,,,,,,,,,,,"John Wiley&Sons, Inc",12,,,,,1,1819/1/1,A,658,1081,0,,,,digi1.DB:BOOK_OTHER_TITLES | digi1.DB:COPIES_VOLUMES | digi1.DB:PUBL_BOOK,MASTER_TITLE_MISSING_RELATIONS_RECOVERED
1820,,Missing from available BOOK master records,,,,,,,,,,,,,"John Wiley&Sons, Inc",12,,,,,1,1820/2/1,A,,1096,0,,,,digi1.DB:BOOK_OTHER_TITLES | digi1.DB:COPIES_VOLUMES | digi1.DB:PUBL_BOOK,MASTER_TITLE_MISSING_RELATIONS_RECOVERED
1821,,Missing from available BOOK master records,,,,,,,,,,,,,Pearson education international,37,,,,,0,,,,,0,,,,digi1.DB:BOOK_OTHER_TITLES | digi1.DB:PUBL_BOOK,MASTER_TITLE_MISSING_RELATIONS_RECOVERED
1822,,Missing from available BOOK master records,,,,,,,,,,,,,"John Wiley&Sons, Inc",12,,,,,0,,,,,0,,,,digi1.DB:BOOK_OTHER_TITLES | digi1.DB:PUBL_BOOK,MASTER_TITLE_MISSING_RELATIONS_RECOVERED
1823,,Missing from available BOOK master records,,,,,,,,,,,,,"John Wiley&Sons, Inc",12,,,,,0,,,,,0,,,,digi1.DB:BOOK_OTHER_TITLES | digi1.DB:PUBL_BOOK,MASTER_TITLE_MISSING_RELATIONS_RECOVERED
1826,,Missing from available BOOK master records,,,,,,,,,,,,,"John Wiley&Sons, Inc",12,,,,,0,,,,,0,,,,digi1.DB:BOOK_OTHER_TITLES | digi1.DB:PUBL_BOOK,MASTER_TITLE_MISSING_RELATIONS_RECOVERED
1828,,Missing from available BOOK master records,,,,,,,,,,,,,McGraw -Hill Irwin,42,,,,,0,,,,,0,,,,digi1.DB:BOOK_OTHER_TITLES | digi1.DB:PUBL_BOOK,MASTER_TITLE_MISSING_RELATIONS_RECOVERED
1829,,Missing from available BOOK master records,,,,,,,,,,,,,McGraw-Hill,59,,,,,0,,,,,0,,,,digi1.DB:BOOK_OTHER_TITLES | digi1.DB:PUBL_BOOK,MASTER_TITLE_MISSING_RELATIONS_RECOVERED
1830,,Missing from available BOOK master records,,,,,,,,,,,,,"John Wiley&Sons, Inc",12,,,,,0,,,,,0,,,,digi1.DB:BOOK_OTHER_TITLES | digi1.DB:PUBL_BOOK,MASTER_TITLE_MISSING_RELATIONS_RECOVERED
1831,,Missing from available BOOK master records,,,,,,,,,,,,,Jossey-Bass,19,,,,,0,,,,,0,,,,digi1.DB:BOOK_OTHER_TITLES | digi1.DB:PUBL_BOOK,MASTER_TITLE_MISSING_RELATIONS_RECOVERED
1832,,Missing from available BOOK master records,,,,,,,,,,,,,McGraw -Hill Irwin,42,,,,,0,,,,,0,,,,digi1.DB:BOOK_OTHER_TITLES | digi1.DB:PUBL_BOOK,MASTER_TITLE_MISSING_RELATIONS_RECOVERED
1834,,Missing from available BOOK master records,,,,,,,,,,,,,Oxford university press,41,,,,,0,,,,,0,,,,digi1.DB:BOOK_OTHER_TITLES | digi1.DB:PUBL_BOOK,MASTER_TITLE_MISSING_RELATIONS_RECOVERED
1835,,Missing from available BOOK master records,,,,,,,,,,,,,Prentice Hall,57,,,,,0,,,,,0,,,,digi1.DB:BOOK_OTHER_TITLES | digi1.DB:PUBL_BOOK,MASTER_TITLE_MISSING_RELATIONS_RECOVERED
1836,,Missing from available BOOK master records,,,,,,,,,,,,,Pearson education international,37,,,,,0,,,,,0,,,,digi1.DB:BOOK_OTHER_TITLES | digi1.DB:PUBL_BOOK,MASTER_TITLE_MISSING_RELATIONS_RECOVERED
1837,,Missing from available BOOK master records,,,,,,,,,,,,,معهد التخطيط القومى,143,,,,,0,,,,,0,,,,digi1.DB:BOOK_OTHER_TITLES | digi1.DB:PUBL_BOOK,MASTER_TITLE_MISSING_RELATIONS_RECOVERED
1838,,Missing from available BOOK master records,,,,,,,,,,,,,Thomson,131,,,,,0,,,,,0,,,,digi1.DB:BOOK_OTHER_TITLES | digi1.DB:PUBL_BOOK,MASTER_TITLE_MISSING_RELATIONS_RECOVERED
1839,,Missing from available BOOK master records,,,,,,,,,,,,,,,,,,,0,,,,,0,,,,digi1.DB:BOOK_OTHER_TITLES,MASTER_TITLE_MISSING_RELATIONS_RECOVERED
1842,,Missing from available BOOK master records,,,,,,,,,,,,,Course Technology,60,,Computer science,100,,0,,,,,0,,,,digi1.DB:BOOK_OTHER_TITLES | digi1.DB:BOOK_SUBJECT | digi1.DB:PUBL_BOOK,MASTER_TITLE_MISSING_RELATIONS_RECOVERED
1843,,Missing from available BOOK master records,,,,,,,,,,,,,"John Wiley&Sons, Inc",12,,Resarch methods,1892,,0,,,,,0,,,,digi1.DB:BOOK_OTHER_TITLES | digi1.DB:BOOK_SUBJECT | digi1.DB:PUBL_BOOK,MASTER_TITLE_MISSING_RELATIONS_RECOVERED
1844,,Missing from available BOOK master records,,,,,,,,,,,,,McGraw -Hill Irwin,42,,,,,0,,,,,0,,,,digi1.DB:BOOK_OTHER_TITLES | digi1.DB:PUBL_BOOK,MASTER_TITLE_MISSING_RELATIONS_RECOVERED
1845,,Missing from available BOOK master records,,,,,,,,,,,,,Pearson education international,37,,Computers | Computer Operating Systems | Multimedia,1989 | 1990 | 1996,,0,,,,,0,,,,digi1.DB:BOOK_OTHER_TITLES | digi1.DB:BOOK_SUBJECT | digi1.DB:PUBL_BOOK,MASTER_TITLE_MISSING_RELATIONS_RECOVERED
1846,,Missing from available BOOK master records,,,,,,,,,,,,,,,,,,,0,,,,,0,,,,digi1.DB:BOOK_OTHER_TITLES,MASTER_TITLE_MISSING_RELATIONS_RECOVERED
1847,,Missing from available BOOK master records,,,,,,,,,,,,,الشركة العربية المتحدة للتسويق والتوريدات,39,,,,,0,,,,,0,,,,digi1.DB:BOOK_OTHER_TITLES | digi1.DB:PUBL_BOOK,MASTER_TITLE_MISSING_RELATIONS_RECOVERED
1848,,Missing from available BOOK master records,,,,,,,,,,,,,الدار الجامعية,1,,,,,0,,,,,0,,,,digi1.DB:BOOK_OTHER_TITLES | digi1.DB:PUBL_BOOK,MASTER_TITLE_MISSING_RELATIONS_RECOVERED
1849,,Missing from available BOOK master records,,,,,,,,,,,,,مركز الخبرات المهنية للادارة (بميك),6,,,,,0,,,,,0,,,,digi1.DB:BOOK_OTHER_TITLES | digi1.DB:PUBL_BOOK,MASTER_TITLE_MISSING_RELATIONS_RECOVERED
1850,,Missing from available BOOK master records,,,,,,,,,,,,,مركز الخبرات المهنية للادارة (بميك),6,,,,,0,,,,,0,,,,digi1.DB:BOOK_OTHER_TITLES | digi1.DB:PUBL_BOOK,MASTER_TITLE_MISSING_RELATIONS_RECOVERED
1851,,Missing from available BOOK master records,,,,,,,,,,,,,مجموعة النيل العربية,40,,,,,0,,,,,0,,,,digi1.DB:BOOK_OTHER_TITLES | digi1.DB:PUBL_BOOK,MASTER_TITLE_MISSING_RELATIONS_RECOVERED
1852,,Missing from available BOOK master records,,,,,,,,,,,,,دار الفاروق للنشر والتوزيع,63,,,,,0,,,,,0,,,,digi1.DB:BOOK_OTHER_TITLES | digi1.DB:PUBL_BOOK,MASTER_TITLE_MISSING_RELATIONS_RECOVERED
1853,,Missing from available BOOK master records,,,,,,,,,,,,,شركاء التنمية للبحوث والاستشارات,46,,,,,0,,,,,0,,,,digi1.DB:BOOK_OTHER_TITLES | digi1.DB:PUBL_BOOK,MASTER_TITLE_MISSING_RELATIONS_RECOVERED
1854,,Missing from available BOOK master records,,,,,,,,,,,,,دار الفجر للنشر والتوزيع,54,,,,,0,,,,,0,,,,digi1.DB:BOOK_OTHER_TITLES | digi1.DB:PUBL_BOOK,MASTER_TITLE_MISSING_RELATIONS_RECOVERED
1855,,Missing from available BOOK master records,,,,,,,,,,,,,McGraw-Hill,59,,,,,0,,,,,0,,,,digi1.DB:BOOK_OTHER_TITLES | digi1.DB:PUBL_BOOK,MASTER_TITLE_MISSING_RELATIONS_RECOVERED
1856,,Missing from available BOOK master records,,,,,,,,,,,,,مركز الخبرات المهنية للادارة (بميك),6,,,,,0,,,,,0,,,,digi1.DB:BOOK_OTHER_TITLES | digi1.DB:PUBL_BOOK,MASTER_TITLE_MISSING_RELATIONS_RECOVERED
1857,,Missing from available BOOK master records,,,,,,,,,,,,,McGraw-Hill,59,,,,,0,,,,,0,,,,digi1.DB:BOOK_OTHER_TITLES | digi1.DB:PUBL_BOOK,MASTER_TITLE_MISSING_RELATIONS_RECOVERED
1859,,Missing from available BOOK master records,,,,,,,,,,,,,مجموعة النيل العربية,40,,,,,0,,,,,0,,,,digi1.DB:BOOK_OTHER_TITLES | digi1.DB:PUBL_BOOK,MASTER_TITLE_MISSING_RELATIONS_RECOVERED
1860,,Missing from available BOOK master records,,,,,,,,,,,,,مكتبة الأنجلو الأمريكية,108,,,,,0,,,,,0,,,,digi1.DB:BOOK_OTHER_TITLES | digi1.DB:PUBL_BOOK,MASTER_TITLE_MISSING_RELATIONS_RECOVERED
1864,,Missing from available BOOK master records,,,,,,,,,,,,,Arabic export encyclopedia,144,,,,,0,,,,,0,,,,digi1.DB:BOOK_OTHER_TITLES | digi1.DB:PUBL_BOOK,MASTER_TITLE_MISSING_RELATIONS_RECOVERED
1865,,Missing from available BOOK master records,,,,,,,,,,,,,مؤسسة شباب الجامعة,53,,,,,0,,,,,0,,,,digi1.DB:BOOK_OTHER_TITLES | digi1.DB:PUBL_BOOK,MASTER_TITLE_MISSING_RELATIONS_RECOVERED
1866,,Missing from available BOOK master records,,,,,,,,,,,,,الدار الجامعية,1,,,,,0,,,,,0,,,,digi1.DB:BOOK_OTHER_TITLES | digi1.DB:PUBL_BOOK,MASTER_TITLE_MISSING_RELATIONS_RECOVERED
1867,,Missing from available BOOK master records,,,,,,,,,,,,,الدار الجامعية,1,,,,,0,,,,,0,,,,digi1.DB:BOOK_OTHER_TITLES | digi1.DB:PUBL_BOOK,MASTER_TITLE_MISSING_RELATIONS_RECOVERED
1868,,Missing from available BOOK master records,,,,,,,,,,,,,South-western,14,,,,,0,,,,,0,,,,digi1.DB:BOOK_OTHER_TITLES | digi1.DB:PUBL_BOOK,MASTER_TITLE_MISSING_RELATIONS_RECOVERED
1869,,Missing from available BOOK master records,,,,,,,,,,,,,hodder,142,,,,,0,,,,,0,,,,digi1.DB:BOOK_OTHER_TITLES | digi1.DB:PUBL_BOOK,MASTER_TITLE_MISSING_RELATIONS_RECOVERED
1870,,Missing from available BOOK master records,,,,,,,,,,,,,hodder,142,,,,,0,,,,,0,,,,digi1.DB:BOOK_OTHER_TITLES | digi1.DB:PUBL_BOOK,MASTER_TITLE_MISSING_RELATIONS_RECOVERED
1871,,Missing from available BOOK master records,,,,,,,,,,,,,hodder,142,,,,,0,,,,,0,,,,digi1.DB:BOOK_OTHER_TITLES | digi1.DB:PUBL_BOOK,MASTER_TITLE_MISSING_RELATIONS_RECOVERED
1872,,Missing from available BOOK master records,,,,,,,,,,,,,hodder,142,,,,,0,,,,,0,,,,digi1.DB:BOOK_OTHER_TITLES | digi1.DB:PUBL_BOOK,MASTER_TITLE_MISSING_RELATIONS_RECOVERED
1873,,Missing from available BOOK master records,,,,,,,,,,,,,hodder,142,,,,,0,,,,,0,,,,digi1.DB:BOOK_OTHER_TITLES | digi1.DB:PUBL_BOOK,MASTER_TITLE_MISSING_RELATIONS_RECOVERED
1874,,Missing from available BOOK master records,,,,,,,,,,,,,hodder,142,,,,,0,,,,,0,,,,digi1.DB:BOOK_OTHER_TITLES | digi1.DB:PUBL_BOOK,MASTER_TITLE_MISSING_RELATIONS_RECOVERED
1875,,Missing from available BOOK master records,,,,,,,,,,,,,hodder,142,,,,,0,,,,,0,,,,digi1.DB:BOOK_OTHER_TITLES | digi1.DB:PUBL_BOOK,MASTER_TITLE_MISSING_RELATIONS_RECOVERED
1876,,Missing from available BOOK master records,,,,,,,,,,,,,الدار الجامعية,1,,,,,0,,,,,0,,,,digi1.DB:BOOK_OTHER_TITLES | digi1.DB:PUBL_BOOK,MASTER_TITLE_MISSING_RELATIONS_RECOVERED
1877,,Missing from available BOOK master records,,,,,,,,,,,,,المنظمة العربية للتنمية الادارية,3,,,,,0,,,,,0,,,,digi1.DB:BOOK_OTHER_TITLES | digi1.DB:PUBL_BOOK,MASTER_TITLE_MISSING_RELATIONS_RECOVERED
1878,,Missing from available BOOK master records,,,,,,,,,,,,,الدار الجامعية,1,,,,,0,,,,,0,,,,digi1.DB:BOOK_OTHER_TITLES | digi1.DB:PUBL_BOOK,MASTER_TITLE_MISSING_RELATIONS_RECOVERED
1879,,Missing from available BOOK master records,,,,,,,,,,,,,وكالة المطبوعات,145,,,,,0,,,,,0,,,,digi1.DB:BOOK_OTHER_TITLES | digi1.DB:PUBL_BOOK,MASTER_TITLE_MISSING_RELATIONS_RECOVERED
1880,,Missing from available BOOK master records,,,,,,,,,,,,,دار النهضة العربية,28,,,,,1,1880/1/1,A,658.4,1131,0,,,,digi1.DB:BOOK_OTHER_TITLES | digi1.DB:COPIES_VOLUMES | digi1.DB:PUBL_BOOK,MASTER_TITLE_MISSING_RELATIONS_RECOVERED
1881,,Missing from available BOOK master records,,,,,,,,,,,,,مركز  دراسات واستشارات الادارة العامة,134,,,,,0,,,,,0,,,,digi1.DB:BOOK_OTHER_TITLES | digi1.DB:PUBL_BOOK,MASTER_TITLE_MISSING_RELATIONS_RECOVERED
1883,,Missing from available BOOK master records,,,,,,,,,,,,,Pearson prentice Hall,16,,,,,0,,,,,0,,,,digi1.DB:BOOK_OTHER_TITLES | digi1.DB:PUBL_BOOK,MASTER_TITLE_MISSING_RELATIONS_RECOVERED
1884,,Missing from available BOOK master records,,,,,,,,,,,,,Pearson prentice Hall,16,,,,,0,,,,,0,,,,digi1.DB:BOOK_OTHER_TITLES | digi1.DB:PUBL_BOOK,MASTER_TITLE_MISSING_RELATIONS_RECOVERED
1885,,Missing from available BOOK master records,,,,,,,,,,,,,Pearson prentice Hall,16,,,,,0,,,,,0,,,,digi1.DB:BOOK_OTHER_TITLES | digi1.DB:PUBL_BOOK,MASTER_TITLE_MISSING_RELATIONS_RECOVERED
1886,,Missing from available BOOK master records,,,,,,,,,,,,,Pearson prentice Hall,16,,,,,0,,,,,0,,,,digi1.DB:BOOK_OTHER_TITLES | digi1.DB:PUBL_BOOK,MASTER_TITLE_MISSING_RELATIONS_RECOVERED
1887,,Missing from available BOOK master records,,,,,,,,,,,,,كلية الاقتصاد والعلوم السياسية,146,,,,,0,,,,,0,,,,digi1.DB:BOOK_OTHER_TITLES | digi1.DB:PUBL_BOOK,MASTER_TITLE_MISSING_RELATIONS_RECOVERED
1888,,Missing from available BOOK master records,,,,,,,,,,,,,مجلس الطاقة العالمى,147,,,,,0,,,,,0,,,,digi1.DB:BOOK_OTHER_TITLES | digi1.DB:PUBL_BOOK,MASTER_TITLE_MISSING_RELATIONS_RECOVERED
1889,,Missing from available BOOK master records,,,,,,,,,,,,,دار النهضة العربية,28,,,,,0,,,,,0,,,,digi1.DB:BOOK_OTHER_TITLES | digi1.DB:PUBL_BOOK,MASTER_TITLE_MISSING_RELATIONS_RECOVERED
1890,,Missing from available BOOK master records,,,,,,,,,,,,,كلية التجارة _ جامعة القاهرة,148,,,,,0,,,,,0,,,,digi1.DB:BOOK_OTHER_TITLES | digi1.DB:PUBL_BOOK,MASTER_TITLE_MISSING_RELATIONS_RECOVERED
1891,,Missing from available BOOK master records,,,,,,,,,,,,,كلية التجارة _ جامعة القاهرة,148,,,,,0,,,,,0,,,,digi1.DB:BOOK_OTHER_TITLES | digi1.DB:PUBL_BOOK,MASTER_TITLE_MISSING_RELATIONS_RECOVERED
1892,,Missing from available BOOK master records,,,,,,,,,,,,,كلية التجارة - جامعة عين شمس,25,,,,,0,,,,,0,,,,digi1.DB:BOOK_OTHER_TITLES | digi1.DB:PUBL_BOOK,MASTER_TITLE_MISSING_RELATIONS_RECOVERED
1893,,Missing from available BOOK master records,,,,,,,,,,,,,دار النهضة العربية,28,,,,,0,,,,,0,,,,digi1.DB:BOOK_OTHER_TITLES | digi1.DB:PUBL_BOOK,MASTER_TITLE_MISSING_RELATIONS_RECOVERED
1894,,Missing from available BOOK master records,,,,,,,,,,,,,الدار الجامعية,1,,,,,0,,,,,0,,,,digi1.DB:BOOK_OTHER_TITLES | digi1.DB:PUBL_BOOK,MASTER_TITLE_MISSING_RELATIONS_RECOVERED
1895,,Missing from available BOOK master records,,,,,,,,,,,,,الدار الجامعية,1,,,,,0,,,,,0,,,,digi1.DB:BOOK_OTHER_TITLES | digi1.DB:PUBL_BOOK,MASTER_TITLE_MISSING_RELATIONS_RECOVERED
1896,,Missing from available BOOK master records,,,,,,,,,,,,,الدار الجامعية,1,,,,,0,,,,,0,,,,digi1.DB:BOOK_OTHER_TITLES | digi1.DB:PUBL_BOOK,MASTER_TITLE_MISSING_RELATIONS_RECOVERED
1897,,Missing from available BOOK master records,,,,,,,,,,,,,المكتبة الاكاديمية,2,,,,,0,,,,,0,,,,digi1.DB:BOOK_OTHER_TITLES | digi1.DB:PUBL_BOOK,MASTER_TITLE_MISSING_RELATIONS_RECOVERED
1898,,Missing from available BOOK master records,,,,,,,,,,,,,الدار الجامعية,1,,,,,0,,,,,0,,,,digi1.DB:BOOK_OTHER_TITLES | digi1.DB:PUBL_BOOK,MASTER_TITLE_MISSING_RELATIONS_RECOVERED
1900,,Missing from available BOOK master records,,,,,,,,,,,,,المكتبة الاكاديمية,2,,,,,0,,,,,0,,,,digi1.DB:BOOK_OTHER_TITLES | digi1.DB:PUBL_BOOK,MASTER_TITLE_MISSING_RELATIONS_RECOVERED
1901,,Missing from available BOOK master records,,,,,,,,,,,,,الدار الجامعية,1,,,,,0,,,,,0,,,,digi1.DB:BOOK_OTHER_TITLES | digi1.DB:PUBL_BOOK,MASTER_TITLE_MISSING_RELATIONS_RECOVERED
1902,,Missing from available BOOK master records,,,,,,,,,,,,,دار الكتاب الحديث,138,,,,,0,,,,,0,,,,digi1.DB:BOOK_OTHER_TITLES | digi1.DB:PUBL_BOOK,MASTER_TITLE_MISSING_RELATIONS_RECOVERED
1903,,Missing from available BOOK master records,,,,,,,,,,,,,المؤلف,8,,,,,0,,,,,0,,,,digi1.DB:BOOK_OTHER_TITLES | digi1.DB:PUBL_BOOK,MASTER_TITLE_MISSING_RELATIONS_RECOVERED
1904,,Missing from available BOOK master records,,,,,,,,,,,,,الدار الجامعية,1,,,,,0,,,,,0,,,,digi1.DB:BOOK_OTHER_TITLES | digi1.DB:PUBL_BOOK,MASTER_TITLE_MISSING_RELATIONS_RECOVERED
1905,,Missing from available BOOK master records,,,,,,,,,,,,,الدار الجامعية,1,,,,,0,,,,,0,,,,digi1.DB:BOOK_OTHER_TITLES | digi1.DB:PUBL_BOOK,MASTER_TITLE_MISSING_RELATIONS_RECOVERED
1906,,Missing from available BOOK master records,,,,,,,,,,,,,الدار الجامعية,1,,,,,0,,,,,0,,,,digi1.DB:BOOK_OTHER_TITLES | digi1.DB:PUBL_BOOK,MASTER_TITLE_MISSING_RELATIONS_RECOVERED
1907,,Missing from available BOOK master records,,,,,,,,,,,,,الدار الجامعية,1,,,,,0,,,,,0,,,,digi1.DB:BOOK_OTHER_TITLES | digi1.DB:PUBL_BOOK,MASTER_TITLE_MISSING_RELATIONS_RECOVERED
1908,,Missing from available BOOK master records,,,,,,,,,,,,,الدار الجامعية,1,,,,,0,,,,,0,,,,digi1.DB:BOOK_OTHER_TITLES | digi1.DB:PUBL_BOOK,MASTER_TITLE_MISSING_RELATIONS_RECOVERED
1909,,Missing from available BOOK master records,,,,,,,,,,,,,الدار الجامعية,1,,,,,0,,,,,0,,,,digi1.DB:BOOK_OTHER_TITLES | digi1.DB:PUBL_BOOK,MASTER_TITLE_MISSING_RELATIONS_RECOVERED
1910,,Missing from available BOOK master records,,,,,,,,,,,,,الدار الجامعية,1,,,,,0,,,,,0,,,,digi1.DB:BOOK_OTHER_TITLES | digi1.DB:PUBL_BOOK,MASTER_TITLE_MISSING_RELATIONS_RECOVERED
1911,,Missing from available BOOK master records,,,,,,,,,,,,,الدار الجامعية,1,,,,,0,,,,,0,,,,digi1.DB:BOOK_OTHER_TITLES | digi1.DB:PUBL_BOOK,MASTER_TITLE_MISSING_RELATIONS_RECOVERED
1912,,Missing from available BOOK master records,,,,,,,,,,,,,الدار الجامعية,1,,,,,0,,,,,0,,,,digi1.DB:BOOK_OTHER_TITLES | digi1.DB:PUBL_BOOK,MASTER_TITLE_MISSING_RELATIONS_RECOVERED
1913,,Missing from available BOOK master records,,,,,,,,,,,,,الدار الجامعية,1,,,,,0,,,,,0,,,,digi1.DB:BOOK_OTHER_TITLES | digi1.DB:PUBL_BOOK,MASTER_TITLE_MISSING_RELATIONS_RECOVERED
1914,,Missing from available BOOK master records,,,,,,,,,,,,,مكتبة الوفاء القانونية,149,,,,,0,,,,,0,,,,digi1.DB:BOOK_OTHER_TITLES | digi1.DB:PUBL_BOOK,MASTER_TITLE_MISSING_RELATIONS_RECOVERED
1915,,Missing from available BOOK master records,,,,,,,,,,,,,الدار الجامعية,1,,,,,0,,,,,0,,,,digi1.DB:BOOK_OTHER_TITLES | digi1.DB:PUBL_BOOK,MASTER_TITLE_MISSING_RELATIONS_RECOVERED
1916,,Missing from available BOOK master records,,,,,,,,,,,,,الدار الجامعية,1,,,,,0,,,,,0,,,,digi1.DB:BOOK_OTHER_TITLES | digi1.DB:PUBL_BOOK,MASTER_TITLE_MISSING_RELATIONS_RECOVERED
1917,,Missing from available BOOK master records,,,,,,,,,,,,,الدار الجامعية,1,,,,,0,,,,,0,,,,digi1.DB:BOOK_OTHER_TITLES | digi1.DB:PUBL_BOOK,MASTER_TITLE_MISSING_RELATIONS_RECOVERED
1918,,Missing from available BOOK master records,,,,,,,,,,,,,دار الفاروق للاستثمارات الثقافية,47,,,,,0,,,,,0,,,,digi1.DB:BOOK_OTHER_TITLES | digi1.DB:PUBL_BOOK,MASTER_TITLE_MISSING_RELATIONS_RECOVERED
1919,,Missing from available BOOK master records,,,,,,,,,,,,,المكتبة الاكاديمية,2,,,,,0,,,,,0,,0,,digi1.DB:BOOK_OTHER_TITLES | digi1.DB:PUBL_BOOK | digi1.DB:SERIAL_BOOK,MASTER_TITLE_MISSING_RELATIONS_RECOVERED
1920,,Missing from available BOOK master records,,,,,,,,,,,,,دار الفاروق للاستثمارات الثقافية,47,,,,,0,,,,,0,,,,digi1.DB:BOOK_OTHER_TITLES | digi1.DB:PUBL_BOOK,MASTER_TITLE_MISSING_RELATIONS_RECOVERED
1921,,Missing from available BOOK master records,,,,,,,,,,,,,دار الفاروق للاستثمارات الثقافية,47,,,,,0,,,,,0,,,,digi1.DB:BOOK_OTHER_TITLES | digi1.DB:PUBL_BOOK,MASTER_TITLE_MISSING_RELATIONS_RECOVERED
1922,,Missing from available BOOK master records,,,,,,,,,,,,,دار الفجر للنشر والتوزيع,54,,,,,0,,,,,0,,,,digi1.DB:BOOK_OTHER_TITLES | digi1.DB:PUBL_BOOK,MASTER_TITLE_MISSING_RELATIONS_RECOVERED
1923,,Missing from available BOOK master records,,,,,,,,,,,,,دار نوبل,150,,,,,0,,,,,0,,,,digi1.DB:BOOK_OTHER_TITLES | digi1.DB:PUBL_BOOK,MASTER_TITLE_MISSING_RELATIONS_RECOVERED
1924,,Missing from available BOOK master records,,,,,,,,,,,,,دار نوبل,150,,,,,0,,,,,0,,,,digi1.DB:BOOK_OTHER_TITLES | digi1.DB:PUBL_BOOK,MASTER_TITLE_MISSING_RELATIONS_RECOVERED
1925,,Missing from available BOOK master records,,,,,,,,,,,,,مؤسسة طيبة,151,,,,,0,,,,,0,,,,digi1.DB:BOOK_OTHER_TITLES | digi1.DB:PUBL_BOOK,MASTER_TITLE_MISSING_RELATIONS_RECOVERED
1926,,Missing from available BOOK master records,,,,,,,,,,,,,مؤسسة طيبة,151,,,,,0,,,,,0,,,,digi1.DB:BOOK_OTHER_TITLES | digi1.DB:PUBL_BOOK,MASTER_TITLE_MISSING_RELATIONS_RECOVERED
1927,,Missing from available BOOK master records,,,,,,,,,,,,,مؤسسة طيبة,151,,,,,0,,,,,0,,,,digi1.DB:BOOK_OTHER_TITLES | digi1.DB:PUBL_BOOK,MASTER_TITLE_MISSING_RELATIONS_RECOVERED
1928,,Missing from available BOOK master records,,,,,,,,,,,,,مؤسسة طيبة,151,,,,,0,,,,,0,,,,digi1.DB:BOOK_OTHER_TITLES | digi1.DB:PUBL_BOOK,MASTER_TITLE_MISSING_RELATIONS_RECOVERED
1930,,Missing from available BOOK master records,,,,,,,,,,,,,المكتبة العصرية,32,,,,,0,,,,,0,,,,digi1.DB:BOOK_OTHER_TITLES | digi1.DB:PUBL_BOOK,MASTER_TITLE_MISSING_RELATIONS_RECOVERED
1931,,Missing from available BOOK master records,,,,,,,,,,,,,مجموعة النيل العربية,40,,,,,0,,,,,0,,,,digi1.DB:BOOK_OTHER_TITLES | digi1.DB:PUBL_BOOK,MASTER_TITLE_MISSING_RELATIONS_RECOVERED
1932,,Missing from available BOOK master records,,,,,,,,,,,,,شركة ميديا بروتك,152,,,,,0,,,,,0,,,,digi1.DB:BOOK_OTHER_TITLES | digi1.DB:PUBL_BOOK,MASTER_TITLE_MISSING_RELATIONS_RECOVERED
1933,,Missing from available BOOK master records,,,,,,,,,,,,,المؤلف,8,,,,,0,,,,,0,,,,digi1.DB:BOOK_OTHER_TITLES | digi1.DB:PUBL_BOOK,MASTER_TITLE_MISSING_RELATIONS_RECOVERED
1934,,Missing from available BOOK master records,,,,,,,,,,,,,مؤسسة طيبة,151,,,,,0,,,,,0,,,,digi1.DB:BOOK_OTHER_TITLES | digi1.DB:PUBL_BOOK,MASTER_TITLE_MISSING_RELATIONS_RECOVERED
1935,,Missing from available BOOK master records,,,,,,,,,,,,,مؤسسة طيبة,151,,,,,0,,,,,0,,,,digi1.DB:BOOK_OTHER_TITLES | digi1.DB:PUBL_BOOK,MASTER_TITLE_MISSING_RELATIONS_RECOVERED
1936,,Missing from available BOOK master records,,,,,,,,,,,,,المؤلف,8,,,,,0,,,,,0,,,,digi1.DB:BOOK_OTHER_TITLES | digi1.DB:PUBL_BOOK,MASTER_TITLE_MISSING_RELATIONS_RECOVERED
1937,,Missing from available BOOK master records,,,,,,,,,,,,,الدار الجامعية,1,,,,,0,,,,,0,,,,digi1.DB:BOOK_OTHER_TITLES | digi1.DB:PUBL_BOOK,MASTER_TITLE_MISSING_RELATIONS_RECOVERED
1938,,Missing from available BOOK master records,,,,,,,,,,,,,المؤلف,8,,,,,0,,,,,0,,,,digi1.DB:BOOK_OTHER_TITLES | digi1.DB:PUBL_BOOK,MASTER_TITLE_MISSING_RELATIONS_RECOVERED
1939,,Missing from available BOOK master records,,,,,,,,,,,,,الدار الجامعية,1,,,,,0,,,,,0,,,,digi1.DB:BOOK_OTHER_TITLES | digi1.DB:PUBL_BOOK,MASTER_TITLE_MISSING_RELATIONS_RECOVERED
1940,,Missing from available BOOK master records,,,,,,,,,,,,,المؤلف,8,,,,,0,,,,,0,,0,,digi1.DB:BOOK_OTHER_TITLES | digi1.DB:PUBL_BOOK | digi1.DB:SERIAL_BOOK,MASTER_TITLE_MISSING_RELATIONS_RECOVERED
1941,,Missing from available BOOK master records,,,,,,,,,,,,,المكتبة الاكاديمية,2,,,,,0,,,,,0,,,,digi1.DB:BOOK_OTHER_TITLES | digi1.DB:PUBL_BOOK,MASTER_TITLE_MISSING_RELATIONS_RECOVERED
1942,,Missing from available BOOK master records,,,,,,,,,,,,,المؤلف,8,,,,,0,,,,,0,,1,,digi1.DB:BOOK_OTHER_TITLES | digi1.DB:PUBL_BOOK | digi1.DB:SERIAL_BOOK,MASTER_TITLE_MISSING_RELATIONS_RECOVERED
1943,,Missing from available BOOK master records,,,,,,,,,,,,,المكتبة الاكاديمية,2,,,,,0,,,,,0,,,,digi1.DB:BOOK_OTHER_TITLES | digi1.DB:PUBL_BOOK,MASTER_TITLE_MISSING_RELATIONS_RECOVERED
1944,,Missing from available BOOK master records,,,,,,,,,,,,,المكتبة العصرية,32,,,,,0,,,,,0,,3,,digi1.DB:BOOK_OTHER_TITLES | digi1.DB:PUBL_BOOK | digi1.DB:SERIAL_BOOK,MASTER_TITLE_MISSING_RELATIONS_RECOVERED
1945,,Missing from available BOOK master records,,,,,,,,,,,,,دار نوبل,150,,,,,0,,,,,0,,,,digi1.DB:BOOK_OTHER_TITLES | digi1.DB:PUBL_BOOK,MASTER_TITLE_MISSING_RELATIONS_RECOVERED
1946,,Missing from available BOOK master records,,,,,,,,,,,,,مؤسسة طيبة,151,,,,,0,,,,,0,,,,digi1.DB:BOOK_OTHER_TITLES | digi1.DB:PUBL_BOOK,MASTER_TITLE_MISSING_RELATIONS_RECOVERED
1947,,Missing from available BOOK master records,,,,,,,,,,,,,المكتبة العصرية,32,,,,,0,,,,,0,,,,digi1.DB:BOOK_OTHER_TITLES | digi1.DB:PUBL_BOOK,MASTER_TITLE_MISSING_RELATIONS_RECOVERED
1948,,Missing from available BOOK master records,,,,,,,,,,,,,دار نوبل,150,,,,,0,,,,,0,,,,digi1.DB:BOOK_OTHER_TITLES | digi1.DB:PUBL_BOOK,MASTER_TITLE_MISSING_RELATIONS_RECOVERED
1949,,Missing from available BOOK master records,,,,,,,,,,,,,دار نوبل,150,,,,,0,,,,,0,,,,digi1.DB:BOOK_OTHER_TITLES | digi1.DB:PUBL_BOOK,MASTER_TITLE_MISSING_RELATIONS_RECOVERED
1950,,Missing from available BOOK master records,,,,,,,,,,,,,شركاء التنمية للبحوث والاستشارات,46,,,,,0,,,,,0,,,,digi1.DB:BOOK_OTHER_TITLES | digi1.DB:PUBL_BOOK,MASTER_TITLE_MISSING_RELATIONS_RECOVERED
1951,,Missing from available BOOK master records,,,,,,,,,,,,,الدار الجامعية,1,,,,,0,,,,,0,,,,digi1.DB:BOOK_OTHER_TITLES | digi1.DB:PUBL_BOOK,MASTER_TITLE_MISSING_RELATIONS_RECOVERED
1952,,Missing from available BOOK master records,,,,,,,,,,,,,المكتب العربى الحديث,100,,,,,0,,,,,0,,,,digi1.DB:BOOK_OTHER_TITLES | digi1.DB:PUBL_BOOK,MASTER_TITLE_MISSING_RELATIONS_RECOVERED
1953,,Missing from available BOOK master records,,,,,,,,,,,,,دار الفاروق للاستثمارات الثقافية,47,,,,,0,,,,,0,,,,digi1.DB:BOOK_OTHER_TITLES | digi1.DB:PUBL_BOOK,MASTER_TITLE_MISSING_RELATIONS_RECOVERED
1954,,Missing from available BOOK master records,,,,,,,,,,,,,الدار الجامعية,1,,,,,0,,,,,0,,,,digi1.DB:BOOK_OTHER_TITLES | digi1.DB:PUBL_BOOK,MASTER_TITLE_MISSING_RELATIONS_RECOVERED
1955,,Missing from available BOOK master records,,,,,,,,,,,,,الدار الجامعية,1,,,,,0,,,,,0,,,,digi1.DB:BOOK_OTHER_TITLES | digi1.DB:PUBL_BOOK,MASTER_TITLE_MISSING_RELATIONS_RECOVERED
1956,,Missing from available BOOK master records,,,,,,,,,,,,,المكتبة الاكاديمية,2,,,,,0,,,,,0,,,,digi1.DB:BOOK_OTHER_TITLES | digi1.DB:PUBL_BOOK,MASTER_TITLE_MISSING_RELATIONS_RECOVERED
1957,,Missing from available BOOK master records,,,,,,,,,,,,,المكتبة العصرية,32,,,,,0,,,,,0,,,,digi1.DB:BOOK_OTHER_TITLES | digi1.DB:PUBL_BOOK,MASTER_TITLE_MISSING_RELATIONS_RECOVERED
1958,,Missing from available BOOK master records,,,,,,,,,,,,,مؤسسة طيبة,151,,,,,0,,,,,0,,,,digi1.DB:BOOK_OTHER_TITLES | digi1.DB:PUBL_BOOK,MASTER_TITLE_MISSING_RELATIONS_RECOVERED
1959,,Missing from available BOOK master records,,,,,,,,,,,,,مؤسسة طيبة,151,,,,,0,,,,,0,,,,digi1.DB:BOOK_OTHER_TITLES | digi1.DB:PUBL_BOOK,MASTER_TITLE_MISSING_RELATIONS_RECOVERED
1960,,Missing from available BOOK master records,,,,,,,,,,,,,مؤسسة طيبة,151,,,,,0,,,,,0,,,,digi1.DB:BOOK_OTHER_TITLES | digi1.DB:PUBL_BOOK,MASTER_TITLE_MISSING_RELATIONS_RECOVERED
1961,,Missing from available BOOK master records,,,,,,,,,,,,,مجموعة النيل العربية,40,,,,,0,,,,,0,,,,digi1.DB:BOOK_OTHER_TITLES | digi1.DB:PUBL_BOOK,MASTER_TITLE_MISSING_RELATIONS_RECOVERED
1962,,Missing from available BOOK master records,,,,,,,,,,,,,مجموعة النيل العربية,40,,,,,0,,,,,0,,,,digi1.DB:BOOK_OTHER_TITLES | digi1.DB:PUBL_BOOK,MASTER_TITLE_MISSING_RELATIONS_RECOVERED
1963,,Missing from available BOOK master records,,,,,,,,,,,,,مؤسسة طيبة,151,,,,,0,,,,,0,,,,digi1.DB:BOOK_OTHER_TITLES | digi1.DB:PUBL_BOOK,MASTER_TITLE_MISSING_RELATIONS_RECOVERED
1964,,Missing from available BOOK master records,,,,,,,,,,,,,المكتبة العصرية,32,,,,,0,,,,,0,,,,digi1.DB:BOOK_OTHER_TITLES | digi1.DB:PUBL_BOOK,MASTER_TITLE_MISSING_RELATIONS_RECOVERED
1965,,Missing from available BOOK master records,,,,,,,,,,,,,مؤسسة طيبة,151,,,,,0,,,,,0,,,,digi1.DB:BOOK_OTHER_TITLES | digi1.DB:PUBL_BOOK,MASTER_TITLE_MISSING_RELATIONS_RECOVERED
1966,,Missing from available BOOK master records,,,,,,,,,,,,,مؤسسة طيبة,151,,,,,0,,,,,0,,,,digi1.DB:BOOK_OTHER_TITLES | digi1.DB:PUBL_BOOK,MASTER_TITLE_MISSING_RELATIONS_RECOVERED
1967,,Missing from available BOOK master records,,,,,,,,,,,,,الدار الجامعية,1,,,,,0,,,,,0,,,,digi1.DB:BOOK_OTHER_TITLES | digi1.DB:PUBL_BOOK,MASTER_TITLE_MISSING_RELATIONS_RECOVERED
1968,,Missing from available BOOK master records,,,,,,,,,,,,,مؤسسة طيبة,151,,,,,0,,,,,0,,,,digi1.DB:BOOK_OTHER_TITLES | digi1.DB:PUBL_BOOK,MASTER_TITLE_MISSING_RELATIONS_RECOVERED
1969,,Missing from available BOOK master records,,,,,,,,,,,,,الدار الجامعية,1,,,,,0,,,,,0,,,,digi1.DB:BOOK_OTHER_TITLES | digi1.DB:PUBL_BOOK,MASTER_TITLE_MISSING_RELATIONS_RECOVERED
1970,,Missing from available BOOK master records,,,,,,,,,,,,,الدار الجامعية,1,,,,,0,,,,,0,,,,digi1.DB:BOOK_OTHER_TITLES | digi1.DB:PUBL_BOOK,MASTER_TITLE_MISSING_RELATIONS_RECOVERED
1971,,Missing from available BOOK master records,,,,,,,,,,,,,الدار الجامعية,1,,,,,0,,,,,0,,,,digi1.DB:BOOK_OTHER_TITLES | digi1.DB:PUBL_BOOK,MASTER_TITLE_MISSING_RELATIONS_RECOVERED
1972,,Missing from available BOOK master records,,,,,,,,,,,,,الدار الجامعية,1,,,,,0,,,,,0,,,,digi1.DB:BOOK_OTHER_TITLES | digi1.DB:PUBL_BOOK,MASTER_TITLE_MISSING_RELATIONS_RECOVERED
1973,,Missing from available BOOK master records,,,,,,,,,,,,,المكتبة العصرية,32,,,,,0,,,,,0,,,,digi1.DB:BOOK_OTHER_TITLES | digi1.DB:PUBL_BOOK,MASTER_TITLE_MISSING_RELATIONS_RECOVERED
1974,,Missing from available BOOK master records,,,,,,,,,,,,,المكتبة العصرية,32,,,,,0,,,,,0,,,,digi1.DB:BOOK_OTHER_TITLES | digi1.DB:PUBL_BOOK,MASTER_TITLE_MISSING_RELATIONS_RECOVERED
1975,,Missing from available BOOK master records,,,,,,,,,,,,,اشراقات,153,,,,,0,,,,,0,,,,digi1.DB:BOOK_OTHER_TITLES | digi1.DB:PUBL_BOOK,MASTER_TITLE_MISSING_RELATIONS_RECOVERED
1976,,Missing from available BOOK master records,,,,,,,,,,,,,دار الفاروق للاستثمارات الثقافية,47,,,,,0,,,,,0,,,,digi1.DB:BOOK_OTHER_TITLES | digi1.DB:PUBL_BOOK,MASTER_TITLE_MISSING_RELATIONS_RECOVERED
1977,,Missing from available BOOK master records,,,,,,,,,,,,,الدار الجامعية,1,,,,,0,,,,,0,,,,digi1.DB:BOOK_OTHER_TITLES | digi1.DB:PUBL_BOOK,MASTER_TITLE_MISSING_RELATIONS_RECOVERED
1980,,Missing from available BOOK master records,,,,,,,,,,,,,الدار الجامعية,1,,,,,0,,,,,0,,,,digi1.DB:BOOK_OTHER_TITLES | digi1.DB:PUBL_BOOK,MASTER_TITLE_MISSING_RELATIONS_RECOVERED
1981,,Missing from available BOOK master records,,,,,,,,,,,,,المكتبة العصرية,32,,,,,0,,,,,0,,,,digi1.DB:BOOK_OTHER_TITLES | digi1.DB:PUBL_BOOK,MASTER_TITLE_MISSING_RELATIONS_RECOVERED
1982,,Missing from available BOOK master records,,,,,,,,,,,,,المؤلف,8,,,,,0,,,,,0,,,,digi1.DB:BOOK_OTHER_TITLES | digi1.DB:PUBL_BOOK,MASTER_TITLE_MISSING_RELATIONS_RECOVERED
1983,,Missing from available BOOK master records,,,,,,,,,,,,,الدار الجامعية,1,,,,,0,,,,,0,,,,digi1.DB:BOOK_OTHER_TITLES | digi1.DB:PUBL_BOOK,MASTER_TITLE_MISSING_RELATIONS_RECOVERED
1985,,Missing from available BOOK master records,,,,,,,,,,,,,الدار الجامعية,1,,,,,0,,,,,0,,,,digi1.DB:BOOK_OTHER_TITLES | digi1.DB:PUBL_BOOK,MASTER_TITLE_MISSING_RELATIONS_RECOVERED
1986,,Missing from available BOOK master records,,,,,,,,,,,,,الدار الجامعية,1,,,,,0,,,,,0,,,,digi1.DB:BOOK_OTHER_TITLES | digi1.DB:PUBL_BOOK,MASTER_TITLE_MISSING_RELATIONS_RECOVERED
1987,,Missing from available BOOK master records,,,,,,,,,,,,,مركز الاسرة,154,,,,,0,,,,,0,,,,digi1.DB:BOOK_OTHER_TITLES | digi1.DB:PUBL_BOOK,MASTER_TITLE_MISSING_RELATIONS_RECOVERED
1988,,Missing from available BOOK master records,,,,,,,,,,,,,الدار الجامعية,1,,,,,0,,,,,0,,,,digi1.DB:BOOK_OTHER_TITLES | digi1.DB:PUBL_BOOK,MASTER_TITLE_MISSING_RELATIONS_RECOVERED
1990,,Missing from available BOOK master records,,,,,,,,,,,,,الدار الجامعية,1,,,,,0,,,,,0,,,,digi1.DB:BOOK_OTHER_TITLES | digi1.DB:PUBL_BOOK,MASTER_TITLE_MISSING_RELATIONS_RECOVERED
1991,,Missing from available BOOK master records,,,,,,,,,,,,,الدار الجامعية,1,,,,,0,,,,,0,,,,digi1.DB:BOOK_OTHER_TITLES | digi1.DB:PUBL_BOOK,MASTER_TITLE_MISSING_RELATIONS_RECOVERED
1992,,Missing from available BOOK master records,,,,,,,,,,,,,دار الطيب للطباعة,155,,,,,0,,,,,0,,,,digi1.DB:BOOK_OTHER_TITLES | digi1.DB:PUBL_BOOK,MASTER_TITLE_MISSING_RELATIONS_RECOVERED
1993,,Missing from available BOOK master records,,,,,,,,,,,,,دار الهانى,156,,,,,0,,,,,0,,,,digi1.DB:BOOK_OTHER_TITLES | digi1.DB:PUBL_BOOK,MASTER_TITLE_MISSING_RELATIONS_RECOVERED
1994,,Missing from available BOOK master records,,,,,,,,,,,,,المؤلف,8,,,,,0,,,,,0,,,,digi1.DB:BOOK_OTHER_TITLES | digi1.DB:PUBL_BOOK,MASTER_TITLE_MISSING_RELATIONS_RECOVERED
1995,,Missing from available BOOK master records,,,,,,,,,,,,,المؤلف,8,,,,,0,,,,,0,,,,digi1.DB:BOOK_OTHER_TITLES | digi1.DB:PUBL_BOOK,MASTER_TITLE_MISSING_RELATIONS_RECOVERED
1996,,Missing from available BOOK master records,,,,,,,,,,,,,"Wiley publishing,inc",18,,,,,0,,,,,0,,,,digi1.DB:BOOK_OTHER_TITLES | digi1.DB:PUBL_BOOK,MASTER_TITLE_MISSING_RELATIONS_RECOVERED
1997,,Missing from available BOOK master records,,,,,,,,,,,,,McGraw -Hill Irwin,42,,,,,0,,,,,0,,,,digi1.DB:BOOK_OTHER_TITLES | digi1.DB:PUBL_BOOK,MASTER_TITLE_MISSING_RELATIONS_RECOVERED
1998,,Missing from available BOOK master records,,,,,,,,,,,,,McGraw -Hill Irwin,42,,,,,0,,,,,0,,,,digi1.DB:BOOK_OTHER_TITLES | digi1.DB:PUBL_BOOK,MASTER_TITLE_MISSING_RELATIONS_RECOVERED
1999,,Missing from available BOOK master records,,,,,,,,,,,,,"John Wiley&Sons, Inc",12,,,,,0,,,,,0,,,,digi1.DB:BOOK_OTHER_TITLES | digi1.DB:PUBL_BOOK,MASTER_TITLE_MISSING_RELATIONS_RECOVERED
2000,,Missing from available BOOK master records,,,,,,,,,,,,,Random exports,157,,,,,0,,,,,0,,,,digi1.DB:BOOK_OTHER_TITLES | digi1.DB:PUBL_BOOK,MASTER_TITLE_MISSING_RELATIONS_RECOVERED
2001,,Missing from available BOOK master records,,,,,,,,,,,,,"John Wiley&Sons, Inc",12,,,,,0,,,,,0,,,,digi1.DB:BOOK_OTHER_TITLES | digi1.DB:PUBL_BOOK,MASTER_TITLE_MISSING_RELATIONS_RECOVERED
2002,,Missing from available BOOK master records,,,,,,,,,,,,,Pearson education international,37,,,,,0,,,,,0,,,,digi1.DB:BOOK_OTHER_TITLES | digi1.DB:PUBL_BOOK,MASTER_TITLE_MISSING_RELATIONS_RECOVERED
2003,,Missing from available BOOK master records,,,,,,,,,,,,,Pearson longman,17,,,,,0,,,,,0,,,,digi1.DB:BOOK_OTHER_TITLES | digi1.DB:PUBL_BOOK,MASTER_TITLE_MISSING_RELATIONS_RECOVERED
2004,,Missing from available BOOK master records,,,,,,,,,,,,,Person hall,33,,,,,0,,,,,0,,,,digi1.DB:BOOK_OTHER_TITLES | digi1.DB:PUBL_BOOK,MASTER_TITLE_MISSING_RELATIONS_RECOVERED
2005,,Missing from available BOOK master records,,,,,,,,,,,,,South-western,14,,,,,0,,,,,0,,,,digi1.DB:BOOK_OTHER_TITLES | digi1.DB:PUBL_BOOK,MASTER_TITLE_MISSING_RELATIONS_RECOVERED
2006,,Missing from available BOOK master records,,,,,,,,,,,,,Pearson longman,17,,,,,0,,,,,0,,,,digi1.DB:BOOK_OTHER_TITLES | digi1.DB:PUBL_BOOK,MASTER_TITLE_MISSING_RELATIONS_RECOVERED
2007,,Missing from available BOOK master records,,,,,,,,,,,,,"John Wiley&Sons, Inc",12,,Performance -managment,305,,0,,,,,0,,,,digi1.DB:BOOK_OTHER_TITLES | digi1.DB:BOOK_SUBJECT | digi1.DB:PUBL_BOOK,MASTER_TITLE_MISSING_RELATIONS_RECOVERED
2008,,Missing from available BOOK master records,,,,,,,,,,,,,McGraw -Hill Irwin,42,,,,,0,,,,,0,,,,digi1.DB:BOOK_OTHER_TITLES | digi1.DB:PUBL_BOOK,MASTER_TITLE_MISSING_RELATIONS_RECOVERED
2009,,Missing from available BOOK master records,,,,,,,,,,,,,Pearson longman,17,,,,,0,,,,,0,,,,digi1.DB:BOOK_OTHER_TITLES | digi1.DB:PUBL_BOOK,MASTER_TITLE_MISSING_RELATIONS_RECOVERED
2010,,Missing from available BOOK master records,,,,,,,,,,,,,Person hall,33,,,,,0,,,,,0,,,,digi1.DB:BOOK_OTHER_TITLES | digi1.DB:PUBL_BOOK,MASTER_TITLE_MISSING_RELATIONS_RECOVERED
2011,,Missing from available BOOK master records,,,,,,,,,,,,,المؤلف,8,,,,,0,,,,,0,,,,digi1.DB:BOOK_OTHER_TITLES | digi1.DB:PUBL_BOOK,MASTER_TITLE_MISSING_RELATIONS_RECOVERED
2012,,Missing from available BOOK master records,,,,,,,,,,,,,المؤلف,8,,,,,0,,,,,0,,,,digi1.DB:BOOK_OTHER_TITLES | digi1.DB:PUBL_BOOK,MASTER_TITLE_MISSING_RELATIONS_RECOVERED
2014,,Missing from available BOOK master records,,,,,,,,,,,,,د.ن,24,,,,,0,,,,,0,,,,digi1.DB:BOOK_OTHER_TITLES | digi1.DB:PUBL_BOOK,MASTER_TITLE_MISSING_RELATIONS_RECOVERED
2016,,Missing from available BOOK master records,,,,,,,,,,,,,الدار الدولية للنشر والتوزيع,158,,,,,0,,,,,0,,,,digi1.DB:BOOK_OTHER_TITLES | digi1.DB:PUBL_BOOK,MASTER_TITLE_MISSING_RELATIONS_RECOVERED
2017,,Missing from available BOOK master records,,,,,,,,,,,,,الدار الدولية للنشر والتوزيع,158,,,,,0,,,,,0,,,,digi1.DB:BOOK_OTHER_TITLES | digi1.DB:PUBL_BOOK,MASTER_TITLE_MISSING_RELATIONS_RECOVERED
2018,,Missing from available BOOK master records,,,,,,,,,,,,,الدار الدولية للنشر والتوزيع,158,,,,,0,,,,,0,,,,digi1.DB:BOOK_OTHER_TITLES | digi1.DB:PUBL_BOOK,MASTER_TITLE_MISSING_RELATIONS_RECOVERED
2019,,Missing from available BOOK master records,,,,,,,,,,,,,الدار الدولية للنشر والتوزيع,158,,,,,0,,,,,0,,,,digi1.DB:BOOK_OTHER_TITLES | digi1.DB:PUBL_BOOK,MASTER_TITLE_MISSING_RELATIONS_RECOVERED
2020,,Missing from available BOOK master records,,,,,,,,,,,,,"John Wiley&Sons, Inc",12,,,,,0,,,,,0,,,,digi1.DB:BOOK_OTHER_TITLES | digi1.DB:PUBL_BOOK,MASTER_TITLE_MISSING_RELATIONS_RECOVERED
2021,,Missing from available BOOK master records,,,,,,,,,,,,,The dryden press,159,,,,,0,,,,,0,,,,digi1.DB:BOOK_OTHER_TITLES | digi1.DB:PUBL_BOOK,MASTER_TITLE_MISSING_RELATIONS_RECOVERED
2022,,Missing from available BOOK master records,,,,,,,,,,,,,Pearson education international,37,,,,,0,,,,,0,,,,digi1.DB:BOOK_OTHER_TITLES | digi1.DB:PUBL_BOOK,MASTER_TITLE_MISSING_RELATIONS_RECOVERED
2023,,Missing from available BOOK master records,,,,,,,,,,,,,,,,,,,0,,,,,0,,,,digi1.DB:BOOK_OTHER_TITLES,MASTER_TITLE_MISSING_RELATIONS_RECOVERED
2024,,Missing from available BOOK master records,,,,,,,,,,,,,"Wiley publishing,inc",18,,,,,0,,,,,0,,,,digi1.DB:BOOK_OTHER_TITLES | digi1.DB:PUBL_BOOK,MASTER_TITLE_MISSING_RELATIONS_RECOVERED
2025,,Missing from available BOOK master records,,,,,,,,,,,,,دار الحكمه للطباعة والنشر والتوزيع,160,,,,,0,,,,,0,,,,digi1.DB:BOOK_OTHER_TITLES | digi1.DB:PUBL_BOOK,MASTER_TITLE_MISSING_RELATIONS_RECOVERED
2026,,Missing from available BOOK master records,,,,,,,,,,,,,دار الحكمه للطباعة والنشر والتوزيع,160,,,,,0,,,,,0,,,,digi1.DB:BOOK_OTHER_TITLES | digi1.DB:PUBL_BOOK,MASTER_TITLE_MISSING_RELATIONS_RECOVERED
2027,,Missing from available BOOK master records,,,,,,,,,,,,,دار الحكمه للطباعة والنشر والتوزيع,160,,,,,0,,,,,0,,,,digi1.DB:BOOK_OTHER_TITLES | digi1.DB:PUBL_BOOK,MASTER_TITLE_MISSING_RELATIONS_RECOVERED
2028,,Missing from available BOOK master records,,,,,,,,,,,,,دار الحكمه للطباعة والنشر والتوزيع,160,,,,,0,,,,,0,,,,digi1.DB:BOOK_OTHER_TITLES | digi1.DB:PUBL_BOOK,MASTER_TITLE_MISSING_RELATIONS_RECOVERED
2029,,Missing from available BOOK master records,,,,,,,,,,,,,دار الحكمه للطباعة والنشر والتوزيع,160,,,,,0,,,,,0,,,,digi1.DB:BOOK_OTHER_TITLES | digi1.DB:PUBL_BOOK,MASTER_TITLE_MISSING_RELATIONS_RECOVERED
2030,,Missing from available BOOK master records,,,,,,,,,,,,,دار الحكمه للطباعة والنشر والتوزيع,160,,,,,0,,,,,0,,,,digi1.DB:BOOK_OTHER_TITLES | digi1.DB:PUBL_BOOK,MASTER_TITLE_MISSING_RELATIONS_RECOVERED
2031,,Missing from available BOOK master records,,,,,,,,,,,,,,,,,,,0,,,,,0,,,,digi1.DB:BOOK_OTHER_TITLES,MASTER_TITLE_MISSING_RELATIONS_RECOVERED
2032,,Missing from available BOOK master records,,,,,,,,,,,,,BPP Learning Media,161,,,,,0,,,,,0,,,,digi1.DB:BOOK_OTHER_TITLES | digi1.DB:PUBL_BOOK,MASTER_TITLE_MISSING_RELATIONS_RECOVERED
2033,,Missing from available BOOK master records,,,,,,,,,,,,,BPP Learning Media,161,,,,,0,,,,,0,,,,digi1.DB:BOOK_OTHER_TITLES | digi1.DB:PUBL_BOOK,MASTER_TITLE_MISSING_RELATIONS_RECOVERED
2034,,Missing from available BOOK master records,,,,,,,,,,,,,Pearson education international,37,,,,,0,,,,,0,,,,digi1.DB:BOOK_OTHER_TITLES | digi1.DB:PUBL_BOOK,MASTER_TITLE_MISSING_RELATIONS_RECOVERED
2035,,Missing from available BOOK master records,,,,,,,,,,,,,"John Wiley&Sons, Inc",12,,,,,0,,,,,0,,,,digi1.DB:BOOK_OTHER_TITLES | digi1.DB:PUBL_BOOK,MASTER_TITLE_MISSING_RELATIONS_RECOVERED
2036,,Missing from available BOOK master records,,,,,,,,,,,,,"Wiley publishing,inc",18,,,,,0,,,,,0,,,,digi1.DB:BOOK_OTHER_TITLES | digi1.DB:PUBL_BOOK,MASTER_TITLE_MISSING_RELATIONS_RECOVERED
2037,,Missing from available BOOK master records,,,,,,,,,,,,,LAP LAMBERT Academic Publishing,162,,,,,0,,,,,0,,,,digi1.DB:BOOK_OTHER_TITLES | digi1.DB:PUBL_BOOK,MASTER_TITLE_MISSING_RELATIONS_RECOVERED
2038,,Missing from available BOOK master records,,,,,,,,,,,,,McGraw-Hill,59,,,,,0,,,,,0,,,,digi1.DB:BOOK_OTHER_TITLES | digi1.DB:PUBL_BOOK,MASTER_TITLE_MISSING_RELATIONS_RECOVERED
2039,,Missing from available BOOK master records,,,,,,,,,,,,,,,,,,,0,,,,,0,,,,digi1.DB:BOOK_OTHER_TITLES,MASTER_TITLE_MISSING_RELATIONS_RECOVERED
2040,,Missing from available BOOK master records,,,,,,,,,,,,,المجموعة العربية للتدريب والنشر,27,,,,,0,,,,,0,,,,digi1.DB:BOOK_OTHER_TITLES | digi1.DB:PUBL_BOOK,MASTER_TITLE_MISSING_RELATIONS_RECOVERED
2041,,Missing from available BOOK master records,,,,,,,,,,,,,البلاغ للطباعة والنشر والتوزيع,163,,,,,0,,,,,0,,,,digi1.DB:BOOK_OTHER_TITLES | digi1.DB:PUBL_BOOK,MASTER_TITLE_MISSING_RELATIONS_RECOVERED
2042,,Missing from available BOOK master records,,,,,,,,,,,,,McGraw-Hill,59,,,,,0,,,,,0,,,,digi1.DB:BOOK_OTHER_TITLES | digi1.DB:PUBL_BOOK,MASTER_TITLE_MISSING_RELATIONS_RECOVERED
2043,,Missing from available BOOK master records,,,,,,,,,,,,,الدار الجامعية,1,,,,,0,,,,,0,,,,digi1.DB:BOOK_OTHER_TITLES | digi1.DB:PUBL_BOOK,MASTER_TITLE_MISSING_RELATIONS_RECOVERED
2044,,Missing from available BOOK master records,,,,,,,,,,,,,Pearson education international,37,,,,,0,,,,,0,,,,digi1.DB:BOOK_OTHER_TITLES | digi1.DB:PUBL_BOOK,MASTER_TITLE_MISSING_RELATIONS_RECOVERED
2045,,Missing from available BOOK master records,,,,,,,,,,,,,مجموعة النيل العربية,40,,,,,0,,,,,0,,,,digi1.DB:BOOK_OTHER_TITLES | digi1.DB:PUBL_BOOK,MASTER_TITLE_MISSING_RELATIONS_RECOVERED
2046,,Missing from available BOOK master records,,,,,,,,,,,,,دار الكتاب الحديث,138,,,,,0,,,,,0,,,,digi1.DB:BOOK_OTHER_TITLES | digi1.DB:PUBL_BOOK,MASTER_TITLE_MISSING_RELATIONS_RECOVERED
2047,,Missing from available BOOK master records,,,,,,,,,,,,,الدار الجامعية,1,,,,,0,,,,,0,,,,digi1.DB:BOOK_OTHER_TITLES | digi1.DB:PUBL_BOOK,MASTER_TITLE_MISSING_RELATIONS_RECOVERED
2048,,Missing from available BOOK master records,,,,,,,,,,,,,Pearson education international,37,,,,,0,,,,,0,,,,digi1.DB:BOOK_OTHER_TITLES | digi1.DB:PUBL_BOOK,MASTER_TITLE_MISSING_RELATIONS_RECOVERED
2049,,Missing from available BOOK master records,,,,,,,,,,,,,الدار الجامعية,1,,,,,0,,,,,0,,,,digi1.DB:BOOK_OTHER_TITLES | digi1.DB:PUBL_BOOK,MASTER_TITLE_MISSING_RELATIONS_RECOVERED
2050,,Missing from available BOOK master records,,,,,,,,,,,,,مكتبة الوفاء القانونية,149,,,,,0,,,,,0,,,,digi1.DB:BOOK_OTHER_TITLES | digi1.DB:PUBL_BOOK,MASTER_TITLE_MISSING_RELATIONS_RECOVERED
2052,,Missing from available BOOK master records,,,,,,,,,,,,,مكتبة الوفاء القانونية,149,,,,,0,,,,,0,,,,digi1.DB:BOOK_OTHER_TITLES | digi1.DB:PUBL_BOOK,MASTER_TITLE_MISSING_RELATIONS_RECOVERED
2053,,Missing from available BOOK master records,,,,,,,,,,,,,Jossey-Bass,19,,Supervisors,2089,,0,,,,,0,,,,digi1.DB:BOOK_OTHER_TITLES | digi1.DB:BOOK_SUBJECT | digi1.DB:PUBL_BOOK,MASTER_TITLE_MISSING_RELATIONS_RECOVERED
2054,,Missing from available BOOK master records,,,,,,,,,,,,,Jossey-Bass,19,,,,,0,,,,,0,,,,digi1.DB:BOOK_OTHER_TITLES | digi1.DB:PUBL_BOOK,MASTER_TITLE_MISSING_RELATIONS_RECOVERED
2056,,Missing from available BOOK master records,,,,,,,,,,,,,مكتبة الوفاء القانونية,149,,,,,0,,,,,0,,,,digi1.DB:BOOK_OTHER_TITLES | digi1.DB:PUBL_BOOK,MASTER_TITLE_MISSING_RELATIONS_RECOVERED
2057,,Missing from available BOOK master records,,,,,,,,,,,,,McGraw-Hill,59,,,,,0,,,,,0,,,,digi1.DB:BOOK_OTHER_TITLES | digi1.DB:PUBL_BOOK,MASTER_TITLE_MISSING_RELATIONS_RECOVERED
2058,,Missing from available BOOK master records,,,,,,,,,,,,,ايتراك للطباعة والنشر والتوزيع,166,,,,,0,,,,,0,,,,digi1.DB:BOOK_OTHER_TITLES | digi1.DB:PUBL_BOOK,MASTER_TITLE_MISSING_RELATIONS_RECOVERED
2059,,Missing from available BOOK master records,,,,,,,,,,,,,,,,,,,0,,,,,0,,,,digi1.DB:BOOK_OTHER_TITLES,MASTER_TITLE_MISSING_RELATIONS_RECOVERED
2060,,Missing from available BOOK master records,,,,,,,,,,,,,Pearson education international,37,,,,,0,,,,,0,,,,digi1.DB:BOOK_OTHER_TITLES | digi1.DB:PUBL_BOOK,MASTER_TITLE_MISSING_RELATIONS_RECOVERED
2061,,Missing from available BOOK master records,,,,,,,,,,,,,المؤلف,8,,,,,0,,,,,0,,,,digi1.DB:BOOK_OTHER_TITLES | digi1.DB:PUBL_BOOK,MASTER_TITLE_MISSING_RELATIONS_RECOVERED
2062,,Missing from available BOOK master records,,,,,,,,,,,,,Pearson education international,37,,,,,0,,,,,0,,,,digi1.DB:BOOK_OTHER_TITLES | digi1.DB:PUBL_BOOK,MASTER_TITLE_MISSING_RELATIONS_RECOVERED
2063,,Missing from available BOOK master records,,,,,,,,,,,,,دار الجامعة الجديدة,167,,,,,0,,,,,0,,,,digi1.DB:BOOK_OTHER_TITLES | digi1.DB:PUBL_BOOK,MASTER_TITLE_MISSING_RELATIONS_RECOVERED
2064,,Missing from available BOOK master records,,,,,,,,,,,,,McGraw-Hill,59,,,,,0,,,,,0,,,,digi1.DB:BOOK_OTHER_TITLES | digi1.DB:PUBL_BOOK,MASTER_TITLE_MISSING_RELATIONS_RECOVERED
2065,,Missing from available BOOK master records,,,,,,,,,,,,,Pearson education international,37,,,,,0,,,,,0,,,,digi1.DB:BOOK_OTHER_TITLES | digi1.DB:PUBL_BOOK,MASTER_TITLE_MISSING_RELATIONS_RECOVERED
2066,,Missing from available BOOK master records,,,,,,,,,,,,,Palgrave,168,,,,,0,,,,,0,,,,digi1.DB:BOOK_OTHER_TITLES | digi1.DB:PUBL_BOOK,MASTER_TITLE_MISSING_RELATIONS_RECOVERED
2067,,Missing from available BOOK master records,,,,,,,,,,,,,McGraw-Hill,59,,,,,0,,,,,0,,,,digi1.DB:BOOK_OTHER_TITLES | digi1.DB:PUBL_BOOK,MASTER_TITLE_MISSING_RELATIONS_RECOVERED
2068,,Missing from available BOOK master records,,,,,,,,,,,,,Pearson education international,37,,,,,0,,,,,0,,,,digi1.DB:BOOK_OTHER_TITLES | digi1.DB:PUBL_BOOK,MASTER_TITLE_MISSING_RELATIONS_RECOVERED
2069,,Missing from available BOOK master records,,,,,,,,,,,,,LAP LAMBERT Academic Publishing,162,,,,,0,,,,,0,,,,digi1.DB:BOOK_OTHER_TITLES | digi1.DB:PUBL_BOOK,MASTER_TITLE_MISSING_RELATIONS_RECOVERED
2071,,Missing from available BOOK master records,,,,,,,,,,,,,,,,,,,0,,,,,0,,,,digi1.DB:BOOK_OTHER_TITLES,MASTER_TITLE_MISSING_RELATIONS_RECOVERED
2072,,Missing from available BOOK master records,,,,,,,,,,,,,الدار الجامعية,1,,,,,0,,,,,0,,,,digi1.DB:BOOK_OTHER_TITLES | digi1.DB:PUBL_BOOK,MASTER_TITLE_MISSING_RELATIONS_RECOVERED
2073,,Missing from available BOOK master records,,,,,,,,,,,,,المؤلف,8,,,,,0,,,,,0,,,,digi1.DB:BOOK_OTHER_TITLES | digi1.DB:PUBL_BOOK,MASTER_TITLE_MISSING_RELATIONS_RECOVERED
2074,,Missing from available BOOK master records,,,,,,,,,,,,,المؤلف,8,,,,,0,,,,,0,,,,digi1.DB:BOOK_OTHER_TITLES | digi1.DB:PUBL_BOOK,MASTER_TITLE_MISSING_RELATIONS_RECOVERED
2075,,Missing from available BOOK master records,,,,,,,,,,,,,المؤلف,8,,,,,0,,,,,0,,,,digi1.DB:BOOK_OTHER_TITLES | digi1.DB:PUBL_BOOK,MASTER_TITLE_MISSING_RELATIONS_RECOVERED
2076,,Missing from available BOOK master records,,,,,,,,,,,,,المجموعة العربية للتدريب والنشر,27,,,,,0,,,,,0,,,,digi1.DB:BOOK_OTHER_TITLES | digi1.DB:PUBL_BOOK,MASTER_TITLE_MISSING_RELATIONS_RECOVERED
2077,,Missing from available BOOK master records,,,,,,,,,,,,,المؤلف,8,,,,,0,,,,,0,,,,digi1.DB:BOOK_OTHER_TITLES | digi1.DB:PUBL_BOOK,MASTER_TITLE_MISSING_RELATIONS_RECOVERED
2081,,Missing from available BOOK master records,,,,,,,,,,,,,دار المريخ للنشر,169,,,,,0,,,,,0,,,,digi1.DB:BOOK_OTHER_TITLES | digi1.DB:PUBL_BOOK,MASTER_TITLE_MISSING_RELATIONS_RECOVERED
2082,,Missing from available BOOK master records,,,,,,,,,,,,,المجموعة العربية للتدريب والنشر,27,,,,,0,,,,,0,,,,digi1.DB:BOOK_OTHER_TITLES | digi1.DB:PUBL_BOOK,MASTER_TITLE_MISSING_RELATIONS_RECOVERED
2083,,Missing from available BOOK master records,,,,,,,,,,,,,المجموعة العربية للتدريب والنشر,27,,,,,0,,,,,0,,,,digi1.DB:BOOK_OTHER_TITLES | digi1.DB:PUBL_BOOK,MASTER_TITLE_MISSING_RELATIONS_RECOVERED
2084,,Missing from available BOOK master records,,,,,,,,,,,,,دار الفجر للنشر والتوزيع,54,,,,,0,,,,,0,,,,digi1.DB:BOOK_OTHER_TITLES | digi1.DB:PUBL_BOOK,MASTER_TITLE_MISSING_RELATIONS_RECOVERED
2085,,Missing from available BOOK master records,,,,,,,,,,,,,مجموعة النيل العربية,40,,,,,0,,,,,0,,,,digi1.DB:BOOK_OTHER_TITLES | digi1.DB:PUBL_BOOK,MASTER_TITLE_MISSING_RELATIONS_RECOVERED
2086,,Missing from available BOOK master records,,,,,,,,,,,,,المجموعة العربية للتدريب والنشر,27,,,,,0,,,,,0,,,,digi1.DB:BOOK_OTHER_TITLES | digi1.DB:PUBL_BOOK,MASTER_TITLE_MISSING_RELATIONS_RECOVERED
2087,,Missing from available BOOK master records,,,,,,,,,,,,,LAP LAMBERT Academic Publishing,162,,,,,0,,,,,0,,,,digi1.DB:BOOK_OTHER_TITLES | digi1.DB:PUBL_BOOK,MASTER_TITLE_MISSING_RELATIONS_RECOVERED
2088,,Missing from available BOOK master records,,,,,,,,,,,,,Routledge,20,,,,,0,,,,,0,,,,digi1.DB:BOOK_OTHER_TITLES | digi1.DB:PUBL_BOOK,MASTER_TITLE_MISSING_RELATIONS_RECOVERED
2089,,Missing from available BOOK master records,,,,,,,,,,,,,دار الفاروق للاستثمارات الثقافية,47,,,,,0,,,,,0,,,,digi1.DB:BOOK_OTHER_TITLES | digi1.DB:PUBL_BOOK,MASTER_TITLE_MISSING_RELATIONS_RECOVERED
2090,,Missing from available BOOK master records,,,,,,,,,,,,,Oxford university press,41,,,,,0,,,,,0,,,,digi1.DB:BOOK_OTHER_TITLES | digi1.DB:PUBL_BOOK,MASTER_TITLE_MISSING_RELATIONS_RECOVERED
2091,,Missing from available BOOK master records,,,,,,,,,,,,,,,,,,,0,,,,,0,,,,digi1.DB:BOOK_OTHER_TITLES,MASTER_TITLE_MISSING_RELATIONS_RECOVERED
2093,,Missing from available BOOK master records,,,,,,,,,,,,,الدار الجامعية,1,,,,,0,,,,,0,,,,digi1.DB:BOOK_OTHER_TITLES | digi1.DB:PUBL_BOOK,MASTER_TITLE_MISSING_RELATIONS_RECOVERED
2094,,Missing from available BOOK master records,,,,,,,,,,,,,"Wiley publishing,inc",18,,,,,0,,,,,0,,,,digi1.DB:BOOK_OTHER_TITLES | digi1.DB:PUBL_BOOK,MASTER_TITLE_MISSING_RELATIONS_RECOVERED
2095,,Missing from available BOOK master records,,,,,,,,,,,,,دار الوفاء لدنيا الطباعة والنشر,64,,,,,0,,,,,0,,,,digi1.DB:BOOK_OTHER_TITLES | digi1.DB:PUBL_BOOK,MASTER_TITLE_MISSING_RELATIONS_RECOVERED
2096,,Missing from available BOOK master records,,,,,,,,,,,,,Pearson prentice Hall,16,,,,,0,,,,,0,,,,digi1.DB:BOOK_OTHER_TITLES | digi1.DB:PUBL_BOOK,MASTER_TITLE_MISSING_RELATIONS_RECOVERED
2097,,Missing from available BOOK master records,,,,,,,,,,,,,الدار الجامعية,1,,,,,0,,,,,0,,,,digi1.DB:BOOK_OTHER_TITLES | digi1.DB:PUBL_BOOK,MASTER_TITLE_MISSING_RELATIONS_RECOVERED
2098,,Missing from available BOOK master records,,,,,,,,,,,,,مكتبة الوفاء القانونية,149,,,,,0,,,,,0,,,,digi1.DB:BOOK_OTHER_TITLES | digi1.DB:PUBL_BOOK,MASTER_TITLE_MISSING_RELATIONS_RECOVERED
2099,,Missing from available BOOK master records,,,,,,,,,,,,,Cengage Learning,49,,,,,0,,,,,0,,,,digi1.DB:BOOK_OTHER_TITLES | digi1.DB:PUBL_BOOK,MASTER_TITLE_MISSING_RELATIONS_RECOVERED
2100,,Missing from available BOOK master records,,,,,,,,,,,,,المؤلف,8,,,,,0,,,,,0,,,,digi1.DB:BOOK_OTHER_TITLES | digi1.DB:PUBL_BOOK,MASTER_TITLE_MISSING_RELATIONS_RECOVERED
2101,,Missing from available BOOK master records,,,,,,,,,,,,,Oxford university press,41,,,,,0,,,,,0,,,,digi1.DB:BOOK_OTHER_TITLES | digi1.DB:PUBL_BOOK,MASTER_TITLE_MISSING_RELATIONS_RECOVERED
2102,,Missing from available BOOK master records,,,,,,,,,,,,,الدار الجامعية,1,,,,,0,,,,,0,,,,digi1.DB:BOOK_OTHER_TITLES | digi1.DB:PUBL_BOOK,MASTER_TITLE_MISSING_RELATIONS_RECOVERED
2103,,Missing from available BOOK master records,,,,,,,,,,,,,مكتبة الوفاء القانونية,149,,,,,0,,,,,0,,,,digi1.DB:BOOK_OTHER_TITLES | digi1.DB:PUBL_BOOK,MASTER_TITLE_MISSING_RELATIONS_RECOVERED
2104,,Missing from available BOOK master records,,,,,,,,,,,,,Palgrave,168,,,,,0,,,,,0,,,,digi1.DB:BOOK_OTHER_TITLES | digi1.DB:PUBL_BOOK,MASTER_TITLE_MISSING_RELATIONS_RECOVERED
2105,,Missing from available BOOK master records,,,,,,,,,,,,,دار الفجر للنشر والتوزيع,54,,,,,0,,,,,0,,,,digi1.DB:BOOK_OTHER_TITLES | digi1.DB:PUBL_BOOK,MASTER_TITLE_MISSING_RELATIONS_RECOVERED
2106,,Missing from available BOOK master records,,,,,,,,,,,,,"Wiley publishing,inc",18,,,,,0,,,,,0,,,,digi1.DB:BOOK_OTHER_TITLES | digi1.DB:PUBL_BOOK,MASTER_TITLE_MISSING_RELATIONS_RECOVERED
2107,,Missing from available BOOK master records,,,,,,,,,,,,,دار الفجر للنشر والتوزيع,54,,,,,0,,,,,0,,,,digi1.DB:BOOK_OTHER_TITLES | digi1.DB:PUBL_BOOK,MASTER_TITLE_MISSING_RELATIONS_RECOVERED
2108,,Missing from available BOOK master records,,,,,,,,,,,,,Palgrave,168,,,,,0,,,,,0,,,,digi1.DB:BOOK_OTHER_TITLES | digi1.DB:PUBL_BOOK,MASTER_TITLE_MISSING_RELATIONS_RECOVERED
2109,,Missing from available BOOK master records,,,,,,,,,,,,,ايتراك للطباعة والنشر والتوزيع,166,,,,,0,,,,,0,,,,digi1.DB:BOOK_OTHER_TITLES | digi1.DB:PUBL_BOOK,MASTER_TITLE_MISSING_RELATIONS_RECOVERED
2110,,Missing from available BOOK master records,,,,,,,,,,,,,El Sevier,171,,,,,0,,,,,0,,,,digi1.DB:BOOK_OTHER_TITLES | digi1.DB:PUBL_BOOK,MASTER_TITLE_MISSING_RELATIONS_RECOVERED
2111,,Missing from available BOOK master records,,,,,,,,,,,,,El Sevier,171,,,,,0,,,,,0,,,,digi1.DB:BOOK_OTHER_TITLES | digi1.DB:PUBL_BOOK,MASTER_TITLE_MISSING_RELATIONS_RECOVERED
2112,,Missing from available BOOK master records,,,,,,,,,,,,,Oxford university press,41,,,,,0,,,,,0,,,,digi1.DB:PUBL_BOOK,MASTER_TITLE_MISSING_RELATIONS_RECOVERED
2113,,Missing from available BOOK master records,,,,,,,,,,,,,Oxford university press,41,,,,,0,,,,,0,,,,digi1.DB:PUBL_BOOK,MASTER_TITLE_MISSING_RELATIONS_RECOVERED
2114,,Missing from available BOOK master records,,,,,,,,,,,,,Pearson education international,37,,,,,0,,,,,0,,,,digi1.DB:PUBL_BOOK,MASTER_TITLE_MISSING_RELATIONS_RECOVERED
2115,,Missing from available BOOK master records,,,,,,,,,,,,,Pearson education international,37,,,,,0,,,,,0,,,,digi1.DB:PUBL_BOOK,MASTER_TITLE_MISSING_RELATIONS_RECOVERED
2116,,Missing from available BOOK master records,,,,,,,,,,,,,Pearson education international,37,,,,,0,,,,,0,,,,digi1.DB:PUBL_BOOK,MASTER_TITLE_MISSING_RELATIONS_RECOVERED
2117,,Missing from available BOOK master records,,,,,,,,,,,,,McGraw-Hill,59,,,,,0,,,,,0,,,,digi1.DB:PUBL_BOOK,MASTER_TITLE_MISSING_RELATIONS_RECOVERED
2118,,Missing from available BOOK master records,,,,,,,,,,,,,Pearson education international,37,,,,,0,,,,,0,,,,digi1.DB:PUBL_BOOK,MASTER_TITLE_MISSING_RELATIONS_RECOVERED
2119,,Missing from available BOOK master records,,,,,,,,,,,,,Pearson education international,37,,,,,0,,,,,0,,,,digi1.DB:PUBL_BOOK,MASTER_TITLE_MISSING_RELATIONS_RECOVERED
2120,,Missing from available BOOK master records,,,,,,,,,,,,,McGraw-Hill,59,,,,,0,,,,,0,,,,digi1.DB:PUBL_BOOK,MASTER_TITLE_MISSING_RELATIONS_RECOVERED
2121,,Missing from available BOOK master records,,,,,,,,,,,,,Pearson education international,37,,,,,0,,,,,0,,,,digi1.DB:PUBL_BOOK,MASTER_TITLE_MISSING_RELATIONS_RECOVERED
2122,,Missing from available BOOK master records,,,,,,,,,,,,,McGraw-Hill,59,,,,,0,,,,,0,,,,digi1.DB:PUBL_BOOK,MASTER_TITLE_MISSING_RELATIONS_RECOVERED
2123,,Missing from available BOOK master records,,,,,,,,,,,,,McGraw-Hill,59,,,,,0,,,,,0,,,,digi1.DB:PUBL_BOOK,MASTER_TITLE_MISSING_RELATIONS_RECOVERED
2124,,Missing from available BOOK master records,,,,,,,,,,,,,مركز الكتاب للنشر,38,,,,,0,,,,,0,,,,digi1.DB:PUBL_BOOK,MASTER_TITLE_MISSING_RELATIONS_RECOVERED
2125,,Missing from available BOOK master records,,,,,,,,,,,,,Pearson education international,37,,,,,0,,,,,0,,,,digi1.DB:PUBL_BOOK,MASTER_TITLE_MISSING_RELATIONS_RECOVERED
2126,,Missing from available BOOK master records,,,,,,,,,,,,,دار الفاروق للنشر والتوزيع,63,,,,,0,,,,,0,,,,digi1.DB:PUBL_BOOK,MASTER_TITLE_MISSING_RELATIONS_RECOVERED
2127,,Missing from available BOOK master records,,,,,,,,,,,,,McGraw-Hill,59,,,,,0,,,,,0,,,,digi1.DB:PUBL_BOOK,MASTER_TITLE_MISSING_RELATIONS_RECOVERED
2128,,Missing from available BOOK master records,,,,,,,,,,,,,الدار الجامعية,1,,,,,0,,,,,0,,,,digi1.DB:PUBL_BOOK,MASTER_TITLE_MISSING_RELATIONS_RECOVERED
2129,,Missing from available BOOK master records,,,,,,,,,,,,,ايتراك للطباعة والنشر والتوزيع,166,,,,,0,,,,,0,,,,digi1.DB:PUBL_BOOK,MASTER_TITLE_MISSING_RELATIONS_RECOVERED
2131,,Missing from available BOOK master records,,,,,,,,,,,,,المؤلف,8,,,,,0,,,,,0,,,,digi1.DB:PUBL_BOOK,MASTER_TITLE_MISSING_RELATIONS_RECOVERED
2132,,Missing from available BOOK master records,,,,,,,,,,,,,Sage,84,,,,,0,,,,,0,,,,digi1.DB:PUBL_BOOK,MASTER_TITLE_MISSING_RELATIONS_RECOVERED
2133,,Missing from available BOOK master records,,,,,,,,,,,,,دار الكتاب الحديث,138,,,,,0,,,,,0,,,,digi1.DB:PUBL_BOOK,MASTER_TITLE_MISSING_RELATIONS_RECOVERED
2134,,Missing from available BOOK master records,,,,,,,,,,,,,McGraw-Hill,59,,,,,0,,,,,0,,,,digi1.DB:PUBL_BOOK,MASTER_TITLE_MISSING_RELATIONS_RECOVERED
2135,,Missing from available BOOK master records,,,,,,,,,,,,,المؤلف,8,,,,,0,,,,,0,,,,digi1.DB:PUBL_BOOK,MASTER_TITLE_MISSING_RELATIONS_RECOVERED
2136,,Missing from available BOOK master records,,,,,,,,,,,,,McGraw-Hill,59,,,,,0,,,,,0,,,,digi1.DB:PUBL_BOOK,MASTER_TITLE_MISSING_RELATIONS_RECOVERED
2137,,Missing from available BOOK master records,,,,,,,,,,,,,العربى للنشر والتوزيع,80,,,,,0,,,,,0,,,,digi1.DB:PUBL_BOOK,MASTER_TITLE_MISSING_RELATIONS_RECOVERED
2138,,Missing from available BOOK master records,,,,,,,,,,,,,مكتبة الوفاء القانونية,149,,,,,0,,,,,0,,,,digi1.DB:PUBL_BOOK,MASTER_TITLE_MISSING_RELATIONS_RECOVERED
2139,,Missing from available BOOK master records,,,,,,,,,,,,,مجموعة النيل العربية,40,,,,,0,,,,,0,,,,digi1.DB:PUBL_BOOK,MASTER_TITLE_MISSING_RELATIONS_RECOVERED
2140,,Missing from available BOOK master records,,,,,,,,,,,,,الدار الأكاديمية للعلوم,75,,,,,0,,,,,0,,,,digi1.DB:PUBL_BOOK,MASTER_TITLE_MISSING_RELATIONS_RECOVERED
2141,,Missing from available BOOK master records,,,,,,,,,,,,,المجموعة العربية للتدريب والنشر,27,,,,,0,,,,,0,,,,digi1.DB:PUBL_BOOK,MASTER_TITLE_MISSING_RELATIONS_RECOVERED
2142,,Missing from available BOOK master records,,,,,,,,,,,,,Pearson education international,37,,,,,0,,,,,0,,,,digi1.DB:PUBL_BOOK,MASTER_TITLE_MISSING_RELATIONS_RECOVERED
2143,,Missing from available BOOK master records,,,,,,,,,,,,,الدار الجامعية,1,,,,,0,,,,,0,,,,digi1.DB:PUBL_BOOK,MASTER_TITLE_MISSING_RELATIONS_RECOVERED
2144,,Missing from available BOOK master records,,,,,,,,,,,,,مكتبة الوفاء القانونية,149,,,,,0,,,,,0,,,,digi1.DB:PUBL_BOOK,MASTER_TITLE_MISSING_RELATIONS_RECOVERED
2145,,Missing from available BOOK master records,,,,,,,,,,,,,Pearson education international,37,,,,,0,,,,,0,,,,digi1.DB:PUBL_BOOK,MASTER_TITLE_MISSING_RELATIONS_RECOVERED
2147,,Missing from available BOOK master records,,,,,,,,,,,,,المؤلف,8,,,,,0,,,,,0,,,,digi1.DB:PUBL_BOOK,MASTER_TITLE_MISSING_RELATIONS_RECOVERED
2148,,Missing from available BOOK master records,,,,,,,,,,,,,مجموعة النيل العربية,40,,,,,0,,,,,0,,,,digi1.DB:PUBL_BOOK,MASTER_TITLE_MISSING_RELATIONS_RECOVERED
2155,,Missing from available BOOK master records,,,,,,,,,,,,,,,,,,,0,,,,,0,,,,digi1.DB:BOOK_OTHER_TITLES,MASTER_TITLE_MISSING_RELATIONS_RECOVERED
2166,,Missing from available BOOK master records,,,,,,,,,,,,,,,,,,,0,,,,,0,,,,digi1.DB:BOOK_OTHER_TITLES,MASTER_TITLE_MISSING_RELATIONS_RECOVERED
2190,,Missing from available BOOK master records,,,,,,,,,,,,,,,,,,,0,,,,,0,,,,digi1.DB:BOOK_OTHER_TITLES,MASTER_TITLE_MISSING_RELATIONS_RECOVERED
2198,,Missing from available BOOK master records,,,,,,,,,,,,,,,,,,,1,2198/5/1,A,,19768,0,,,,digi1.DB:COPIES_VOLUMES,MASTER_TITLE_MISSING_RELATIONS_RECOVERED
2219,,Missing from available BOOK master records,,,,,,,,,,,,,,,,,,,0,,,,,0,,,,digi1.DB:BOOK_OTHER_TITLES,MASTER_TITLE_MISSING_RELATIONS_RECOVERED
2220,,Missing from available BOOK master records,,,,,,,,,,,,,,,,,,,0,,,,,0,,,,digi1.DB:BOOK_OTHER_TITLES,MASTER_TITLE_MISSING_RELATIONS_RECOVERED
2232,,Missing from available BOOK master records,,,,,,,,,,,,,,,,,,,0,,,,,0,,,,digi1.DB:BOOK_OTHER_TITLES,MASTER_TITLE_MISSING_RELATIONS_RECOVERED
2237,,Missing from available BOOK master records,,,,,,,,,,,,,,,,,,,0,,,,,0,,,,digi1.DB:BOOK_OTHER_TITLES,MASTER_TITLE_MISSING_RELATIONS_RECOVERED
2240,,Missing from available BOOK master records,,,,,,,,,,,,,,,,,,,0,,,,,0,,,,digi1.DB:BOOK_OTHER_TITLES,MASTER_TITLE_MISSING_RELATIONS_RECOVERED
2244,,Missing from available BOOK master records,,,,,,,,,,,,,,,,,,,0,,,,,0,,0,,digi1.DB:BOOK_OTHER_TITLES | digi1.DB:SERIAL_BOOK,MASTER_TITLE_MISSING_RELATIONS_RECOVERED
2259,,Missing from available BOOK master records,,,,,,,,,,,,,,,,,,,0,,,,,0,,,,digi1.DB:BOOK_OTHER_TITLES,MASTER_TITLE_MISSING_RELATIONS_RECOVERED
2266,,Missing from available BOOK master records,,,,,,,,,,,,,,,,,,,0,,,,,0,,,,digi1.DB:BOOK_OTHER_TITLES,MASTER_TITLE_MISSING_RELATIONS_RECOVERED
2271,,Missing from available BOOK master records,,,,,,,,,,,,,,,,,,,0,,,,,0,,,,digi1.DB:BOOK_OTHER_TITLES,MASTER_TITLE_MISSING_RELATIONS_RECOVERED
2277,,Missing from available BOOK master records,,,,,,,,,,,,,,,,,,,0,,,,,0,,,,digi1.DB:BOOK_OTHER_TITLES,MASTER_TITLE_MISSING_RELATIONS_RECOVERED
2288,,Missing from available BOOK master records,,,,,,,,,,,,,,,,,,,0,,,,,0,,,,digi1.DB:BOOK_OTHER_TITLES,MASTER_TITLE_MISSING_RELATIONS_RECOVERED
2298,,Missing from available BOOK master records,,,,,,,,,,,,,,,,,,,1,2298/2/1,A,,19689,0,,,,digi1.DB:BOOK_OTHER_TITLES | digi1.DB:COPIES_VOLUMES,MASTER_TITLE_MISSING_RELATIONS_RECOVERED
2299,,Missing from available BOOK master records,,,,,,,,,,,,,,,,,,,1,2299/1/1,A,"658,151",19763,0,,,,digi1.DB:COPIES_VOLUMES,MASTER_TITLE_MISSING_RELATIONS_RECOVERED
2307,,Missing from available BOOK master records,,,,,,,,,,,,,,,,,,,0,,,,,0,,,,digi1.DB:BOOK_OTHER_TITLES,MASTER_TITLE_MISSING_RELATIONS_RECOVERED
2319,,Missing from available BOOK master records,,,,,,,,,,,,,,,,,,,0,,,,,0,,,,digi1.DB:BOOK_OTHER_TITLES,MASTER_TITLE_MISSING_RELATIONS_RECOVERED
2327,,Missing from available BOOK master records,,,,,,,,,,,,,,,,,,,0,,,,,0,,,,digi1.DB:BOOK_OTHER_TITLES,MASTER_TITLE_MISSING_RELATIONS_RECOVERED
2334,,Missing from available BOOK master records,,,,,,,,,,,,,,,,,,,0,,,,,0,,,,digi1.DB:BOOK_OTHER_TITLES,MASTER_TITLE_MISSING_RELATIONS_RECOVERED
2345,,Missing from available BOOK master records,,,,,,,,,,,,,,,,,,,0,,,,,0,,,,digi1.DB:BOOK_OTHER_TITLES,MASTER_TITLE_MISSING_RELATIONS_RECOVERED
2351,,Missing from available BOOK master records,,,,,,,,,,,,,,,,,,,0,,,,,0,,,,digi1.DB:BOOK_OTHER_TITLES,MASTER_TITLE_MISSING_RELATIONS_RECOVERED
2357,,Missing from available BOOK master records,,,,,,,,,,,,,,,,,,,0,,,,,0,,,,digi1.DB:BOOK_OTHER_TITLES,MASTER_TITLE_MISSING_RELATIONS_RECOVERED
2361,,Missing from available BOOK master records,,,,,,,,,,,,,,,,,,,0,,,,,0,,,,digi1.DB:BOOK_OTHER_TITLES,MASTER_TITLE_MISSING_RELATIONS_RECOVERED
2364,,Missing from available BOOK master records,,,,,,,,,,,,,,,,,,,0,,,,,0,,,,digi1.DB:BOOK_OTHER_TITLES,MASTER_TITLE_MISSING_RELATIONS_RECOVERED
2367,,Missing from available BOOK master records,,,,,,,,,,,,,,,,,,,0,,,,,0,,,,digi1.DB:BOOK_OTHER_TITLES,MASTER_TITLE_MISSING_RELATIONS_RECOVERED
2382,,Missing from available BOOK master records,,,,,,,,,,,,,,,,,,,0,,,,,0,,,,digi1.DB:BOOK_OTHER_TITLES,MASTER_TITLE_MISSING_RELATIONS_RECOVERED
2399,,Missing from available BOOK master records,,,,,,,,,,,,,,,,,,,0,,,,,0,,,,digi1.DB:BOOK_OTHER_TITLES,MASTER_TITLE_MISSING_RELATIONS_RECOVERED
2499,,Missing from available BOOK master records,,,,,,,,,,,,,دار صفاء للنشر والتوزيع,201,,,,,0,,,,,0,,,,digi1.DB:PUBL_BOOK,MASTER_TITLE_MISSING_RELATIONS_RECOVERED
2509,,Missing from available BOOK master records,,,,,,,,,,M. Hashem Pesaran,2001,,,,,,,,0,,,,,0,,,,digi1.DB:EDITOR_BOOK,MASTER_TITLE_MISSING_RELATIONS_RECOVERED
2520,,Missing from available BOOK master records,,,,,,,,,,,,,,,,Insurance,682,,0,,,,,0,,,,digi1.DB:BOOK_SUBJECT,MASTER_TITLE_MISSING_RELATIONS_RECOVERED
2642,,Missing from available BOOK master records,,,,,,,,,,,,,,,,Strategy,835,,0,,,,,0,,,,digi1.DB:BOOK_SUBJECT,MASTER_TITLE_MISSING_RELATIONS_RECOVERED
2651,,Missing from available BOOK master records,,,,,,,,,,,,,,,,Development,1837,,0,,,,,0,,,,digi1.DB:BOOK_SUBJECT,MASTER_TITLE_MISSING_RELATIONS_RECOVERED
2652,,Missing from available BOOK master records,,,,,,,,,,,,,,,,Industrial Engineering,2314,,0,,,,,0,,,,digi1.DB:BOOK_SUBJECT,MASTER_TITLE_MISSING_RELATIONS_RECOVERED
2677,,Missing from available BOOK master records,,,,,,,,,,,,,,,,employee relations,293,,0,,,,,0,,,,digi1.DB:BOOK_SUBJECT,MASTER_TITLE_MISSING_RELATIONS_RECOVERED
2678,,Missing from available BOOK master records,,,,,,,,,,,,,,,,Organizational Change,1901,,0,,,,,0,,,,digi1.DB:BOOK_SUBJECT,MASTER_TITLE_MISSING_RELATIONS_RECOVERED
2679,,Missing from available BOOK master records,,,,,,,,,,,,,,,,Staff,2083,,0,,,,,0,,,,digi1.DB:BOOK_SUBJECT,MASTER_TITLE_MISSING_RELATIONS_RECOVERED
2680,,Missing from available BOOK master records,,,,,,,,,,,,,,,,Organizational behavior | organizational culture,308 | 1818,,0,,,,,0,,,,digi1.DB:BOOK_SUBJECT,MASTER_TITLE_MISSING_RELATIONS_RECOVERED
2681,,Missing from available BOOK master records,,,,,,,,,,,,,,,,leadership,312,,0,,,,,0,,,,digi1.DB:BOOK_SUBJECT,MASTER_TITLE_MISSING_RELATIONS_RECOVERED
2682,,Missing from available BOOK master records,,,,,,,,,,,,,,,,Interpersonal relations,734,,0,,,,,0,,,,digi1.DB:BOOK_SUBJECT,MASTER_TITLE_MISSING_RELATIONS_RECOVERED
2683,,Missing from available BOOK master records,,,,,,,,,,,,,,,,Training | motivation,295 | 211,,0,,,,,0,,,,digi1.DB:BOOK_SUBJECT,MASTER_TITLE_MISSING_RELATIONS_RECOVERED
2684,,Missing from available BOOK master records,,,,,,,,,,,,,,,,Critical Thinking,1987,,0,,,,,0,,,,digi1.DB:BOOK_SUBJECT,MASTER_TITLE_MISSING_RELATIONS_RECOVERED
2689,,Missing from available BOOK master records,,,,,,,,,,,,,,,,Training,295,,0,,,,,0,,,,digi1.DB:BOOK_SUBJECT,MASTER_TITLE_MISSING_RELATIONS_RECOVERED
2690,,Missing from available BOOK master records,,,,,,,,,,,,,,,,Quality Control,1865,,0,,,,,0,,,,digi1.DB:BOOK_SUBJECT,MASTER_TITLE_MISSING_RELATIONS_RECOVERED
2695,,Missing from available BOOK master records,,,,,,,,,,,,,,,,Total Quality Management,662,,0,,,,,0,,,,digi1.DB:BOOK_SUBJECT,MASTER_TITLE_MISSING_RELATIONS_RECOVERED
2696,,Missing from available BOOK master records,,,,,,,,,,,,,,,,leadership,312,,0,,,,,0,,,,digi1.DB:BOOK_SUBJECT,MASTER_TITLE_MISSING_RELATIONS_RECOVERED
2697,,Missing from available BOOK master records,,,,,,,,,,,,,,,,Personnel Management | Organization ( managment),1979 | 1797,,0,,,,,0,,,,digi1.DB:BOOK_SUBJECT,MASTER_TITLE_MISSING_RELATIONS_RECOVERED
2745,,Missing from available BOOK master records,,,,,,,,,,,,,,,,Finance,85,,0,,,,,0,,,,digi1.DB:BOOK_SUBJECT,MASTER_TITLE_MISSING_RELATIONS_RECOVERED
2747,,Missing from available BOOK master records,,,,,,,,,,,,,,,,Organizational effectiveness,2079,,0,,,,,0,,,,digi1.DB:BOOK_SUBJECT,MASTER_TITLE_MISSING_RELATIONS_RECOVERED
2748,,Missing from available BOOK master records,,,,,,,,,,,,,,,,Organizational Change,1901,,0,,,,,0,,,,digi1.DB:BOOK_SUBJECT,MASTER_TITLE_MISSING_RELATIONS_RECOVERED
2749,,Missing from available BOOK master records,,,,,,,,,,,,,,,,Management | Envionment of managment,98 | 2076,,0,,,,,0,,,,digi1.DB:BOOK_SUBJECT,MASTER_TITLE_MISSING_RELATIONS_RECOVERED
2758,,Missing from available BOOK master records,,,,,,,,,,,,,,,,marketing planning,969,,0,,,,,0,,,,digi1.DB:BOOK_SUBJECT,MASTER_TITLE_MISSING_RELATIONS_RECOVERED
2759,,Missing from available BOOK master records,,,,,,,,,,,,,McGraw -Hill Irwin,42,,,,,0,,,,,0,,,,digi1.DB:PUBL_BOOK,MASTER_TITLE_MISSING_RELATIONS_RECOVERED
2785,,Missing from available BOOK master records,,,,,,,,,,,,,,,,Probabilities,1813,,0,,,,,0,,,,digi1.DB:BOOK_SUBJECT,MASTER_TITLE_MISSING_RELATIONS_RECOVERED
2799,,Missing from available BOOK master records,,,,,,,,,,,,,,,,Research methods,296,,0,,,,,0,,,,digi1.DB:BOOK_SUBJECT,MASTER_TITLE_MISSING_RELATIONS_RECOVERED
2800,,Missing from available BOOK master records,,,,,,,,,,,,,,,,Business | Marketing,82 | 84,,0,,,,,0,,,,digi1.DB:BOOK_SUBJECT,MASTER_TITLE_MISSING_RELATIONS_RECOVERED
2801,,Missing from available BOOK master records,,,,,,,,,,,,,,,,Hotel management | Human relations,975 | 1844,,0,,,,,0,,,,digi1.DB:BOOK_SUBJECT,MASTER_TITLE_MISSING_RELATIONS_RECOVERED
2802,,Missing from available BOOK master records,,,,,,,,,,,,,,,,Human Resources,83,,0,,,,,0,,,,digi1.DB:BOOK_SUBJECT,MASTER_TITLE_MISSING_RELATIONS_RECOVERED
2809,,Missing from available BOOK master records,,,,,,,,,,,,,,,,International economics | Development,974 | 1837,,0,,,,,0,,,,digi1.DB:BOOK_SUBJECT,MASTER_TITLE_MISSING_RELATIONS_RECOVERED
2810,,Missing from available BOOK master records,,,,,,,,,,,,,,,,Taxation,2147,,0,,,,,0,,,,digi1.DB:BOOK_SUBJECT,MASTER_TITLE_MISSING_RELATIONS_RECOVERED
2811,,Missing from available BOOK master records,,,,,,,,,,,,,,,,Finance | Public adminstration | Taxation,85 | 378 | 2147,,0,,,,,0,,,,digi1.DB:BOOK_SUBJECT,MASTER_TITLE_MISSING_RELATIONS_RECOVERED
2815,,Missing from available BOOK master records,,,,,,,,,,,,,,,,Business law | Investments | Taxation,1793 | 690 | 2147,,0,,,,,0,,,,digi1.DB:BOOK_SUBJECT,MASTER_TITLE_MISSING_RELATIONS_RECOVERED
2817,,Missing from available BOOK master records,,,,,,,,,,,,,,,,Demand and Supply | Consumer behavior,2347 | 478,,0,,,,,0,,,,digi1.DB:BOOK_SUBJECT,MASTER_TITLE_MISSING_RELATIONS_RECOVERED
2823,,Missing from available BOOK master records,,,,,,,,,,,,,,,,Consumers,1871,,0,,,,,0,,,,digi1.DB:BOOK_SUBJECT,MASTER_TITLE_MISSING_RELATIONS_RECOVERED
2825,,Missing from available BOOK master records,,,,,,,,,,,,,,,,Growth,1791,,0,,,,,0,,,,digi1.DB:BOOK_SUBJECT,MASTER_TITLE_MISSING_RELATIONS_RECOVERED
2826,,Missing from available BOOK master records,,,,,,,,,,,,,,,,Economics,393,,0,,,,,0,,,,digi1.DB:BOOK_SUBJECT,MASTER_TITLE_MISSING_RELATIONS_RECOVERED
2830,,Missing from available BOOK master records,,,,,,,,,,,,,,,,Algebra,2335,,0,,,,,0,,,,digi1.DB:BOOK_SUBJECT,MASTER_TITLE_MISSING_RELATIONS_RECOVERED
2832,,Missing from available BOOK master records,,,,,,,,,,,,,,,,Economics | Production | Game Theory,393 | 464 | 1890,,0,,,,,0,,,,digi1.DB:BOOK_SUBJECT,MASTER_TITLE_MISSING_RELATIONS_RECOVERED
2833,,Missing from available BOOK master records,,,,,,,,,,,,,,,,Ecological Economics | Enveronment | Economic Growth,2352 | 1845 | 452,,0,,,,,0,,,,digi1.DB:BOOK_SUBJECT,MASTER_TITLE_MISSING_RELATIONS_RECOVERED
2834,,Missing from available BOOK master records,,,,,,,,,,,,,,,,Panel Analysis,2353,,0,,,,,0,,,,digi1.DB:BOOK_SUBJECT,MASTER_TITLE_MISSING_RELATIONS_RECOVERED
2835,,Missing from available BOOK master records,,,,,,,,,,,,,,,,Corporate Governance | Corporations,2354 | 2159,,0,,,,,0,,,,digi1.DB:BOOK_SUBJECT,MASTER_TITLE_MISSING_RELATIONS_RECOVERED
2837,,Missing from available BOOK master records,,,,,,,,,,,,,,,,Economics Development,2160,,0,,,,,0,,,,digi1.DB:BOOK_SUBJECT,MASTER_TITLE_MISSING_RELATIONS_RECOVERED
2838,,Missing from available BOOK master records,,,,,,,,,,,,,,,,Economics | Enveronment,393 | 1845,,0,,,,,0,,,,digi1.DB:BOOK_SUBJECT,MASTER_TITLE_MISSING_RELATIONS_RECOVERED
2839,,Missing from available BOOK master records,,,,,,,,,,,,,,,,International economics | Economics,974 | 393,,0,,,,,0,,,,digi1.DB:BOOK_SUBJECT,MASTER_TITLE_MISSING_RELATIONS_RECOVERED
2853,,Missing from available BOOK master records,,,,,,,,,,,,,,,,Macroeconomics,398,,0,,,,,0,,,,digi1.DB:BOOK_SUBJECT,MASTER_TITLE_MISSING_RELATIONS_RECOVERED
2855,,Missing from available BOOK master records,,,,,,,,,,,,,,,,Employee motivation,1896,,0,,,,,0,,,,digi1.DB:BOOK_SUBJECT,MASTER_TITLE_MISSING_RELATIONS_RECOVERED
2886,,Missing from available BOOK master records,,,,,,,,,,,,,,,,Econometrics,104,,0,,,,,0,,,,digi1.DB:BOOK_SUBJECT,MASTER_TITLE_MISSING_RELATIONS_RECOVERED
2909,,Missing from available BOOK master records,,,,,,,,,,,,,,,,Finance,85,,0,,,,,0,,,,digi1.DB:BOOK_SUBJECT,MASTER_TITLE_MISSING_RELATIONS_RECOVERED
2910,,Missing from available BOOK master records,,,,,,,,,,,,,,,,Marketing management,626,,0,,,,,0,,,,digi1.DB:BOOK_SUBJECT,MASTER_TITLE_MISSING_RELATIONS_RECOVERED
2958,,Missing from available BOOK master records,,,,,,,,,,امين السيد احمد لطفى,181,,,,,,,,0,,,,,0,,,,digi1.DB:EDITOR_BOOK,MASTER_TITLE_MISSING_RELATIONS_RECOVERED
